id,title,section,category,specs_section,physical_numeric_table,sources
suspected-object,Подозрительный боеприпас или неизвестный предмет,AMMUNITION,engineering,no,no,"UNMAS — Explosive Ordnance Risk Education; Редакционная методика каталога «ДЛЯ СВОИХ», версия 6; Предоставленный архив RU_SEARCH_174, файл 001; Подозрительный боеприпас или неизвестный предмет; IFRC Global Security Unit: Mines & Explosive Remnants of War, помощь пострадавшему на подозрительном участке"
ammo-reference-scope,Как читать раздел о боеприпасах,AMMUNITION,reference,no,no,"Редакционная политика каталога «ДЛЯ СВОИХ» v0.3.0; Редакционная методика каталога «ДЛЯ СВОИХ», версия 6; GICHD: собственная страница Explosive Ordnance Guide for Ukraine, Third Edition, границы сведений"
atgm-history,Как читать раздел ПТРК,ATGM,atgm-reference,no,no,"Редакционная политика каталога «ДЛЯ СВОИХ» v0.3.0; Редакционная методика каталога «ДЛЯ СВОИХ», версия 6; Проект «ДЛЯ СВОИХ» — оригинальные тематические иллюстрации v0.3.19; MBDA: собственный листок IMPACT TURRET, редакция 2018-11 v01; раздельные массы MMP и башенного модуля"
svo-sources,Достоверность открытых материалов,SVO,sources,no,no,"УВКПЧ ООН — Berkeley Protocol on Digital Open Source Investigations; МККК — The Humanitarian Metadata Problem; Claire Wardle: Verification Handbook, глава 3 — проверка пользовательских материалов; Проект «ДЛЯ СВОИХ» — оригинальные тематические иллюстрации v0.3.19; UC Berkeley / УВКПЧ ООН: собственная страница Berkeley Protocol и выходные данные связанного издания"
first-aid-bleeding,Сильное кровотечение,MEDICINE,first-aid,no,no,"St John Ambulance — Severe bleeding; St John Ambulance — severe-bleeding; Проект «ДЛЯ СВОИХ» — оригинальные тематические иллюстрации v0.3.19; St John Ambulance: severe-bleeding, собственная памятка, выбранные разделы; Resuscitation Council UK: First Aid Guidelines 2025, Control of life-threatening bleeding"
first-aid-burn,Термический ожог,MEDICINE,first-aid,no,no,"Всемирная организация здравоохранения — Burns; St John Ambulance — Burns and scalds; St John Ambulance — burns-and-scalds; St John Ambulance — Severe burn; American Red Cross — Burns: How To Help; Проект «ДЛЯ СВОИХ» — оригинальные тематические иллюстрации v0.3.19; St John Ambulance: burns-and-scalds, собственная памятка, выбранные разделы"
first-aid-unconscious,"Без сознания, но дышит нормально",MEDICINE,first-aid,no,no,"Resuscitation Council UK — First Aid Guidelines 2025; St John Ambulance — Recovery position; St John Ambulance — recovery-position; Resuscitation Council UK — First Aid Guidelines 2025; Проект «ДЛЯ СВОИХ» — оригинальные тематические иллюстрации v0.3.19; St John Ambulance: recovery-position, собственная памятка, выбранные разделы; Resuscitation Council UK: First Aid Guidelines 2025, Recovery position"
eng-tm-62m,ТМ-62М,AMMUNITION,mines-antitank,yes,yes,"GICHD — Explosive Ordnance Guide for Ukraine, First Edition (2022); U.S. Army ODIN — TM-62M Russian Anti-Vehicle Mine; ESAG / CPADD — TM 62 M, описательная карточка, январь 2004; Предоставленный PDF «Иностранные мины 2» — PDF-стр. 139; GICHD — Explosive Ordnance Guide for Ukraine, 2022, страницы 20, 24, 27; GICHD — Explosive Ordnance Guide for Ukraine, Third Edition (2025), стр. 20: наполнение"
eng-pmn,ПМН,AMMUNITION,mines-antipersonnel,yes,yes,"GICHD — Explosive Ordnance Guide for Ukraine, First Edition (2022); UNMAS — Landmines, Explosive Remnants of War and IED Safety Handbook; ESAG / CPADD — PMN, описательная карточка, декабрь 2003; GICHD — Explosive Ordnance Guide for Ukraine (2022) — PDF-стр. 17; HALO Trust — Land Mines Identification Guide, Itamar Levy, August 2005, стр. 4, PMN"
eng-pmn-2,ПМН-2,AMMUNITION,mines-antipersonnel,yes,yes,"GICHD — Explosive Ordnance Guide for Ukraine, First Edition (2022); UNMAS — Explosive Ordnance Risk Education; ESAG / CPADD — PMN 2, описательная карточка, декабрь 2003; GICHD — Explosive Ordnance Guide for Ukraine (2022) — PDF-стр. 18; HALO Trust — Land Mines Identification Guide, Itamar Levy, August 2005, стр. 6, PMN2"
eng-mon-50,МОН-50,AMMUNITION,mines-antipersonnel,yes,yes,"GICHD — Explosive Ordnance Guide for Ukraine, First Edition (2022); Landmine Monitor 2024; ESAG / CPADD — MON 50, описательная карточка, январь 2007; GICHD — Explosive Ordnance Guide for Ukraine (2022) — PDF-стр. 10; HALO Trust — Land Mines Identification Guide, Itamar Levy, August 2005, стр. 48, MON 50"
eng-ozm-72,ОЗМ-72,AMMUNITION,mines-antipersonnel,yes,yes,"GICHD — Explosive Ordnance Guide for Ukraine, First Edition (2022); Landmine Monitor 2024; ESAG / CPADD — OZM 72, описательная карточка, декабрь 2003; GICHD — Explosive Ordnance Guide for Ukraine (2022) — PDF-стр. 14; HALO Trust — Land Mines Identification Guide, Itamar Levy, August 2005, стр. 39, OZM-72"
eng-pfm-1,ПФМ-1 «Лепесток»,AMMUNITION,mines-antipersonnel,yes,yes,"GICHD — Explosive Ordnance Guide for Ukraine, First Edition (2022); GICHD — Explosive Ordnance Guide for Ukraine, Third Edition; UNMAS — Ukraine; ESAG / CPADD — PFM 1, описательная карточка, сентябрь 2005; GICHD — Explosive Ordnance Guide for Ukraine (2022) — PDF-стр. 15; GICHD — Explosive Ordnance Guide for Ukraine, Third Edition (2025), стр. 34: наполнение"
eng-pom-2-family,ПОМ-2 (семейство),AMMUNITION,mines-antipersonnel,yes,yes,"GICHD — Explosive Ordnance Guide for Ukraine, First Edition (2022); UNMAS — Explosive Ordnance Risk Education; ESAG / CPADD — POM 2S, описательная карточка, январь 2007; GICHD — Explosive Ordnance Guide for Ukraine, 2022, страницы 20, 24, 27; GICHD — Explosive Ordnance Guide for Ukraine (2022) — PDF-стр. 20; GICHD — Explosive Ordnance Guide for Ukraine, Third Edition (2025), стр. 35: наполнение"
eng-ptm-3,ПТМ-3,AMMUNITION,mines-antibottom,yes,yes,"GICHD — Explosive Ordnance Guide for Ukraine, First Edition (2022); GICHD — Explosive Ordnance Guide for Ukraine, Third Edition; ESAG / CPADD — PTM 3, описательная карточка, январь 2007; GICHD — Explosive Ordnance Guide for Ukraine, 2022, страницы 20, 24, 27; École du Génie d’Angers / CPADD — PTM 3, Fiche descriptive de mine — PDF-стр. 1; Identification — Type / Action; GICHD — Explosive Ordnance Guide for Ukraine (2022) — PDF-стр. 27; GICHD — Explosive Ordnance Guide for Ukraine, Third Edition (2025), стр. 38: наполнение и границы применимости"
eng-m18a1,M18A1 Claymore,AMMUNITION,mines-antipersonnel,yes,yes,"U.S. Army ODIN — M18A1 Claymore American Anti-Personnel Mine; UNMAS — Landmines, Explosive Remnants of War and IED Safety Handbook; Предоставленный PDF «Иностранные мины 2» — PDF-стр. 10; IFRC — Mines & Explosive Remnants of War: при обнаружении; Предоставленный PDF «Иностранные мины 2» — PDF-стр. 10; Landmine Monitor — Türkiye mine ban policy; Армия США — TM 43-0001-36 (1994; Change 2, 1997), с. 3-13, PDF 39: M18A1"
eng-m19,M19,AMMUNITION,mines-antitank,yes,yes,"U.S. Army ODIN — M19 American Anti-Tank Blast Mine; UNMAS — Explosive Ordnance Risk Education; Предоставленный PDF «Иностранные мины на Ближнем и Среднем Востоке и в Северной Африке» (2016) — PDF-стр. 73, 74; US Army — TM 43-0001-36 (September 1994, с поправками 1997), стр. 2-6"
eng-dm-31-at,DM-31 AT,AMMUNITION,mines-antibottom,yes,yes,"Bundeswehr — Tödliche Saat: Bedeutung von Panzerabwehrminen; James Madison University CISR — Munitions Reference Guide; Предоставленный PDF «Иностранные мины 2» — PDF-стр. 122, 123; Предоставленный PDF «Иностранные мины 2» — прямые названия класса в разделе 5 — PDF-стр. 122; DM-31 AT; GICHD — Explosive Ordnance Guide for Ukraine, Third Edition (2025), стр. 27: наполнение"
eng-mi-ac-pr-family,"MI AC PR — F1, H и FR",AMMUNITION,mines-antitank,yes,yes,"ESAG Bibliomines — Mine MI AC PR FR; James Madison University CISR — Munitions Reference Guide; ESAG / CPADD — MI AC PR FR, описательная карточка, январь 2007; Предоставленный PDF «Иностранные мины 2» — PDF-стр. 92; ESAG / CPADD — fiche descriptive de mine MI AC PR FR: описание и границы сведений о наполнении"
eng-type-72p-av,"Type 72 (P), противотранспортная",AMMUNITION,mines-antitank,yes,yes,"U.S. Army ODIN — Type 72 (P) Chinese Anti-Vehicle Mine; James Madison University CISR — Munitions Reference Guide; Предоставленный PDF «Иностранные мины на Ближнем и Среднем Востоке и в Северной Африке» (2016) — PDF-стр. 30, 31, 34; NAVEODTECHDIV — Iraq Ordnance Identification Guide (2004), land, PDF 29: TYPE 72 AT"
eng-mn-111,MN-111,AMMUNITION,mines-antibottom,yes,yes,"Wojskowy Instytut Techniki Inżynieryjnej — Konstrukcje, opracowania, wdrożenia; James Madison University CISR — Munitions Reference Guide; Предоставленный PDF «Иностранные мины 2» — PDF-стр. 110, 111, 112; Предоставленный PDF «Иностранные мины 2» — прямые названия класса в разделе 5 — PDF-стр. 110; MN-111; BELMA — MN-111, заводской двухстраничный лист, PDF 2 (зеркальная копия)"
eng-pp-mi-sr-ii,PP-Mi-Sr II,AMMUNITION,mines-antipersonnel,yes,yes,"Czech Republic — Article 7 transparency report under the Mine Ban Treaty; Landmine Monitor — Czech Republic: Mine Ban Policy; Предоставленный PDF «Иностранные мины 2» — PDF-стр. 50, 51; USAREUR — Pam 30-60-1, Part Three, Volume II (30 July 1975), PDF 77: PP-Mi-Sr"
eng-ffv-028,FFV 028 / Stridsvagnsmina 6,AMMUNITION,mines-antibottom,yes,yes,"U.S. Army ODIN — FFV-028 Swedish Anti-Vehicle Mine; Miliseum / DigitaltMuseum — Swedish mine training poster; Предоставленный PDF «Иностранные мины 2» — PDF-стр. 125, 126; Предоставленный PDF «Иностранные мины 2» — прямые названия класса в разделе 5 — PDF-стр. 125; FFV 028 / Stridsvagnsmina 6; Försvarsmakten — SoldR Mtrl Vapen, Minor (2001), M7742-101231, печатные с. 32; копия первичного руководства"
eng-tm-65-77,TM 65 77 / Telamiina 65 77,AMMUNITION,mines-antitank,yes,yes,"Finnish Defence Forces — Sotilaan käsikirja 2024; Finnish Defence Forces — Equipment; Предоставленный PDF «Иностранные мины 2» — PDF-стр. 99; IFRC — Mines & Explosive Remnants of War: при обнаружении; Предоставленный PDF «Иностранные мины 2» — PDF-стр. 99; Puolustusvoimat — Sotilaan käsikirja 2024, печатная / PDF с. 92"
eng-israel-no-4,Израильская мина No. 4,AMMUNITION,mines-antipersonnel,yes,yes,"ESAG Bibliomines — Mine N°4 Israël; Israel Ministry of Defense — Israel National Mine Action Authority; Landmine Monitor — Israel: Mine Ban Policy; Предоставленный PDF «Иностранные мины на Ближнем и Среднем Востоке и в Северной Африке» (2016) — PDF-стр. 3; European Commission / JRC — Metal Detector Handbook for Humanitarian Demining (2003), Annex C, печатная с. 152 / PDF 154; копия первичного издания"
artillery-krasnopol-family,3ОФ39 «Краснополь» и семейство «Краснополь-М2»,AMMUNITION,artillery,yes,yes,"Ростех поставил в войска партию управляемых снарядов «Краснополь-М2»; «Калашников» завершил поставки «Краснополь-М2»; Walter Williams, TRADOC DCSINT: Threat Update — Krasnopol (публикация армии США, копия FAS); Ростех: поставка партии управляемых снарядов «Краснополь-М2»; GICHD — Explosive Ordnance Guide for Ukraine, третье издание — PDF-стр. 87; GICHD — Explosive Ordnance Guide for Ukraine, Third Edition (2025), стр. 87: наполнение и границы применимости"
artillery-of-462,ОФ-462 — 122-мм осколочно-фугасный снаряд,AMMUNITION,artillery,yes,yes,"STV GROUP: Cartridge 122 mm HE with reduced charge; GICHD Explosive Ordnance Guide for Ukraine (2022), entry OF-462; GICHD — Explosive Ordnance Guide for Ukraine (2022) — PDF-стр. 82; GICHD — Explosive Ordnance Guide for Ukraine, Third Edition (2025), стр. 72: наполнение и границы применимости"
artillery-of-25,ОФ-25 — 152-мм осколочно-фугасный снаряд,AMMUNITION,artillery,yes,yes,"Патент RU2153024C1: описание сравнительного образца 3ОФ25; GICHD Explosive Ordnance Guide for Ukraine (2022), entry OF-25; GICHD — Explosive Ordnance Guide for Ukraine (2022) — PDF-стр. 84; GICHD — Explosive Ordnance Guide for Ukraine, Third Edition (2025), стр. 82: наполнение и границы применимости"
artillery-m795,M795 — 155-мм осколочно-фугасный снаряд,AMMUNITION,artillery,yes,yes,"General Dynamics OTS: 155mm M795 HE Artillery Projectile; General Dynamics OTS: 155mm M795 HE, паспорт 2022.05; GICHD — Explosive Ordnance Guide for Ukraine, третье издание — PDF-стр. 95; DoD ManTech / U.S. Marine Corps — Marine Corps Lance Cpl. Grace Stover; US Army — JPEOAA Portfolio Book 2025, CAS-28, лист PDF 55"
artillery-m982-excalibur,M982 Excalibur — 155-мм управляемый снаряд,AMMUNITION,artillery,yes,yes,"U.S. Army Acquisition Support Center: Wielding Excalibur; RTX Raytheon: Excalibur projectile; Raytheon: Excalibur; Предоставленный архив RU_SEARCH_174, файл 002; M982 Excalibur — 155-мм управляемый снаряд; U.S. Army JPEO A&A — Portfolio Book 2025, PDF 48: справочные физические данные"
artillery-bonus-155,BONUS — 155-мм снаряд с сенсорными суббоеприпасами,AMMUNITION,artillery,yes,yes,"U.S. Army PAE AS&A: BONUS Mk2 155mm Projectile; BAE Systems Bofors: 155mm BONUS munition; BAE Systems Bofors: 155mm BONUS; BAE Systems: 155mm BONUS, технический паспорт; Предоставленный архив RU_SEARCH_174, файл 003; BONUS — 155-мм снаряд с сенсорными суббоеприпасами; KNDS — 155mm-bonus: отдельные характеристики исполнения и наполнение; KNDS — 155mm-ammunition: отдельные таблицы исполнений, 5 октября 2026"
grenade-f1-soviet,Ф-1 — советская ручная осколочная граната,AMMUNITION,grenades,yes,yes,"Кировский областной краеведческий музей: Граната Ф-1 учебная; GICHD Explosive Ordnance Guide for Ukraine (2022), entry F-1; Wikimedia Commons — F1_grenade_DoD.jpg; GICHD — Explosive Ordnance Guide for Ukraine, Third Edition (2025), стр. 50: наполнение и границы применимости"
grenade-rgd-5,РГД-5 — советская ручная осколочная граната,AMMUNITION,grenades,yes,yes,"Atlas Internazionale: Hand Grenade RGD-5; U.S. Army FM 3-23.30, Appendix D — Threat Hand Grenades (копия документа); GICHD Explosive Ordnance Guide for Ukraine (2022), entry RGD-5; GICHD — Explosive Ordnance Guide for Ukraine (2022) — PDF-стр. 59; GICHD — Explosive Ordnance Guide for Ukraine, Third Edition (2025); GICHD — Explosive Ordnance Guide for Ukraine, Third Edition (2025), стр. 51: наполнение и границы применимости"
grenade-rgn,РГН — ручная осколочная граната,AMMUNITION,grenades,yes,yes,"U.S. Army ODIN / World Equipment Guide: RGN Russian Anti-Personnel Grenade; U.S. Army FM 3-23.30, Appendix D — Threat Hand Grenades (копия документа); GICHD Explosive Ordnance Guide for Ukraine, Third Edition; US Navy / Wikimedia Commons — RGN offensive hand grenade; GICHD — Explosive Ordnance Guide for Ukraine, Third Edition (2025), стр. 52: наполнение и границы применимости"
grenade-rgo,РГО — ручная осколочная граната,AMMUNITION,grenades,yes,yes,"U.S. Army FM 3-23.30, Appendix D — Threat Hand Grenades (копия документа); GICHD: Explosive Ordnance Guide for Ukraine, 2022; GICHD Explosive Ordnance Guide for Ukraine, Third Edition; GICHD — Explosive Ordnance Guide for Ukraine (2022) — PDF-стр. 65; GICHD — Explosive Ordnance Guide for Ukraine, Third Edition (2025), стр. 52: наполнение и границы применимости"
grenade-m67,M67 — американская ручная осколочная граната,AMMUNITION,grenades,yes,yes,"U.S. Army PAE AS&A: Lethal Hand Grenades — M67; Nammo: M67 Grenade; Wikimedia Commons — M67b.jpg; Nammo — Ammunition Handbook, Edition 7 (August 2024), стр. 144, M67 Grenade"
grenade-dm51,DM51 — немецкая ручная граната,AMMUNITION,grenades,yes,yes,"Bundeswehr: Handgranate DM51; Bundeswehr: Handgranate DM51, 10.04.2025; GICHD — Explosive Ordnance Guide for Ukraine, третье издание — PDF-стр. 59; GICHD — Explosive Ordnance Guide for Ukraine, Third Edition (2025), стр. 59: наполнение и границы применимости"
fuze-uzrgm-2,УЗРГМ и УЗРГМ-2 — взрыватели ручных гранат,AMMUNITION,grenade-fuzes,yes,yes,"JMU CISR: Iraq Ordnance Identification Guide, Fuze/Firing Device, страница 14; GICHD: Explosive Ordnance Guide for Ukraine, 2022; GICHD Explosive Ordnance Guide for Ukraine (2022), entry UZRGM-2; GICHD — Explosive Ordnance Guide for Ukraine (2022) — PDF-стр. 56; GICHD — Explosive Ordnance Guide for Ukraine, Third Edition (2025); GICHD — Explosive Ordnance Guide for Ukraine, Third Edition (2025), PDF 246: UZRGM-2 — сверка наружных данных"
fuze-rgm-2,РГМ-2 — головной артиллерийский взрыватель,AMMUNITION,artillery-fuzes,yes,yes,"JMU CISR: Iraq Ordnance Identification Guide, Fuze/Firing Device, страницы 31, 41, 46–47; GICHD Explosive Ordnance Guide for Ukraine (2022), entry RGM-2/V-429; GICHD — Explosive Ordnance Guide for Ukraine, третье издание — PDF-стр. 238; GICHD — Explosive Ordnance Guide for Ukraine, Third Edition (2025), PDF 238: RGM-2 — сверка наружных данных"
fuze-v-429,В-429 — головной взрыватель для артиллерийских боеприпасов,AMMUNITION,artillery-fuzes,yes,yes,"ARCUS: Fuze V-429; GICHD Explosive Ordnance Guide for Ukraine (2022), entry RGM-2/V-429; GICHD — Explosive Ordnance Guide for Ukraine (2022) — PDF-стр. 48; ARCUS JSC — Fuze V-429, официальная таблица наружных характеристик"
fuze-ar-5-signal,АР-5 «Сигнал» — неконтактный артиллерийский взрыватель,AMMUNITION,artillery-fuzes,yes,yes,"Fenix Insight METIS: AR-5; GICHD: Explosive Ordnance Guide for Ukraine, 2022; GICHD Explosive Ordnance Guide for Ukraine (2022), entry AR-5; GICHD — Explosive Ordnance Guide for Ukraine (2022) — PDF-стр. 50; GICHD — Explosive Ordnance Guide for Ukraine, Third Edition (2025); GICHD — Explosive Ordnance Guide for Ukraine, Third Edition (2025), PDF 240: AR-5 — сверка наружных данных"
fuze-m739a1,M739A1 — американский артиллерийский взрыватель,AMMUNITION,artillery-fuzes,yes,yes,"SAM.gov: M739A1 Point Detonating/Delay Fuze; Action Manufacturing: M739/M739A1 P.D. Fuze; L3 Fuzing & Ordnance Systems, брошюра M739A1; GICHD — Explosive Ordnance Guide for Ukraine, Third Edition (2025); U.S. Army — TM 43-0001-28 (1994, изменения до 2003), PDF 730, 731"
fuze-m782-mofa,M782 MOFA — многофункциональный артиллерийский взрыватель,AMMUNITION,artillery-fuzes,yes,yes,"U.S. Army PAE AS&A: Multi-Option Fuze for Artillery; U.S. Army: Multi-Option Fuze for Artillery; GICHD — Explosive Ordnance Guide for Ukraine, третье издание — PDF-стр. 265; GICHD — Explosive Ordnance Guide for Ukraine, Third Edition (2025); U.S. Army — TM 43-0001-28 (1994, изменения до 2003), PDF 684, 685; GICHD — Explosive Ordnance Guide for Ukraine, Third Edition (2025), PDF 265: M782 MOFA"
atgm-9k11-malyutka,9К11 «Малютка»,ATGM,atgm-reference,yes,no,"Ростех — КБ машиностроения: от минометов до «Искандеров»; Missilery.info — 9K14/9K11 Malyutka anti-tank missile system; Ростех: КБ машиностроения — от миномётов до «Искандеров», 14 апреля 2021; Военно-исторический музей артиллерии, инженерных войск и войск связи: История ракетного вооружения; Yugoimport: MALYUTKA 2, буклет KRUSIK; источник только для разграничения более поздних вариантов; Ростех: Ракеты против бронетехники — от «Шмеля» до «Булата», часть I, 2 июля 2025; ПТРК «Малютка» 1-го поколения - описание, характеристики; Военно-исторический музей артиллерии МО РФ: История ракетного вооружения, раздел ПТРК"
atgm-9k111-fagot,9К111 «Фагот»,ATGM,atgm-reference,yes,yes,"Минобороны России — История Главного ракетно-артиллерийского управления; Культура.РФ — Боевое отделение БО-5Я01 с комплексом 9К111 «Фагот»; Тульский государственный музей оружия: комплекс «Фагот» 9К111; GICHD — Explosive Ordnance Guide for Ukraine (2022) — PDF-стр. 118; GICHD — Explosive Ordnance Guide for Ukraine, Third Edition (2025), PDF / печатная с. 182"
atgm-konkurs-9m113,«Конкурс» и ракета 9М113,ATGM,atgm-reference,yes,yes,"Минобороны России — История Главного ракетно-артиллерийского управления; Рособоронэкспорт — ATGM Systems; Рособоронэкспорт: «Конкурс-М»; GICHD — Explosive Ordnance Guide for Ukraine (2022) — PDF-стр. 119; Рособоронэкспорт — Land Forces Export Catalog, архивная первичная публикация, PDF / печатная с. 49"
atgm-metis-family,9К115 «Метис» и семейство «Метис-М»,ATGM,atgm-reference,yes,yes,"Минобороны России — История Главного ракетно-артиллерийского управления; Ростех — Рособоронэкспорт представляет продукцию на форуме «Армия-2024»; Рособоронэкспорт: «Метис-М1»; Wikimedia Commons — 9K115_Metys.jpg; Рособоронэкспорт — Land Forces Export Catalog, архивная первичная публикация, PDF / печатная с. 50"
atgm-kornet-e,«Корнет» / «Корнет-Э»,ATGM,atgm-reference,yes,yes,"Рособоронэкспорт — ATGM Systems: Kornet-E; Ростех — Рособоронэкспорт представляет российское вооружение на «Армии-2024»; Рособоронэкспорт: «Корнет-Э»; Wikimedia Commons — AT-14_Kornet-E.jpg; Рособоронэкспорт — Land Forces Export Catalog, архивная первичная публикация, PDF / печатная с. 49"
atgm-khrizantema-s,9К123 «Хризантема-С»,ATGM,atgm-reference,yes,no,"Рособоронэкспорт — Khrizantema-S; Ростех — Высокоточная дата: 80 лет Конструкторскому бюро машиностроения; Ростех: Высокоточная дата — 80 лет Конструкторскому бюро машиностроения, 11 апреля 2022; Рособоронэкспорт: Land Forces Weapons Export Catalogue, 2003, с. 48; скан корпоративного издания; Ростех: «Хризантема-С» — грозный цветок, 16 января 2020; Рособоронэкспорт: 9M123M-type (MF), отдельная карточка авиационных вариантов; Wikimedia Commons — 9M123_Khrizantema.JPG; U.S. Army / TRADOC — Worldwide Equipment Guide, Vol. 1: Ground Systems (2015), PDF 329"
atgm-9m120-ataka-family,Семейство 9М120 «Атака»,ATGM,atgm-reference,yes,yes,"Рособоронэкспорт — Anti-tank and guided multipurpose missiles; Ростех — Высокоточная дата: 80 лет Конструкторскому бюро машиностроения; Ростех: Высокоточная дата — 80 лет Конструкторскому бюро машиностроения, 11 апреля 2022; Завод имени В. А. Дегтярёва: газета «Дегтярёвец», №41, 20 октября 2021; Рособоронэкспорт: Land Forces Weapons Export Catalogue, 2003, с. 48; скан корпоративного издания; Рособоронэкспорт: Anti-Tank Guided Missiles 9M120-1 (type Ataka), экспортная карточка; Wikimedia Commons — Engineering_Technologies_2010_Part7_0032_copy.jpg; U.S. Army / TRADOC — Worldwide Equipment Guide, Vol. 1: Ground Systems (2015), PDF 327"
atgm-skif-luch,«Скиф» КБ «Луч»,ATGM,atgm-reference,yes,yes,"ГККБ «Луч» — SKIF man portable antitank missile system; ГП СВТФ «Прогресс» — Portable Anti-Tank Missile System SKIF; ГККБ «Луч»: SKIF man portable antitank missile system; GICHD — Explosive Ordnance Guide for Ukraine (2022) — PDF-стр. 123; ДККБ «Луч» — переносний протитанковий ракетний комплекс «СКІФ», официальная таблица комплектации"
atgm-fgm148-javelin,FGM-148 Javelin,ATGM,atgm-reference,yes,yes,"RTX — Javelin Weapon System; Lockheed Martin — Javelin Weapon System; Raytheon: Javelin Weapon System; GICHD — Explosive Ordnance Guide for Ukraine (2022) — PDF-стр. 125; U.S. Army — Weapon Systems Handbook 2020–2021, печатная с. 230 / PDF 232"
atgm-akeron-mp,AKERON MP,ATGM,atgm-reference,yes,yes,"MBDA — AKERON MP; MBDA Inc. — AKERON MP: key features; MBDA: AKERON MP; Wikimedia Commons — MBDA_MMP_launcher_at_Dubai_Airshow_2021.jpg; MBDA — AKERON MP brochure, PDF 7 и 16 / печатные с. 6 и 15"
atgm-pars-3-lr,PARS 3 LR,ATGM,atgm-reference,yes,yes,"MBDA — Our Vision and Strategy (раздел PARSYS GmbH / PARS 3 LR); Diehl Defence — Guided Missiles; MBDA: Our Vision and Strategy, раздел PARSYS GmbH; PARS 3 LR | Weaponsystems.net; MBDA — PARS 3 LR, заводской лист D 2015-01-v.001"
atgm-spike-lr2,SPIKE LR2,ATGM,atgm-reference,yes,yes,"Rafael — SPIKE LR2; Rafael — SPIKE Precision Guided Tactical Missiles family; Rafael: SPIKE LR2; Wikimedia Commons — Spike_LR_2.jpg; EUROSpike — SPIKE LR2, поле Round Weight (проверено 04.10.2026); Rafael — SPIKE LR II Missile Weapon System, архивный заводской лист UNC0617, PDF 2; первичная веб-копия"
atgm-bill-family,BILL / BILL 2,ATGM,atgm-reference,yes,yes,"Saab — Austria orders new BILL simulator; Saab — Saab receives billion order; Saab: Austria orders new BILL-simulator, 16.01.2001; Wikimedia Commons — RBS-56B Bill 2.jpg; Fabien Tremoulinas; CC0 1.0; Bundesheer: Panzerabwehrlenkwaffe 2000 BILL, таблица PAL 2000"
atgm-hj12e,HJ-12E (Red Arrow 12E),ATGM,atgm-reference,yes,no,"Janes — China’s Norinco announces first export of HJ-12E ATGW system; Shephard Media — China exports first HJ-12 ATGMs; China Military: Domestically developed high-end missile sees first export delivery, 29.03.2020; Janes — China’s Norinco announces first export of HJ-12E ATGW system"
atgm-pirat,"PIRAT: испытания, опубликованные в 2020 году",ATGM,atgm-reference,yes,no,"MESKO — PIRAT at the Nowa Dęba training ground; MESKO: PIRAT at the Nowa Dęba training ground; Wikimedia Commons — Pirat_PPK_MSPO22.jpg; MESKO: PIRAT na poligonie w Nowej Dębie, испытания 15.07.2020"
atgm-spike-pandur-cz,SPIKE-LR на Pandur II CZ,ATGM,atgm-reference,yes,yes,"Министерство обороны Чехии — Ostrý výcvik na Slovensku: Češi si vyzkoušeli střelby s PTŘS SPIKE; ČT24 — Obrana nakoupí protitankové střely Spike; Rafael — SPIKE LR2 (официальная страница производителя); Министерство обороны Чехии: сообщение о Pandur II и SPIKE, 01.04.2025; CZE/AUT - KBVP Pandur II CZ : Czechoslovakia / Czech Republic / Slovak Republic (CZK/CZE/SVK); Минобороны Чехии: Kolový obrněný transportér Pandur II 8x8, технические данные; Минобороны Чехии: SPIKE на Pandur II, сообщение 01.04.2025"
svo-orlan-10-family,Орлан-10: семейство разведывательных БПЛА,SVO,sources,yes,yes,"Рособоронэкспорт — комплекс с БПЛА «Орлан-10Е» (описание поставщика); RUSI — The Orlan Complex: Tracking the Supply Chains of Russia’s Most Successful UAV; RUSI, Reuters и iStories: The Orlan Complex, 15.12.2022; Рособоронэкспорт: Orlan-10E, карточка поставщика; Wikimedia Commons — Orlan-10_UAV_Army-2022_2022-08-20_2475.jpg; RUSI / Reuters / iStories: собственное исследование The Orlan Complex, 15.12.2022; текущая сверка открытой страницы"
svo-zala-z16-family,ZALA Z-16: беспилотник наблюдения,SVO,sources,yes,yes,"ZALA Aero — ZALA Z-16E (описание производителя); ZALA Aero — New Generation ZALA Z-16 (материал производителя); ZALA: Z-16E, описание производителя; New ZALA Z-16 reconnaissance drones have become invulnerable to enemy electronic warfare systems; ZALA: Z-16E, открытая заводская таблица"
svo-lancet-loitering-munition,«Ланцет»: барражирующий боеприпас,SVO,sources,yes,no,"ZALA Aero — ZALA Z-52E (описание производителя); МККК — Frequently asked questions: International humanitarian law and drones in armed conflict; ZALA: Z-52E, описание производителя; GICHD — Explosive Ordnance Guide for Ukraine, третье издание — PDF-стр. 176; ZALA: Z-52E / Izdelie 52, заводская страница"
svo-forpost-r-family,«Форпост-Р»: беспилотный комплекс самолётного типа,SVO,sources,yes,no,"EDR Magazine — IDEX 2025: first international appearance for Russian Forpost-RE UAV; АО «УЗГА»: сообщения производителя о «Форпосте-РЭ», Dubai Airshow 2025; Armádní noviny — Ruský dron Forpost-R; фотография Vitaly V. Kuzmin; УЗГА: официальное сообщение о «Форпост-РЭ» и Dubai Airshow 2025"
svo-leleka-100-family,Leleka-100: украинский разведывательный БПЛА,SVO,sources,yes,no,"Army Technology — Leleka-100 Unmanned Aerial Vehicle, Ukraine; Defense Express — Leleka-100 UAS officially inducted into Ukrainian Army; DeViRo: Leleka, текущая страница производителя; Wikimedia Commons — Leleka-100_UAV,_Kyiv_2021,_20.jpg; DEVIRO: Leleka, текущая страница семейства"
svo-pd2-uas-family,PD-2: модульный украинский беспилотный комплекс,SVO,sources,yes,yes,"UkrSpecSystems — PD-2 UAS (описание производителя); UkrSpecSystems — Unmanned aerial systems (каталог производителя); UkrSpecSystems: PD-2 UAS, паспорт варианта VTOL; Wikimedia Commons — UKRSPECSYSTEMS PD-2 photo 1; UkrSpecSystems: PD-2 UAS, таблицы двух конфигураций"
svo-shark-uas-family,SHARK: семейство украинских разведывательных БПЛА,SVO,sources,yes,yes,"UkrSpecSystems — SHARK UAS (описание производителя); UkrSpecSystems — Unmanned aerial systems (каталог производителя); UkrSpecSystems: SHARK-D, текущая страница SHARK UAS; Розкриті технічні характеристики нового українського розвідувального дрона Shark-M - NoWorries; UkrSpecSystems: SHARK-M, Measurements and weight; UkrSpecSystems: MINI SHARK UAS 2025, Measurements"
svo-bayraktar-tb2-class,Bayraktar TB2 и класс MALE,SVO,sources,yes,yes,"Baykar — Bayraktar TB2 (описание производителя); Baykar: Bayraktar TB2, техническое описание производителя; Wikimedia Commons — Bayraktar_TB2_Runway.jpg; Baykar: Bayraktar TB2, Technical Specifications"
svo-small-multirotor-fpv-class,"Малые мультикоптеры и FPV: класс, а не одна модель",SVO,sources,no,no,"Faine Greenwood — гостевая статья на блоге ICRC: Consumer drones in conflict (мнение автора); Мониторинговая миссия ООН по правам человека в Украине — Deadly drones: Civilians at risk from short-range drones; UK Civil Aviation Authority: First Person View, определение термина; Faine Greenwood: Consumer drones in conflict, авторский анализ в блоге МККК, 15.03.2022; Мониторинговая миссия ООН по правам человека в Украине: Deadly drones, период 24.02.2022–30.04.2025; В России разработали «Аква-4»: новый дрон для безопасной разведки; UK CAA: First Person View, собственное определение термина"
svo-one-way-attack-uav-class,Ударные БПЛА одностороннего действия: проверка атрибуции,SVO,sources,no,no,"Conflict Armament Research — Field Dispatches; Письмо США в Совет Безопасности ООН S/2023/661 с приложенным анализом DIA; RUSI Journal — Precise Mass in Action: Assessing Ukraine’s One-Way Attack Drone Campaign; Conflict Armament Research: полевые исследования БПЛА в Украине; Conflict Armament Research: методика установления происхождения образцов; Проект «ДЛЯ СВОИХ» — оригинальные тематические иллюстрации v0.3.19; Conflict Armament Research: собственная методика, Field work и Photographic evidence"
svo-uncrewed-ground-vehicles,Наземные роботизированные комплексы,SVO,sources,yes,yes,"Министерство обороны Украины — Defence Forces continue to expand the use of ground robotic systems; ZALA Aero — ZALA GX-2 (описание производителя); Министерство обороны Украины: сообщение о наземных роботах, 7 апреля 2026; ZALA: наземная платформа GX-2, описание производителя; Проект «ДЛЯ СВОИХ» — оригинальные тематические иллюстрации v0.3.19; ZALA: собственная текущая страница URP-2 по адресу zala-gx-2"
svo-counter-uas-layered-concept,Противодействие БПЛА: многоуровневая система,SVO,sources,no,no,"NATO Allied Command Transformation — Layered Counter-UAS Initiative; NATO Communications and Information Agency — Allies and industry test counter-drone technology; Integrated Air and Missile Defence Centre of Excellence — Countering UAS; NATO ACT: Layered Counter-UAS Initiative, 18 мая 2026; IAMD Centre of Excellence: понятие Counter-UAS; Anti-drone system with 3km range and RF neutralization; NATO ACT: собственная публикация Layered Counter-UAS Initiative, 18.05.2026"
svo-electronic-warfare-gnss-context,Радиоэлектронная борьба и помехи навигации,SVO,sources,no,no,"UNIDIR — Electronic Warfare and Its Implications for Uncrewed Systems; EASA and IATA — Comprehensive plan to mitigate GNSS interference risks; IMO, ICAO and ITU — Joint statement on protection of satellite navigation; UNIDIR: РЭБ и её влияние на беспилотные системы, 11 марта 2026; IMO, ICAO и ITU: защита спутниковой навигации, 25 марта 2025; EASA и IATA: риски помех спутниковой навигации, 18 июня 2025; Презентация «Силы и средства РЭБ ВС РБ», слайд 38; UNIDIR: собственная страница события 11.03.2026; сопоставление с заявлением IMO / ICAO / ITU 25.03.2025; IMO / ICAO / ITU: собственное совместное заявление о гражданской спутниковой навигации, 25.03.2025"
svo-remote-observation-sensor-fusion,Дистанционное наблюдение и объединение данных,SVO,sources,no,no,"ОБСЕ — SMM uses UAVs and other technical means to monitor the security situation; European Commission FPI — EU satellite support to the OSCE Special Monitoring Mission; ОБСЕ — архив отчётов Специальной мониторинговой миссии в Украине; ОБСЕ: возобновление дистанционного наблюдения СММ, 28 марта 2018; Европейская комиссия FPI: спутниковый анализ для СММ ОБСЕ, 11 июля 2018; Elbit Systems, коллаж из предоставленной подборки; ОБСЕ: собственное сообщение 28.03.2018; Европейская комиссия FPI: сообщение 11.07.2018"
svo-protected-mobility-class,Защищённые колёсные машины: класс и контекст,SVO,sources,yes,no,"Рособоронэкспорт — KAMAZ-53949 Typhoon-K (описание поставщика); Совет национальной безопасности и обороны Украины — производство машин Kozak; СНБО Украины: производство семейства Kozak на предприятии «Практика», 24 июля 2019; Рособоронэкспорт: KAMAZ-53949 Typhoon-K, каталог защищённых машин; Special forces of the Southern Military District have started working out flank firing techniques with the use of Typhoon armored vehicles - ВПК.name; СНБО Украины: собственное сообщение о посещении «Практики», 24.07.2019, выбранный перечень изделий"
svo-osint-verification-workflow,OSINT: как отделять наблюдение от утверждения,SVO,sources,no,no,"УВКПЧ ООН и Human Rights Center UC Berkeley — Berkeley Protocol; Human Rights Center, UC Berkeley — Berkeley Protocol; Privacy International по заказу МККК — The Humanitarian Metadata Problem; Berkeley Protocol on Digital Open Source Investigations, издание 2022, раздел VI; МККК и Privacy International: The Humanitarian Metadata Problem, октябрь 2018; Проект «ДЛЯ СВОИХ» — оригинальные тематические иллюстрации v0.3.19; Berkeley Protocol, издание ООН 2022: раздел VI.D, пункты 160, 168–169"
first-aid-scene-safety,Безопасность места и вызов помощи,MEDICINE,first-aid,no,no,"Resuscitation Council UK — First Aid Guidelines 2025; St John Ambulance — duties-and-responsibilities-of-first-aiders; NHS — When to call 999; Проект «ДЛЯ СВОИХ» — оригинальные тематические иллюстрации v0.3.19; St John Ambulance: duties-and-responsibilities-of-first-aiders, собственная памятка, выбранные разделы"
first-aid-primary-assessment,Первичная оценка пострадавшего,MEDICINE,first-aid,no,no,"Resuscitation Council UK — First Aid Guidelines 2025; St John Ambulance — primary-survey; Resuscitation Council UK — Adult Basic Life Support Guidelines 2025; Проект «ДЛЯ СВОИХ» — оригинальные тематические иллюстрации v0.3.19; St John Ambulance: primary-survey, собственная памятка, выбранные разделы; Resuscitation Council UK: Adult BLS Guidelines 2025, Recognising cardiac arrest"
first-aid-adult-cpr,СЛР взрослому при отсутствии нормального дыхания,MEDICINE,first-aid,no,no,"Resuscitation Council UK — Adult Basic Life Support Guidelines 2025; Resuscitation Council UK — Adult Basic Life Support Guidelines 2025; Resuscitation Council UK — First Aid Guidelines 2025; Проект «ДЛЯ СВОИХ» — оригинальные тематические иллюстрации v0.3.19; Resuscitation Council UK: Adult BLS Guidelines 2025, High-quality chest compressions"
first-aid-aed,Автоматический наружный дефибриллятор,MEDICINE,first-aid,no,no,"St John Ambulance — How To Use A Defibrillator (AED); St John Ambulance — how-to-use-a-defibrillator; Дефибриллятор BeneHeart C1A - купить в Киеве и Украине | Цена, фото, характеристики, отзывы (43397); Resuscitation Council UK: Adult BLS Guidelines 2025, When and how to use an AED"
first-aid-adult-choking,Удушье инородным телом у взрослого,MEDICINE,first-aid,no,no,"St John Ambulance — Choking; Resuscitation Council UK — First Aid Guidelines 2025; St John Ambulance — choking; Resuscitation Council UK — First Aid Guidelines 2025; American Red Cross — Adult/Child Choking; Учебно-методический комплекс по первой помощи Минздрава России, январь 2024; фрагмент предоставленного плаката; St John Ambulance: choking, собственная памятка, выбранные разделы"
first-aid-shock,Признаки шока после травмы,MEDICINE,first-aid,no,no,"St John Ambulance — Shock Symptoms and First Aid; St John Ambulance — shock; American Red Cross — Shock; Проект «ДЛЯ СВОИХ» — оригинальные тематические иллюстрации v0.3.19; St John Ambulance: shock, собственная памятка, выбранные разделы; St John Ambulance: Fractures and broken bones, ограничения положения при шоке"
first-aid-fracture,Подозрение на перелом,MEDICINE,first-aid,no,no,"St John Ambulance — Broken Bones and Fractures; St John Ambulance — fractures-and-broken-bones; Проект «ДЛЯ СВОИХ» — оригинальные тематические иллюстрации v0.3.19; St John Ambulance: fractures-and-broken-bones, собственная памятка, выбранные разделы"
first-aid-head-injury,Травма головы,MEDICINE,first-aid,no,no,"St John Ambulance — Head Injury; St John Ambulance — head-injury; Проект «ДЛЯ СВОИХ» — оригинальные тематические иллюстрации v0.3.19; St John Ambulance: head-injury, собственная памятка, выбранные разделы; NHS: Head injury and concussion, домашнее наблюдение после лёгкой травмы"
first-aid-spinal-injury,Подозрение на травму позвоночника,MEDICINE,first-aid,no,no,"St John Ambulance — Spinal Injury First Aid; St John Ambulance — spinal-injury; Resuscitation Council UK — First Aid Guidelines 2025; St John Ambulance — recovery-position; Проект «ДЛЯ СВОИХ» — оригинальные тематические иллюстрации v0.3.19; St John Ambulance: spinal-injury, собственная памятка, выбранные разделы; Resuscitation Council UK: First Aid Guidelines 2025, Cervical spinal motion restriction"
first-aid-chemical-burn,Химический ожог кожи,MEDICINE,first-aid,no,no,"World Health Organization — Burns; St John Ambulance — Chemical Burns (clinically reviewed 2025); St John Ambulance — chemical-burn; Проект «ДЛЯ СВОИХ» — оригинальные тематические иллюстрации v0.3.19; St John Ambulance: chemical-burn, собственная памятка, выбранные разделы"
first-aid-eye-injury,Инородное тело или химикат в глазу,MEDICINE,first-aid,no,no,"St John Ambulance — Eye Injury First Aid; St John Ambulance — eye-injury; Проект «ДЛЯ СВОИХ» — оригинальные тематические иллюстрации v0.3.19; NHS: Eye injuries, версия страницы с медицинской проверкой 12.03.2026"
first-aid-electric-shock,Поражение электрическим током,MEDICINE,first-aid,no,no,"St John Ambulance — Electric Shock First Aid; St John Ambulance — electrocution; American Red Cross — Burns: How To Help; Проект «ДЛЯ СВОИХ» — оригинальные тематические иллюстрации v0.3.19; St John Ambulance: electrocution, собственная памятка, выбранные разделы"
first-aid-seizure,Судорожный приступ,MEDICINE,first-aid,no,no,"St John Ambulance — Seizure First Aid; St John Ambulance — seizure; Памятка «Эпилепсия. Первая помощь» из предоставленного архива; St John Ambulance: seizure, собственная памятка, выбранные разделы"
first-aid-poisoning,Подозрение на отравление,MEDICINE,first-aid,no,no,"St John Ambulance — Poisoning; St John Ambulance — poisoning; St John Ambulance — Carbon monoxide poisoning; Проект «ДЛЯ СВОИХ» — оригинальные тематические иллюстрации v0.3.19; St John Ambulance: poisoning, собственная памятка, выбранные разделы"
first-aid-heat-illness,Перегрев и тепловой удар,MEDICINE,first-aid,no,no,"CDC — About Heat and Your Health; Resuscitation Council UK — First Aid Guidelines 2025 (heat stroke); CDC / NIOSH — Heat-related Illnesses; Проект «ДЛЯ СВОИХ» — оригинальные тематические иллюстрации v0.3.19; CDC / NIOSH: Heat-related Illnesses, Heat stroke и Heat exhaustion; Resuscitation Council UK: First Aid Guidelines 2025, Heat stroke"
first-aid-hypothermia,Переохлаждение,MEDICINE,first-aid,no,no,"CDC — Preventing Hypothermia; St John Ambulance — hypothermia; NHS — Hypothermia; Проект «ДЛЯ СВОИХ» — оригинальные тематические иллюстрации v0.3.19; St John Ambulance: hypothermia, собственная памятка, выбранные разделы"
first-aid-handover,Наблюдение и передача пострадавшего,MEDICINE,first-aid,no,no,"Resuscitation Council UK — First Aid Guidelines 2025; NHS — When to call 999; East of England Ambulance Service — Using 999; St John Ambulance — Secondary survey; Проект «ДЛЯ СВОИХ» — оригинальные тематические иллюстрации v0.3.19; NHS: When to call 999, сведения для диспетчера и прибывающей бригады; St John Ambulance: Secondary survey, сбор известных сведений"
pdf-source-method-v4,Как читать справочные карточки и ссылки на PDF,AMMUNITION,reference,no,no,"IFRC — Mines & Explosive Remnants of War: при обнаружении; Редакционная методика каталога «ДЛЯ СВОИХ», версия 6; GICHD — Explosive Ordnance Guide for Ukraine, Third Edition; Проект «ДЛЯ СВОИХ» — оригинальные тематические иллюстрации v0.3.19; GICHD: собственная страница третьего издания, дата и ограничения охвата"
eng-blu-43-b-family,BLU-43/B Dragontooth,AMMUNITION,mines-antipersonnel,yes,yes,"Предоставленный PDF «Справочник сапера “Минлей”» (2025) — PDF-стр. 24–25; IFRC — Mines & Explosive Remnants of War: при обнаружении; Предоставленный PDF «Справочник сапера “Минлей”» (2025) — PDF-стр. 24, 25; GICHD — Explosive Ordnance Guide for Ukraine, Third Edition (границы распознавания); European Commission / JRC — Metal Detector Handbook for Humanitarian Demining (2003), Annex C, печатная с. 155 / PDF 157"
eng-dm-41-ap,DM-41 (противопехотная),AMMUNITION,mines-antipersonnel,yes,yes,"Предоставленный PDF «Справочник сапера “Минлей”» (2025) — PDF-стр. 44; IFRC — Mines & Explosive Remnants of War: при обнаружении; Предоставленный PDF «Справочник сапера “Минлей”» (2025) — PDF-стр. 44; GICHD — Explosive Ordnance Guide for Ukraine, Third Edition (границы распознавания); Предоставленный PDF «Справочник сапера «Минлей»»: сверка характеристик и наполнения, физические PDF-стр. 44"
eng-fordonsmina-13-family,Fordonsmina 13 / Fordonsmina 13R,AMMUNITION,mines-antivehicle,yes,yes,"Предоставленный PDF «Иностранные мины 2» — PDF-стр. 15-17; IFRC — Mines & Explosive Remnants of War: при обнаружении; Предоставленный PDF «Иностранные мины 2» — PDF-стр. 15, 16, 17; GICHD — Explosive Ordnance Guide for Ukraine, Third Edition (границы распознавания); Försvarsmakten — SoldR Mtrl Vapen, Minor (2001), M7742-101231, печатные с. 79, 93; копия первичного руководства"
eng-hailstorm-family,MPIM HAILSTORM / MINI HAILSTORM,AMMUNITION,mines-antipersonnel,yes,yes,"Предоставленный PDF «Иностранные мины 2» — PDF-стр. 6-7; Предоставленный PDF «Справочник сапера “Минлей”» (2025) — PDF-стр. 41–43; IFRC — Mines & Explosive Remnants of War: при обнаружении; Предоставленный PDF «Иностранные мины 2» — PDF-стр. 6, 7, 8; GICHD — Explosive Ordnance Guide for Ukraine, Third Edition (границы распознавания); Forcit Defence — HAILSTORM / MINI HAILSTORM, официальная страница; Forcit Defence — MINI HAILSTORM, отдельная официальная страница"
eng-li-11-truppmina-10,LI-11 / Truppmina 10 / DM11 AP,AMMUNITION,mines-antipersonnel,yes,no,"Предоставленный PDF «Иностранные мины на Ближнем и Среднем Востоке и в Северной Африке» (2016) — PDF-стр. 43–44; IFRC — Mines & Explosive Remnants of War: при обнаружении; Предоставленный PDF «Иностранные мины на Ближнем и Среднем Востоке и в Северной Африке» (2016) — PDF-стр. 43, 44; GICHD — Explosive Ordnance Guide for Ukraine, Third Edition (границы распознавания); LI-11 / Truppmina 10 — cat-uxo.com; Landmine Monitor — Türkiye mine ban policy; HALO Trust — Land Mines Identification Guide, Itamar Levy, August 2005, стр. 23, DM-11 Apers"
eng-m14-ap-mine,M14 (противопехотная мина),AMMUNITION,mines-antipersonnel,yes,yes,"Предоставленный PDF «Иностранные мины на Ближнем и Среднем Востоке и в Северной Африке» (2016) — PDF-стр. 9–10, 40, 51–54; Предоставленный PDF «Иностранные мины на Ближнем и Среднем Востоке и в Северной Африке» (2016) — PDF-стр. 51, 52; IFRC — Mines & Explosive Remnants of War: при обнаружении; Предоставленный PDF «Иностранные мины на Ближнем и Среднем Востоке и в Северной Африке» (2016) — PDF-стр. 51, 52; GICHD — Explosive Ordnance Guide for Ukraine, Third Edition (границы распознавания); Landmine Monitor — Türkiye mine ban policy; US Army — TM 43-0001-36, Change 2, стр. 3-7–3-8, M14"
eng-m16-mine-family,M16 / M16A1 / M16A2 — противопехотные мины,AMMUNITION,mines-antipersonnel,yes,yes,"Предоставленный PDF «Иностранные мины 2» — PDF-стр. 47-49; Предоставленный PDF «Иностранные мины на Ближнем и Среднем Востоке и в Северной Африке» (2016) — PDF-стр. 3, 9–10, 65–66; Предоставленный PDF «Справочник сапера “Минлей”» (2025) — PDF-стр. 45–46; IFRC — Mines & Explosive Remnants of War: при обнаружении; Предоставленный PDF «Иностранные мины 2» — PDF-стр. 47, 48, 49; GICHD — Explosive Ordnance Guide for Ukraine, Third Edition (границы распознавания); Landmine Monitor — Türkiye mine ban policy; US Army — TM 43-0001-36 (September 1994, с поправками 1997), стр. 3-10–3-11"
eng-m67-m72-mine-family,M67 / M72 — мины ADAM,AMMUNITION,mines-antipersonnel,yes,yes,"Предоставленный PDF «Справочник сапера “Минлей”» (2025) — PDF-стр. 47–48; IFRC — Mines & Explosive Remnants of War: при обнаружении; Предоставленный PDF «Справочник сапера “Минлей”» (2025) — PDF-стр. 47, 48; GICHD — Explosive Ordnance Guide for Ukraine, Third Edition (границы распознавания); GICHD — Explosive Ordnance Guide for Ukraine, Third Edition (2025), стр. 41: наполнение и границы применимости; Армия США — TM 43-0001-28 (28 April 1994; Change 11, 27 October 2003), печатные 3-127–3-128 и 3-143–3-144, PDF 338–339 и 354–355: масса основного наполнения одной мины M67 / M72"
eng-m77-m90-mine-family,M77 / M90 — противопехотные мины,AMMUNITION,mines-antipersonnel,yes,yes,"Предоставленный PDF «Иностранные мины 2» — PDF-стр. 38-40; IFRC — Mines & Explosive Remnants of War: при обнаружении; Предоставленный PDF «Иностранные мины 2» — PDF-стр. 38; GICHD — Explosive Ordnance Guide for Ukraine, Third Edition (границы распознавания); Предоставленный PDF «Иностранные мины 2»: сверка характеристик и наполнения, физические PDF-стр. 38"
eng-m86-pdm,M86 Pursuit Deterrent Munition,AMMUNITION,mines-antipersonnel,yes,yes,"Предоставленный PDF «Справочник сапера “Минлей”» (2025) — PDF-стр. 49; IFRC — Mines & Explosive Remnants of War: при обнаружении; Предоставленный PDF «Справочник сапера “Минлей”» (2025) — PDF-стр. 49; GICHD — Explosive Ordnance Guide for Ukraine, Third Edition (границы распознавания); Армия США — TM 43-0001-36 (1994; Change 2, 1997), с. 3-21, PDF 47: M86"
eng-mai-75,MAI-75,AMMUNITION,mines-antipersonnel,yes,no,"Предоставленный PDF «Иностранные мины на Ближнем и Среднем Востоке и в Северной Африке» (2016) — PDF-стр. 45–46; IFRC — Mines & Explosive Remnants of War: при обнаружении; Предоставленный PDF «Иностранные мины на Ближнем и Среднем Востоке и в Северной Африке» (2016) — PDF-стр. 45, 46; GICHD — Explosive Ordnance Guide for Ukraine, Third Edition (границы распознавания); CAT-UXO — mai-75-landmine; HALO Trust — Land Mines Identification Guide, Itamar Levy, August 2005, стр. 7, MAI 75"
eng-mai-ga4,MAI-GA4,AMMUNITION,mines-antivehicle,yes,yes,"Предоставленный PDF «Иностранные мины 2» — PDF-стр. 19; IFRC — Mines & Explosive Remnants of War: при обнаружении; Предоставленный PDF «Иностранные мины 2» — PDF-стр. 19; GICHD — Explosive Ordnance Guide for Ukraine, Third Edition (границы распознавания); Anna Linderhed и соавторы, FOI — Optical Methods for Detection of Minefields, 2004, таблица 9.1"
eng-maped-mod-f1,MAPED mod. F1,AMMUNITION,mines-antipersonnel,yes,yes,"Предоставленный PDF «Иностранные мины 2» — PDF-стр. 11-12; Предоставленный PDF «Иностранные мины 2» — PDF-стр. 11, 12; IFRC — Mines & Explosive Remnants of War: при обнаружении; Предоставленный PDF «Иностранные мины 2» — PDF-стр. 11, 12; GICHD — Explosive Ordnance Guide for Ukraine, Third Edition (границы распознавания); Anna Linderhed и соавторы, FOI — Optical Methods for Detection of Minefields, 2004, таблица 9.1"
eng-mi-ap-dv-59,Mi-AP-DV 59,AMMUNITION,mines-antipersonnel,yes,yes,"Предоставленный PDF «Иностранные мины на Ближнем и Среднем Востоке и в Северной Африке» (2016) — PDF-стр. 57–60; Предоставленный PDF «Справочник сапера “Минлей”» (2025) — PDF-стр. 32–33; Предоставленный PDF «Справочник сапера “Минлей”» (2025) — PDF-стр. 32; IFRC — Mines & Explosive Remnants of War: при обнаружении; Предоставленный PDF «Справочник сапера “Минлей”» (2025) — PDF-стр. 32; GICHD — Explosive Ordnance Guide for Ukraine, Third Edition (границы распознавания); NAVEODTECHDIV — Iraq Ordnance Identification Guide (2004), land, PDF 6: MODEL 59"
eng-mi-ap-mb-51,Mi-AP-MB-51,AMMUNITION,mines-antipersonnel,yes,no,"Предоставленный PDF «Иностранные мины на Ближнем и Среднем Востоке и в Северной Африке» (2016) — PDF-стр. 6–8; IFRC — Mines & Explosive Remnants of War: при обнаружении; Предоставленный PDF «Иностранные мины на Ближнем и Среднем Востоке и в Северной Африке» (2016) — PDF-стр. 6, 7, 8; GICHD — Explosive Ordnance Guide for Ukraine, Third Edition (границы распознавания); Предоставленный PDF «Иностранные мины 1: Ближний и Средний Восток и Северная Африка»: сверка характеристик и наполнения, физические PDF-стр. 6, 7, 8"
eng-mm-1,MM-1,AMMUNITION,mines-antipersonnel,yes,yes,"Предоставленный PDF «Иностранные мины 2» — PDF-стр. 14; IFRC — Mines & Explosive Remnants of War: при обнаружении; Предоставленный PDF «Иностранные мины 2» — PDF-стр. 14; GICHD — Explosive Ordnance Guide for Ukraine, Third Edition (границы распознавания); Предоставленный PDF «Иностранные мины 2»: повторная сверка массы и наполнения, физические PDF-стр. 14"
eng-mrud,MRUD,AMMUNITION,mines-antipersonnel,yes,yes,"Предоставленный PDF «Справочник сапера “Минлей”» (2025) — PDF-стр. 39–40; IFRC — Mines & Explosive Remnants of War: при обнаружении; Предоставленный PDF «Справочник сапера “Минлей”» (2025) — PDF-стр. 39; GICHD — Explosive Ordnance Guide for Ukraine, Third Edition (границы распознавания); HALO Trust — Land Mines Identification Guide, Itamar Levy, August 2005, стр. 48, MRUD; Yugoimport: MRUD eng., система радиоуправления; не паспорт корпуса мины"
eng-nr-413,NR 413,AMMUNITION,mines-antipersonnel,yes,yes,"Предоставленный PDF «Иностранные мины на Ближнем и Среднем Востоке и в Северной Африке» (2016) — PDF-стр. 10, 61–62; IFRC — Mines & Explosive Remnants of War: при обнаружении; Предоставленный PDF «Иностранные мины на Ближнем и Среднем Востоке и в Северной Африке» (2016) — PDF-стр. 10, 61; GICHD — Explosive Ordnance Guide for Ukraine, Third Edition (границы распознавания); NAVEODTECHDIV — Iraq Ordnance Identification Guide (2004), land, PDF 3: NR 413"
eng-pjrad,PJRAD,AMMUNITION,mines-antipersonnel,yes,no,"Предоставленный PDF «Иностранные мины 2» — PDF-стр. 13; IFRC — Mines & Explosive Remnants of War: при обнаружении; Предоставленный PDF «Иностранные мины 2» — PDF-стр. 13; GICHD — Explosive Ordnance Guide for Ukraine, Third Edition (границы распознавания); Предоставленный PDF «Иностранные мины 2»: повторная сверка массы и наполнения, физические PDF-стр. 13"
eng-pp-mi-ba,PP-Mi-Ba,AMMUNITION,mines-antipersonnel,yes,yes,"Предоставленный PDF «Иностранные мины на Ближнем и Среднем Востоке и в Северной Африке» (2016) — PDF-стр. 46; IFRC — Mines & Explosive Remnants of War: при обнаружении; Предоставленный PDF «Иностранные мины на Ближнем и Среднем Востоке и в Северной Африке» (2016) — PDF-стр. 46; GICHD — Explosive Ordnance Guide for Ukraine, Third Edition (границы распознавания); PP-Mi-Ba — www.armedconflicts.com; USAREUR — Pam 30-60-1, Part Three, Volume II (30 July 1975), печатная с. 58, PDF 59: PP-Mi-Ba"
eng-ppm-2-dd,PPM-2,AMMUNITION,mines-antipersonnel,yes,yes,"Предоставленный PDF «Иностранные мины на Ближнем и Среднем Востоке и в Северной Африке» (2016) — PDF-стр. 37–39; IFRC — Mines & Explosive Remnants of War: при обнаружении; Предоставленный PDF «Иностранные мины на Ближнем и Среднем Востоке и в Северной Африке» (2016) — PDF-стр. 37, 38, 39; GICHD — Explosive Ordnance Guide for Ukraine, Third Edition (границы распознавания); HALO Trust — Land Mines Identification Guide, Itamar Levy, August 2005, стр. 10, PPM-2"
eng-prb-m409,PRB M409,AMMUNITION,mines-antipersonnel,yes,yes,"Предоставленный PDF «Иностранные мины на Ближнем и Среднем Востоке и в Северной Африке» (2016) — PDF-стр. 9; Предоставленный PDF «Справочник сапера “Минлей”» (2025) — PDF-стр. 5; Предоставленный PDF «Справочник сапера “Минлей”» (2025) — PDF-стр. 5; IFRC — Mines & Explosive Remnants of War: при обнаружении; Предоставленный PDF «Справочник сапера “Минлей”» (2025) — PDF-стр. 5; GICHD — Explosive Ordnance Guide for Ukraine, Third Edition (границы распознавания); HALO Trust — Land Mines Identification Guide, Itamar Levy, August 2005, стр. 15, PRB M409"
eng-sb-33-family,SB-33 (семейство),AMMUNITION,mines-antipersonnel,yes,yes,"Предоставленный PDF «Иностранные мины 2» — PDF-стр. 60-61; Предоставленный PDF «Иностранные мины на Ближнем и Среднем Востоке и в Северной Африке» (2016) — PDF-стр. 9–11; Предоставленный PDF «Иностранные мины на Ближнем и Среднем Востоке и в Северной Африке» (2016) — PDF-стр. 10, 11; IFRC — Mines & Explosive Remnants of War: при обнаружении; Предоставленный PDF «Иностранные мины на Ближнем и Среднем Востоке и в Северной Африке» (2016) — PDF-стр. 10, 11; GICHD — Explosive Ordnance Guide for Ukraine, Third Edition (границы распознавания); HALO Trust — Land Mines Identification Guide, Itamar Levy, August 2005, стр. 14, SB-33"
eng-str-50-str-75-family,STR-50 / STR-75,AMMUNITION,mines-antipersonnel,yes,yes,"Предоставленный PDF «Иностранные мины 2» — PDF-стр. 8; Предоставленный PDF «Иностранные мины 2» — PDF-стр. 8, 9; IFRC — Mines & Explosive Remnants of War: при обнаружении; Предоставленный PDF «Иностранные мины 2» — PDF-стр. 8, 9; GICHD — Explosive Ordnance Guide for Ukraine, Third Edition (границы распознавания); Institute of Metal Science / HIGH-TECH IMS — Prospect 2019, STR, PDF-страница 46"
eng-t-ab-1-ap,T-AB-1 (противопехотная),AMMUNITION,mines-antipersonnel,yes,yes,"Предоставленный PDF «Иностранные мины на Ближнем и Среднем Востоке и в Северной Африке» (2016) — PDF-стр. 10, 49–51; Предоставленный PDF «Справочник сапера “Минлей”» (2025) — PDF-стр. 6; Предоставленный PDF «Справочник сапера “Минлей”» (2025) — PDF-стр. 6; IFRC — Mines & Explosive Remnants of War: при обнаружении; Предоставленный PDF «Справочник сапера “Минлей”» (2025) — PDF-стр. 6; GICHD — Explosive Ordnance Guide for Ukraine, Third Edition (границы распознавания); Предоставленный PDF «Справочник сапера «Минлей»»: сверка характеристик и наполнения, физические PDF-стр. 6"
eng-truppmina-12-family,Truppmina 12 / Truppmina 12B,AMMUNITION,mines-antipersonnel,yes,yes,"Предоставленный PDF «Иностранные мины 2» — PDF-стр. 2-5; Предоставленный PDF «Иностранные мины 2» — PDF-стр. 2, 3, 4; IFRC — Mines & Explosive Remnants of War: при обнаружении; Предоставленный PDF «Иностранные мины 2» — PDF-стр. 2, 3, 4; GICHD — Explosive Ordnance Guide for Ukraine, Third Edition (границы распознавания); European Commission / JRC — Metal Detector Handbook for Humanitarian Demining (2003), Annex C, печатная с. 154 / PDF 156"
eng-type-58-ap,Type 58 (противопехотная),AMMUNITION,mines-antipersonnel,yes,yes,"Предоставленный PDF «Иностранные мины на Ближнем и Среднем Востоке и в Северной Африке» (2016) — PDF-стр. 34–35; IFRC — Mines & Explosive Remnants of War: при обнаружении; Предоставленный PDF «Иностранные мины на Ближнем и Среднем Востоке и в Северной Африке» (2016) — PDF-стр. 34, 35; GICHD — Explosive Ordnance Guide for Ukraine, Third Edition (границы распознавания); European Commission / JRC — Metal Detector Handbook for Humanitarian Demining (2003), Annex C, печатная с. 152 / PDF 154; копия первичного издания"
eng-type-72-ap-family,Type 72 A/B/C (противопехотная ветвь),AMMUNITION,mines-antipersonnel,yes,yes,"Предоставленный PDF «Иностранные мины на Ближнем и Среднем Востоке и в Северной Африке» (2016) — PDF-стр. 9, 34, 39–43; IFRC — Mines & Explosive Remnants of War: при обнаружении; Предоставленный PDF «Иностранные мины на Ближнем и Среднем Востоке и в Северной Африке» (2016) — PDF-стр. 39, 40, 41, 42, 43; GICHD — Explosive Ordnance Guide for Ukraine, Third Edition (границы распознавания); IWM — Type 72 anti-personnel mine; предоставленный скриншот; NAVEODTECHDIV — Iraq Ordnance Identification Guide (2004), land, PDF 11: TYPE 72 AP"
eng-valmara-family,Valmara V-59 / V-69,AMMUNITION,mines-antipersonnel,yes,yes,"Предоставленный PDF «Иностранные мины на Ближнем и Среднем Востоке и в Северной Африке» (2016) — PDF-стр. 4–6, 12; IFRC — Mines & Explosive Remnants of War: при обнаружении; Предоставленный PDF «Иностранные мины на Ближнем и Среднем Востоке и в Северной Африке» (2016) — PDF-стр. 5; GICHD — Explosive Ordnance Guide for Ukraine, Third Edition (границы распознавания); Landmine Monitor 1999 / Human Rights Watch — Asia-Pacific; HALO Trust — Land Mines Identification Guide, Itamar Levy, August 2005, стр. 45–46, Valmara 59 / 69"
eng-var-40-var-100-family,VAR 40 / VAR 100,AMMUNITION,mines-antipersonnel,yes,yes,"Предоставленный PDF «Иностранные мины 2» — PDF-стр. 66; IFRC — Mines & Explosive Remnants of War: при обнаружении; Предоставленный PDF «Иностранные мины 2» — PDF-стр. 66, 67; GICHD — Explosive Ordnance Guide for Ukraine, Third Edition (границы распознавания); NAVEODTECHDIV — Iraq Ordnance Identification Guide (2004), land, PDF 10: VAR/40"
eng-vp-84-vp-01-family,VP 84 / VP 01,AMMUNITION,mines-antivehicle,yes,yes,"Предоставленный PDF «Иностранные мины 2» — PDF-стр. 20-21; IFRC — Mines & Explosive Remnants of War: при обнаружении; Предоставленный PDF «Иностранные мины 2» — PDF-стр. 20, 21; GICHD — Explosive Ordnance Guide for Ukraine, Third Edition (границы распознавания); Предоставленный PDF «Иностранные мины 2»: повторная сверка массы и наполнения, физические PDF-стр. 21"
eng-vp-88,VP 88,AMMUNITION,mines-antipersonnel,yes,yes,"Предоставленный PDF «Иностранные мины 2» — PDF-стр. 20; IFRC — Mines & Explosive Remnants of War: при обнаружении; Предоставленный PDF «Иностранные мины 2» — PDF-стр. 20; GICHD — Explosive Ordnance Guide for Ukraine, Third Edition (границы распознавания); Предоставленный PDF «Иностранные мины 2»: повторная сверка массы и наполнения, физические PDF-стр. 20"
eng-vs-50-family,VS-50 / VS-50 EO3,AMMUNITION,mines-antipersonnel,yes,yes,"Предоставленный PDF «Иностранные мины 2» — PDF-стр. 64-65; Предоставленный PDF «Иностранные мины на Ближнем и Среднем Востоке и в Северной Африке» (2016) — PDF-стр. 4, 9, 12, 14–18, 53; Предоставленный PDF «Иностранные мины на Ближнем и Среднем Востоке и в Северной Африке» (2016) — PDF-стр. 12, 14, 15; IFRC — Mines & Explosive Remnants of War: при обнаружении; Предоставленный PDF «Иностранные мины на Ближнем и Среднем Востоке и в Северной Африке» (2016) — PDF-стр. 12, 14, 15; GICHD — Explosive Ordnance Guide for Ukraine, Third Edition (границы распознавания); Landmine Monitor 1999 / Human Rights Watch — Asia-Pacific; HALO Trust — Land Mines Identification Guide, Itamar Levy, August 2005, стр. 12, VS-50"
eng-vs-jap,VS-JAP,AMMUNITION,mines-antipersonnel,yes,yes,"Предоставленный PDF «Иностранные мины 2» — PDF-стр. 46; IFRC — Mines & Explosive Remnants of War: при обнаружении; Предоставленный PDF «Иностранные мины 2» — PDF-стр. 46, 47; GICHD — Explosive Ordnance Guide for Ukraine, Third Edition (границы распознавания); Предоставленный PDF «Иностранные мины 2»: повторная сверка массы и наполнения, физические PDF-стр. 46"
eng-vs-mk2-family,VS-Mk-2 / VS-Mk2-EL,AMMUNITION,mines-antipersonnel,yes,yes,"Предоставленный PDF «Иностранные мины 2» — PDF-стр. 67-68; IFRC — Mines & Explosive Remnants of War: при обнаружении; Предоставленный PDF «Иностранные мины 2» — PDF-стр. 67, 68, 69; GICHD — Explosive Ordnance Guide for Ukraine, Third Edition (границы распознавания); NAVEODTECHDIV — Iraq Ordnance Identification Guide (2004), land, PDF 15: VS-MK 2 / AR-AN"
eng-vs-sapf-m3,VS-SAPF-M3,AMMUNITION,mines-antipersonnel,yes,yes,"Предоставленный PDF «Иностранные мины 2» — PDF-стр. 33; IFRC — Mines & Explosive Remnants of War: при обнаружении; Предоставленный PDF «Иностранные мины 2» — PDF-стр. 33, 34; GICHD — Explosive Ordnance Guide for Ukraine, Third Edition (границы распознавания); Предоставленный PDF «Иностранные мины 2»: повторная сверка массы и наполнения, физические PDF-стр. 34"
eng-ym-1-ir,YM-1,AMMUNITION,mines-antipersonnel,yes,yes,"Предоставленный PDF «Иностранные мины на Ближнем и Среднем Востоке и в Северной Африке» (2016) — PDF-стр. 10, 13, 18; Предоставленный PDF «Справочник сапера “Минлей”» (2025) — PDF-стр. 26–27; IFRC — Mines & Explosive Remnants of War: при обнаружении; Предоставленный PDF «Справочник сапера “Минлей”» (2025) — PDF-стр. 26, 27; GICHD — Explosive Ordnance Guide for Ukraine, Third Edition (границы распознавания); NAVEODTECHDIV — Iraq Ordnance Identification Guide (2004), scatter, PDF 11: YM-I"
eng-ym-1b-ir,YM-1B,AMMUNITION,mines-antipersonnel,yes,yes,"Предоставленный PDF «Справочник сапера “Минлей”» (2025) — PDF-стр. 28–29; IFRC — Mines & Explosive Remnants of War: при обнаружении; Предоставленный PDF «Справочник сапера “Минлей”» (2025) — PDF-стр. 28; GICHD — Explosive Ordnance Guide for Ukraine, Third Edition (границы распознавания); Предоставленный PDF «Справочник сапера «Минлей»»: сверка характеристик и наполнения, физические PDF-стр. 28"
eng-israel-no-12,Израильская мина No. 12,AMMUNITION,mines-antipersonnel,yes,no,"Предоставленный PDF «Иностранные мины на Ближнем и Среднем Востоке и в Северной Африке» (2016) — PDF-стр. 3–4; IFRC — Mines & Explosive Remnants of War: при обнаружении; Предоставленный PDF «Иностранные мины на Ближнем и Среднем Востоке и в Северной Африке» (2016) — PDF-стр. 3, 4; GICHD — Explosive Ordnance Guide for Ukraine, Third Edition (границы распознавания); Предоставленный PDF «Иностранные мины 1: Ближний и Средний Восток и Северная Африка»: сверка характеристик и наполнения, физические PDF-стр. 3, 4"
eng-pma-1a,ПМА-1А,AMMUNITION,mines-antipersonnel,yes,no,"Предоставленный PDF «Иностранные мины на Ближнем и Среднем Востоке и в Северной Африке» (2016) — PDF-стр. 54–55; IFRC — Mines & Explosive Remnants of War: при обнаружении; Предоставленный PDF «Иностранные мины на Ближнем и Среднем Востоке и в Северной Африке» (2016) — PDF-стр. 54, 55; GICHD — Explosive Ordnance Guide for Ukraine, Third Edition (границы распознавания); PMA-1A — www.ima-usa.com; HALO Trust — Land Mines Identification Guide, Itamar Levy, August 2005, стр. 28, PMA 1 A"
eng-pma-2,ПМА-2,AMMUNITION,mines-antipersonnel,yes,yes,"Предоставленный PDF «Иностранные мины на Ближнем и Среднем Востоке и в Северной Африке» (2016) — PDF-стр. 55, 57; Предоставленный PDF «Справочник сапера “Минлей”» (2025) — PDF-стр. 34–36; IFRC — Mines & Explosive Remnants of War: при обнаружении; Предоставленный PDF «Справочник сапера “Минлей”» (2025) — PDF-стр. 34, 35; GICHD — Explosive Ordnance Guide for Ukraine, Third Edition (границы распознавания); HALO Trust — Land Mines Identification Guide, Itamar Levy, August 2005, стр. 29, PMA 2"
eng-pma-3,ПМА-3,AMMUNITION,mines-antipersonnel,yes,no,"Предоставленный PDF «Иностранные мины на Ближнем и Среднем Востоке и в Северной Африке» (2016) — PDF-стр. 55–56; IFRC — Mines & Explosive Remnants of War: при обнаружении; Предоставленный PDF «Иностранные мины на Ближнем и Среднем Востоке и в Северной Африке» (2016) — PDF-стр. 55, 56; GICHD — Explosive Ordnance Guide for Ukraine, Third Edition (границы распознавания); Wikimedia Commons — PMA-3_landmine.JPEG; HALO Trust — Land Mines Identification Guide, Itamar Levy, August 2005, стр. 30, PMA 3"
eng-prom-1,ПРОМ-1,AMMUNITION,mines-antipersonnel,yes,yes,"Предоставленный PDF «Иностранные мины на Ближнем и Среднем Востоке и в Северной Африке» (2016) — PDF-стр. 9–10, 63–65; IFRC — Mines & Explosive Remnants of War: при обнаружении; Предоставленный PDF «Иностранные мины на Ближнем и Среднем Востоке и в Северной Африке» (2016) — PDF-стр. 63, 65; GICHD — Explosive Ordnance Guide for Ukraine, Third Edition (границы распознавания); Армия США — TM 5-280 (1971), раздел 6-80, PDF 183: PROM-1; NAVEODTECHDIV: Iraq Ordnance Identification Guide (2004), Landmine 9 / PDF 9 — PROM-1, наружный рисунок"
eng-protivopehotnaa-fugasnaa-mina-l10a1,Противопехотная фугасная мина L10A1,AMMUNITION,mines-antipersonnel,yes,yes,"Предоставленный PDF «Иностранные мины 2» — PDF-стр. 57-58; IFRC — Mines & Explosive Remnants of War: при обнаружении; Предоставленный PDF «Иностранные мины 2» — PDF-стр. 58; GICHD — Explosive Ordnance Guide for Ukraine, Third Edition (границы распознавания); U.S. Department of the Army — FM 3-34.2 Combined-Arms Breaching Operations, Appendix B (2002); NAVEODTECHDIV — Iraq Ordnance Identification Guide (2004), scatter, PDF 5: L10A1"
eng-protivopehotnaa-fugasnaa-mina-lory,Противопехотная фугасная мина LORY,AMMUNITION,mines-antipersonnel,yes,yes,"Предоставленный PDF «Иностранные мины 2» — PDF-стр. 69; IFRC — Mines & Explosive Remnants of War: при обнаружении; Предоставленный PDF «Иностранные мины 2» — PDF-стр. 69; GICHD — Explosive Ordnance Guide for Ukraine, Third Edition (границы распознавания); Предоставленный PDF «Иностранные мины 2»: повторная сверка массы и наполнения, физические PDF-стр. 69"
eng-protivopehotnaa-fugasnaa-mina-maus-1,Противопехотная фугасная мина MAUS-1,AMMUNITION,mines-antipersonnel,yes,yes,"Предоставленный PDF «Иностранные мины 2» — PDF-стр. 59; IFRC — Mines & Explosive Remnants of War: при обнаружении; Предоставленный PDF «Иностранные мины 2» — PDF-стр. 59; GICHD — Explosive Ordnance Guide for Ukraine, Third Edition (границы распознавания); Предоставленный PDF «Иностранные мины 2»: повторная сверка массы и наполнения, физические PDF-стр. 59"
eng-p4-mk1-pk,P4 Mk1,AMMUNITION,mines-antipersonnel,yes,yes,"Предоставленный PDF «Иностранные мины 2» — PDF-стр. 54; Предоставленный PDF «Иностранные мины на Ближнем и Среднем Востоке и в Северной Африке» (2016) — PDF-стр. 47–48; IFRC — Mines & Explosive Remnants of War: при обнаружении; Предоставленный PDF «Иностранные мины 2» — PDF-стр. 54; GICHD — Explosive Ordnance Guide for Ukraine, Third Edition (границы распознавания); HALO Trust — Land Mines Identification Guide, Itamar Levy, August 2005, стр. 27, P4 Mk1"
eng-pm-79-bg,ПМ-79 / PM-79,AMMUNITION,mines-antipersonnel,yes,yes,"Предоставленный PDF «Иностранные мины 2» — PDF-стр. 55; Предоставленный PDF «Иностранные мины на Ближнем и Среднем Востоке и в Северной Африке» (2016) — PDF-стр. 44–45; IFRC — Mines & Explosive Remnants of War: при обнаружении; Предоставленный PDF «Иностранные мины на Ближнем и Среднем Востоке и в Северной Африке» (2016) — PDF-стр. 44, 45; GICHD — Explosive Ordnance Guide for Ukraine, Third Edition (границы распознавания); Bulgaria — Initial Article 7 Report, 1999, форма H, PDF-стр. 7: PM-79"
eng-ts-50,TS-50,AMMUNITION,mines-antipersonnel,yes,yes,"Предоставленный PDF «Иностранные мины 2» — PDF-стр. 62-63; Предоставленный PDF «Иностранные мины на Ближнем и Среднем Востоке и в Северной Африке» (2016) — PDF-стр. 9, 12–14, 17–18, 53; Предоставленный PDF «Справочник сапера “Минлей”» (2025) — PDF-стр. 30–31; Предоставленный PDF «Иностранные мины на Ближнем и Среднем Востоке и в Северной Африке» (2016) — PDF-стр. 10, 13, 14; IFRC — Mines & Explosive Remnants of War: при обнаружении; Предоставленный PDF «Иностранные мины на Ближнем и Среднем Востоке и в Северной Африке» (2016) — PDF-стр. 10, 13, 14; GICHD — Explosive Ordnance Guide for Ukraine, Third Edition (границы распознавания); Landmine Monitor 1999 / Human Rights Watch — Asia-Pacific; HALO Trust — Land Mines Identification Guide, Itamar Levy, August 2005, стр. 13, TS-50 / YM I"
eng-psm-1-bg,ПСМ-1,AMMUNITION,mines-antipersonnel,yes,yes,"Предоставленный PDF «Иностранные мины на Ближнем и Среднем Востоке и в Северной Африке» (2016) — PDF-стр. 8–9; IFRC — Mines & Explosive Remnants of War: при обнаружении; Предоставленный PDF «Иностранные мины на Ближнем и Среднем Востоке и в Северной Африке» (2016) — PDF-стр. 8, 9; GICHD — Explosive Ordnance Guide for Ukraine, Third Edition (границы распознавания); PSM-1 — www.militaryperiscope.com; European Commission / JRC — Metal Detector Handbook for Humanitarian Demining (2003), Annex C, печатная с. 153 / PDF 155; копия первичного издания"
eng-r-25,Р-25,AMMUNITION,mines-antipersonnel,yes,yes,"Предоставленный PDF «Иностранные мины 2» — PDF-стр. 44; IFRC — Mines & Explosive Remnants of War: при обнаружении; Предоставленный PDF «Иностранные мины 2» — PDF-стр. 44; GICHD — Explosive Ordnance Guide for Ukraine, Third Edition (границы распознавания); CAT-UXO — P-25 Landmine; Предоставленный PDF «Иностранные мины 2»: повторная сверка массы и наполнения, физические PDF-стр. 44"
eng-tos,ТОС,AMMUNITION,mines-antipersonnel,yes,yes,"Предоставленный PDF «Иностранные мины 2» — PDF-стр. 32; IFRC — Mines & Explosive Remnants of War: при обнаружении; Предоставленный PDF «Иностранные мины 2» — PDF-стр. 32, 33; GICHD — Explosive Ordnance Guide for Ukraine, Third Edition (границы распознавания); Предоставленный PDF «Иностранные мины 2»: повторная сверка массы и наполнения, физические PDF-стр. 33"
eng-adwat,ADWAT,AMMUNITION,mines-antitank,yes,yes,"Предоставленный PDF «Иностранные мины 2» — PDF-стр. 93; IFRC — Mines & Explosive Remnants of War: при обнаружении; Предоставленный PDF «Иностранные мины 2» — PDF-стр. 93; GICHD — Explosive Ordnance Guide for Ukraine, Third Edition (границы распознавания); Предоставленный PDF «Иностранные мины 2»: повторная сверка массы и наполнения, физические PDF-стр. 93"
submunition-blu-91-b,BLU-91/B (мина-суббоеприпас),AMMUNITION,mines-antibottom,yes,yes,"Предоставленный PDF «Иностранные мины 2» — PDF-стр. 158; Предоставленный PDF «Справочник сапера “Минлей”» (2025) — PDF-стр. 131; IFRC — Mines & Explosive Remnants of War: при обнаружении; Предоставленный PDF «Иностранные мины 2» — PDF-стр. 158; GICHD — Explosive Ordnance Guide for Ukraine, Third Edition (границы распознавания); Предоставленный PDF «Иностранные мины 2» — прямые названия класса в разделе 5 — PDF-стр. 158; BLU-91/B (мина-суббоеприпас); NAVEODTECHDIV — Iraq Ordnance Identification Guide (2004), scatter, PDF 15: BLU-91/B"
eng-c-3-b-av,C-3-B,AMMUNITION,mines-antivehicle,yes,yes,"Предоставленный PDF «Справочник сапера “Минлей”» (2025) — PDF-стр. 110–113; IFRC — Mines & Explosive Remnants of War: при обнаружении; Предоставленный PDF «Справочник сапера “Минлей”» (2025) — PDF-стр. 110, 111; GICHD — Explosive Ordnance Guide for Ukraine, Third Edition (границы распознавания); GICHD — Explosive Ordnance Guide for Ukraine, Third Edition (2025), стр. 29: наполнение"
eng-c14,C14,AMMUNITION,mines-antitank,yes,yes,"Предоставленный PDF «Иностранные мины 2» — PDF-стр. 175-176; IFRC — Mines & Explosive Remnants of War: при обнаружении; Предоставленный PDF «Иностранные мины 2» — PDF-стр. 175, 176; GICHD — Explosive Ordnance Guide for Ukraine, Third Edition (границы распознавания); Предоставленный PDF «Иностранные мины 2»: сверка характеристик и наполнения, физические PDF-стр. 175"
eng-dm-11-av-1951,"DM 11 (противотранспортная, образца 1951 года)",AMMUNITION,mines-antivehicle,yes,yes,"Предоставленный PDF «Справочник сапера “Минлей”» (2025) — PDF-стр. 96–98; IFRC — Mines & Explosive Remnants of War: при обнаружении; Предоставленный PDF «Справочник сапера “Минлей”» (2025) — PDF-стр. 96, 97, 98; GICHD — Explosive Ordnance Guide for Ukraine, Third Edition (границы распознавания); Предоставленный PDF «Справочник сапера «Минлей»»: сверка характеристик и наполнения, физические PDF-стр. 96"
eng-parm-family,PARM DM12 / DM22,AMMUNITION,mines-antivehicle,yes,yes,"Предоставленный PDF «Иностранные мины 2» — PDF-стр. 170-174; Предоставленный PDF «Справочник сапера “Минлей”» (2025) — PDF-стр. 137–138; Предоставленный PDF «Иностранные БП, СВ, ВВ без фоновых ссылок» — PDF-стр. 75-84; IFRC — Mines & Explosive Remnants of War: при обнаружении; Предоставленный PDF «Иностранные мины 2» — PDF-стр. 170, 171, 175; GICHD — Explosive Ordnance Guide for Ukraine, Third Edition (границы распознавания); U.S. Army / TRADOC — Worldwide Equipment Guide, Vol. 1: Ground Systems (2015), PDF 463; GICHD — Explosive Ordnance Guide for Ukraine, Third Edition (2025), PDF / печатная с. 26: PARM 2 / DM-22"
eng-dm21,DM 21 (противотанковая мина),AMMUNITION,mines-antitank,yes,yes,"Предоставленный PDF «Иностранные мины 2» — PDF-стр. 100-102; Предоставленный PDF «Справочник сапера “Минлей”» (2025) — PDF-стр. 99–101; Предоставленный PDF «Иностранные мины 2» — PDF-стр. 100, 101; Предоставленный PDF «Справочник сапера “Минлей”» (2025) — PDF-стр. 99; IFRC — Mines & Explosive Remnants of War: при обнаружении; Предоставленный PDF «Иностранные мины 2» — PDF-стр. 100, 101; Предоставленный PDF «Справочник сапера “Минлей”» (2025) — PDF-стр. 99; GICHD — Explosive Ordnance Guide for Ukraine, Third Edition (границы распознавания); U.S. Army — FM 3-34.2, B-2, PDF-стр. 75"
eng-fordonsmina-14,Fordonsmina 14 / FFV 016,AMMUNITION,mines-antivehicle,yes,yes,"Предоставленный PDF «Справочник сапера “Минлей”» (2025) — PDF-стр. 146–148; IFRC — Mines & Explosive Remnants of War: при обнаружении; Предоставленный PDF «Иностранные мины 2» — PDF-стр. 162; Предоставленный PDF «Справочник сапера “Минлей”» (2025) — PDF-стр. 146, 148; GICHD — Explosive Ordnance Guide for Ukraine, Third Edition (границы распознавания); Försvarsmakten — SoldR Mtrl Vapen, Minor (2001), M7742-101231, печатные с. 104; копия первичного руководства"
eng-l9a2-l18a1-bar-mine-family,L9A2 Bar Mine / L18A1,AMMUNITION,mines-antitank,yes,yes,"Предоставленный PDF «Справочник сапера “Минлей”» (2025) — PDF-стр. 78–79; IFRC — Mines & Explosive Remnants of War: при обнаружении; Предоставленный PDF «Справочник сапера “Минлей”» (2025) — PDF-стр. 78, 79; GICHD — Explosive Ordnance Guide for Ukraine, Third Edition (границы распознавания); European Commission / JRC — Metal Detector Handbook for Humanitarian Demining (2003), Annex C, печатная с. 154 / PDF 156"
eng-m1-m1a1-av-family,M1 / M1A1 (противотранспортные мины),AMMUNITION,mines-antitank,yes,yes,"Предоставленный PDF «Иностранные мины на Ближнем и Среднем Востоке и в Северной Африке» (2016) — PDF-стр. 66–67; IFRC — Mines & Explosive Remnants of War: при обнаружении; Предоставленный PDF «Иностранные мины на Ближнем и Среднем Востоке и в Северной Африке» (2016) — PDF-стр. 66, 67; GICHD — Explosive Ordnance Guide for Ukraine, Third Edition (границы распознавания); European Commission / JRC — Metal Detector Handbook for Humanitarian Demining (2003), Annex C, печатная с. 153 / PDF 155; копия первичного издания"
eng-m15-av,M15 (противотанковая мина),AMMUNITION,mines-antitank,yes,yes,"Предоставленный PDF «Иностранные мины на Ближнем и Среднем Востоке и в Северной Африке» (2016) — PDF-стр. 9–10, 69–72; Предоставленный PDF «Справочник сапера “Минлей”» (2025) — PDF-стр. 70–73; Предоставленный PDF «Иностранные мины на Ближнем и Среднем Востоке и в Северной Африке» (2016) — PDF-стр. 69, 70; IFRC — Mines & Explosive Remnants of War: при обнаружении; Предоставленный PDF «Иностранные мины на Ближнем и Среднем Востоке и в Северной Африке» (2016) — PDF-стр. 69, 70; GICHD — Explosive Ordnance Guide for Ukraine, Third Edition (границы распознавания); US Army — TM 43-0001-36 (September 1994, с поправками 1997), стр. 2-4"
eng-m21-av,M21 (противотранспортная мина),AMMUNITION,mines-antibottom,yes,yes,"Предоставленный PDF «Справочник сапера “Минлей”» (2025) — PDF-стр. 76–77; IFRC — Mines & Explosive Remnants of War: при обнаружении; Предоставленный PDF «Справочник сапера “Минлей”» (2025) — PDF-стр. 76; GICHD — Explosive Ordnance Guide for Ukraine, Third Edition (границы распознавания); Предоставленный PDF «Справочник сапера “Минлей”» — названия класса и страны — PDF-стр. 76; M21 (противотранспортная мина); US Army — TM 43-0001-36 (September 1994, с поправками 1997), стр. 2-8"
eng-m6a2-av,M6A2,AMMUNITION,mines-antitank,yes,yes,"Предоставленный PDF «Иностранные мины на Ближнем и Среднем Востоке и в Северной Африке» (2016) — PDF-стр. 67–68; Предоставленный PDF «Справочник сапера “Минлей”» (2025) — PDF-стр. 68–69; IFRC — Mines & Explosive Remnants of War: при обнаружении; Предоставленный PDF «Справочник сапера “Минлей”» (2025) — PDF-стр. 68; GICHD — Explosive Ordnance Guide for Ukraine, Third Edition (границы распознавания); European Commission / JRC — Metal Detector Handbook for Humanitarian Demining (2003), Annex C, печатная с. 153 / PDF 155; копия первичного издания"
eng-m70-m73-mine-family,M70 / M73 (RAAM/FASCAM),AMMUNITION,mines-antibottom,yes,yes,"Предоставленный PDF «Иностранные мины 2» — PDF-стр. 154-155; Предоставленный PDF «Справочник сапера “Минлей”» (2025) — PDF-стр. 132–134; IFRC — Mines & Explosive Remnants of War: при обнаружении; Предоставленный PDF «Иностранные мины 2» — PDF-стр. 154, 155; GICHD — Explosive Ordnance Guide for Ukraine, Third Edition (границы распознавания); Предоставленный PDF «Иностранные мины 2» — прямые названия класса в разделе 5 — PDF-стр. 154; M70 / M73 (RAAM/FASCAM); Армия США — TM 43-0001-36 (1994; Change 3, 2000), PDF 115: внутренняя мина RAAM"
eng-m7a2-av,M7A2,AMMUNITION,mines-antitank,yes,yes,"Предоставленный PDF «Иностранные мины на Ближнем и Среднем Востоке и в Северной Африке» (2016) — PDF-стр. 68–69; IFRC — Mines & Explosive Remnants of War: при обнаружении; Предоставленный PDF «Иностранные мины на Ближнем и Среднем Востоке и в Северной Африке» (2016) — PDF-стр. 68, 69; GICHD — Explosive Ordnance Guide for Ukraine, Third Edition (границы распознавания); HALO Trust — Land Mines Identification Guide, Itamar Levy, August 2005, стр. 77, M7A2"
eng-mat-62b-mat-76-family,MAT-62B / MAT-76,AMMUNITION,mines-antitank,yes,yes,"Предоставленный PDF «Справочник сапера “Минлей”» (2025) — PDF-стр. 90–92; Предоставленный PDF «Иностранные БП, СВ, ВВ без фоновых ссылок» — PDF-стр. 59-60; Предоставленный PDF «Иностранные БП, СВ, ВВ без фоновых ссылок» — PDF-стр. 59; Предоставленный PDF «Справочник сапера “Минлей”» (2025) — PDF-стр. 90; IFRC — Mines & Explosive Remnants of War: при обнаружении; Предоставленный PDF «Иностранные БП, СВ, ВВ без фоновых ссылок» — PDF-стр. 59; Предоставленный PDF «Справочник сапера “Минлей”» (2025) — PDF-стр. 90; GICHD — Explosive Ordnance Guide for Ukraine, Third Edition (границы распознавания); NAVEODTECHDIV — Iraq Ordnance Identification Guide (2004), land, PDF 35: MAT-76"
eng-mat-5-mat-6-family,MAT/5 / MAT/6,AMMUNITION,mines-antitank,yes,yes,"Предоставленный PDF «Иностранные мины 2» — PDF-стр. 90-91; IFRC — Mines & Explosive Remnants of War: при обнаружении; Предоставленный PDF «Иностранные мины 2» — PDF-стр. 90, 91; GICHD — Explosive Ordnance Guide for Ukraine, Third Edition (границы распознавания); Предоставленный PDF «Иностранные мины 2»: повторная сверка массы и наполнения, физические PDF-стр. 90, 91"
eng-mats-family,MATS/1.4 / MATS/2.6,AMMUNITION,mines-antitank,yes,yes,"Предоставленный PDF «Иностранные мины 2» — PDF-стр. 77-78; Предоставленный PDF «Справочник сапера “Минлей”» (2025) — PDF-стр. 109; IFRC — Mines & Explosive Remnants of War: при обнаружении; Предоставленный PDF «Иностранные мины 2» — PDF-стр. 77, 78; GICHD — Explosive Ordnance Guide for Ukraine, Third Edition (границы распознавания); Предоставленный PDF «Иностранные мины 2»: повторная сверка массы и наполнения, физические PDF-стр. 78"
eng-mc-71,MC-71,AMMUNITION,mines-antibottom,yes,yes,"Предоставленный PDF «Справочник сапера “Минлей”» (2025) — PDF-стр. 130; IFRC — Mines & Explosive Remnants of War: при обнаружении; Предоставленный PDF «Справочник сапера “Минлей”» (2025) — PDF-стр. 130; GICHD — Explosive Ordnance Guide for Ukraine, Third Edition (границы распознавания); Предоставленный PDF «Справочник сапера “Минлей”» — названия класса и страны — PDF-стр. 130; MC-71; U.S. Army — FM 3-34.2, B-3, PDF-стр. 76"
eng-mi-ac-ah-family,MI AC AH F1 / F2,AMMUNITION,mines-antitank,yes,yes,"Предоставленный PDF «Иностранные мины 2» — PDF-стр. 177-183; Предоставленный PDF «Справочник сапера “Минлей”» (2025) — PDF-стр. 141–145; Предоставленный PDF «Иностранные БП, СВ, ВВ без фоновых ссылок» — PDF-стр. 69-74; IFRC — Mines & Explosive Remnants of War: при обнаружении; Предоставленный PDF «Иностранные мины 2» — PDF-стр. 177, 178, 181; GICHD — Explosive Ordnance Guide for Ukraine, Third Edition (границы распознавания); U.S. Army / TRADOC — Worldwide Equipment Guide, Vol. 1: Ground Systems (2015), PDF 463"
eng-mitral,Mitral,AMMUNITION,mines-antitank,yes,yes,"Предоставленный PDF «Иностранные мины 2» — PDF-стр. 94; IFRC — Mines & Explosive Remnants of War: при обнаружении; Предоставленный PDF «Иностранные мины 2» — PDF-стр. 94; GICHD — Explosive Ordnance Guide for Ukraine, Third Edition (границы распознавания); Предоставленный PDF «Иностранные мины 2»: повторная сверка массы и наполнения, физические PDF-стр. 94"
eng-mn-123-family,MN-123 / MN-121,AMMUNITION,mines-antibottom,yes,yes,"Предоставленный PDF «Справочник сапера “Минлей”» (2025) — PDF-стр. 127–128; IFRC — Mines & Explosive Remnants of War: при обнаружении; Предоставленный PDF «Справочник сапера “Минлей”» (2025) — PDF-стр. 127, 128; Предоставленный PDF «Иностранные мины 2» — PDF-стр. 111; GICHD — Explosive Ordnance Guide for Ukraine, Third Edition (границы распознавания); Предоставленный PDF «Иностранные мины 2» — прямые названия класса в разделе 5 — PDF-стр. 111–112; MN-123 / MN-121; Wojskowy Instytut Techniki Inżynieryjnej — каталог, MN-123, PDF 6 (дата издания не установлена)"
eng-mpbk-zn,MPBK-ZN,AMMUNITION,mines-antitank,yes,yes,"Предоставленный PDF «Иностранные мины 2» — PDF-стр. 169; IFRC — Mines & Explosive Remnants of War: при обнаружении; Предоставленный PDF «Иностранные мины 2» — PDF-стр. 169; GICHD — Explosive Ordnance Guide for Ukraine, Third Edition (границы распознавания); Предоставленный PDF «Иностранные мины 2»: повторная сверка массы и наполнения, физические PDF-стр. 169"
eng-mr-123,MR-123,AMMUNITION,mines-antibottom,yes,yes,"Предоставленный PDF «Справочник сапера “Минлей”» (2025) — PDF-стр. 129; IFRC — Mines & Explosive Remnants of War: при обнаружении; Предоставленный PDF «Справочник сапера “Минлей”» (2025) — PDF-стр. 129; GICHD — Explosive Ordnance Guide for Ukraine, Third Edition (границы распознавания); Предоставленный PDF «Иностранные мины 2» — прямые названия класса в разделе 5 — PDF-стр. 114; MR-123; BELMA S.A. — заводской каталог 2024, печатная с. 5 / PDF 7; публичная копия издателя"
eng-p3-mk2-pk,P3 Mk2,AMMUNITION,mines-antitank,yes,yes,"Предоставленный PDF «Иностранные мины на Ближнем и Среднем Востоке и в Северной Африке» (2016) — PDF-стр. 48–49; IFRC — Mines & Explosive Remnants of War: при обнаружении; Предоставленный PDF «Иностранные мины на Ближнем и Среднем Востоке и в Северной Африке» (2016) — PDF-стр. 49; GICHD — Explosive Ordnance Guide for Ukraine, Third Edition (границы распознавания); European Commission / JRC — Metal Detector Handbook for Humanitarian Demining (2003), Annex C, печатная с. 153 / PDF 155"
eng-pansermine-m47,Pansermine M/47,AMMUNITION,mines-antitank,yes,yes,"Предоставленный PDF «Справочник сапера “Минлей”» (2025) — PDF-стр. 82; IFRC — Mines & Explosive Remnants of War: при обнаружении; Предоставленный PDF «Справочник сапера “Минлей”» (2025) — PDF-стр. 82; GICHD — Explosive Ordnance Guide for Ukraine, Third Edition (границы распознавания); Армия США — TM 5-280 (1971), раздел 9-6, PDF 219: датская M/47-1"
eng-pk-14-ee,PK-14 / M14 (Эстония),AMMUNITION,mines-antivehicle,yes,yes,"Предоставленный PDF «Справочник сапера “Минлей”» (2025) — PDF-стр. 146–148; IFRC — Mines & Explosive Remnants of War: при обнаружении; Предоставленный PDF «Иностранные мины 2» — PDF-стр. 159; Предоставленный PDF «Справочник сапера “Минлей”» (2025) — PDF-стр. 146; GICHD — Explosive Ordnance Guide for Ukraine, Third Edition (границы распознавания); Предоставленный PDF «Иностранные мины 2»: повторная сверка массы и наполнения, физические PDF-стр. 159"
eng-pm-60-k-1,PM-60 / K-1,AMMUNITION,mines-antitank,yes,yes,"Предоставленный PDF «Иностранные мины на Ближнем и Среднем Востоке и в Северной Африке» (2016) — PDF-стр. 28–30; IFRC — Mines & Explosive Remnants of War: при обнаружении; Предоставленный PDF «Иностранные мины на Ближнем и Среднем Востоке и в Северной Африке» (2016) — PDF-стр. 28, 29; GICHD — Explosive Ordnance Guide for Ukraine, Third Edition (границы распознавания); USAREUR — Pam 30-60-1, Part Three, Volume II (30 July 1975), PDF 25: PM-60"
eng-prb-m3-family,PRB M3 / M3A1,AMMUNITION,mines-antitank,yes,yes,"Предоставленный PDF «Иностранные мины на Ближнем и Среднем Востоке и в Северной Африке» (2016) — PDF-стр. 9–10, 78–80; Предоставленный PDF «Иностранные мины на Ближнем и Среднем Востоке и в Северной Африке» (2016) — PDF-стр. 78, 79, 80; IFRC — Mines & Explosive Remnants of War: при обнаружении; Предоставленный PDF «Иностранные мины на Ближнем и Среднем Востоке и в Северной Африке» (2016) — PDF-стр. 78, 79, 80; GICHD — Explosive Ordnance Guide for Ukraine, Third Edition (границы распознавания); HALO Trust — Land Mines Identification Guide, Itamar Levy, August 2005, стр. 78, PRB M3; NAVEODTECHDIV: Iraq Ordnance Identification Guide (2004), Landmine 25 / PDF 25 — PRB M3A1, отдельный наружный рисунок"
eng-pt-mi-ba-family,PT Mi-Ba (семейство),AMMUNITION,mines-antitank,yes,yes,"Предоставленный PDF «Иностранные мины на Ближнем и Среднем Востоке и в Северной Африке» (2016) — PDF-стр. 10, 74–78; Предоставленный PDF «Справочник сапера “Минлей”» (2025) — PDF-стр. 93; IFRC — Mines & Explosive Remnants of War: при обнаружении; Предоставленный PDF «Иностранные мины на Ближнем и Среднем Востоке и в Северной Африке» (2016) — PDF-стр. 74, 75, 76, 78; GICHD — Explosive Ordnance Guide for Ukraine, Third Edition (границы распознавания); USAREUR — Pam 30-60-1, Part Three, Volume II (30 July 1975), печатная с. 24, PDF 25: наполнения трёх моделей"
eng-pt-mi-u,PT Mi-U,AMMUNITION,mines-antibottom,yes,yes,"Предоставленный PDF «Справочник сапера “Минлей”» (2025) — PDF-стр. 152–155; IFRC — Mines & Explosive Remnants of War: при обнаружении; Предоставленный PDF «Справочник сапера “Минлей”» (2025) — PDF-стр. 152; GICHD — Explosive Ordnance Guide for Ukraine, Third Edition (границы распознавания); Предоставленный PDF «Иностранные мины 2» — прямые названия класса в разделе 5 — PDF-стр. 134; PT Mi-U; Предоставленный PDF «Иностранные мины 2»: повторная сверка массы и наполнения, физические PDF-стр. 134"
eng-saci-54-family,SACI 54 (семейство),AMMUNITION,mines-antitank,yes,yes,"Предоставленный PDF «Иностранные мины на Ближнем и Среднем Востоке и в Северной Африке» (2016) — PDF-стр. 23; IFRC — Mines & Explosive Remnants of War: при обнаружении; Предоставленный PDF «Иностранные мины на Ближнем и Среднем Востоке и в Северной Африке» (2016) — PDF-стр. 23; GICHD — Explosive Ordnance Guide for Ukraine, Third Edition (границы распознавания); CAT-UXO — SACI Landmine; Армия США — TM 5-280 (1971), раздел 9-48, PDF 303: историческая таблица Saci 54/7"
eng-sb-81-family,SB-81 / SB-81-AR-AN,AMMUNITION,mines-antitank,yes,yes,"Предоставленный PDF «Иностранные мины 2» — PDF-стр. 79-80; Предоставленный PDF «Иностранные мины на Ближнем и Среднем Востоке и в Северной Африке» (2016) — PDF-стр. 10–12, 27–28, 74; IFRC — Mines & Explosive Remnants of War: при обнаружении; Предоставленный PDF «Иностранные мины 2» — PDF-стр. 79, 80; GICHD — Explosive Ordnance Guide for Ukraine, Third Edition (границы распознавания); NAVEODTECHDIV — Iraq Ordnance Identification Guide (2004), land, PDF 26: SB-81"
eng-sh-55-family,SH-55 (семейство),AMMUNITION,mines-antitank,yes,yes,"Предоставленный PDF «Иностранные мины 2» — PDF-стр. 81; Предоставленный PDF «Иностранные мины на Ближнем и Среднем Востоке и в Северной Африке» (2016) — PDF-стр. 24–25; IFRC — Mines & Explosive Remnants of War: при обнаружении; Предоставленный PDF «Иностранные мины 2» — PDF-стр. 81; GICHD — Explosive Ordnance Guide for Ukraine, Third Edition (границы распознавания); NAVEODTECHDIV — Iraq Ordnance Identification Guide (2004), land, PDF 29: SH-55"
eng-stridsvagnsmina-m52b,Stridsvagnsmina m/52B,AMMUNITION,mines-antitank,yes,yes,"Предоставленный PDF «Справочник сапера “Минлей”» (2025) — PDF-стр. 83–87; Предоставленный PDF «Справочник сапера “Минлей”» (2025) — PDF-стр. 83; IFRC — Mines & Explosive Remnants of War: при обнаружении; Предоставленный PDF «Справочник сапера “Минлей”» (2025) — PDF-стр. 83; GICHD — Explosive Ordnance Guide for Ukraine, Third Edition (границы распознавания); Försvarsmakten — SoldR Mtrl Vapen, Minor (2001), M7742-101231, печатные с. 16; копия первичного руководства"
eng-t-ab-1-at,T-AB-1 (противотранспортная),AMMUNITION,mines-antitank,yes,yes,"Предоставленный PDF «Иностранные мины на Ближнем и Среднем Востоке и в Северной Африке» (2016) — PDF-стр. 49–50; IFRC — Mines & Explosive Remnants of War: при обнаружении; Предоставленный PDF «Иностранные мины на Ближнем и Среднем Востоке и в Северной Африке» (2016) — PDF-стр. 49, 50; GICHD — Explosive Ordnance Guide for Ukraine, Third Edition (границы распознавания); Иностранные мины 1 — PDF-стр. 50; Предоставленный PDF «Иностранные мины 1: Ближний и Средний Восток и Северная Африка»: сверка характеристик и наполнения, физические PDF-стр. 50"
eng-tc-family,TC/2.4 / TC/3.6 / TC/6,AMMUNITION,mines-antitank,yes,yes,"Предоставленный PDF «Иностранные мины 2» — PDF-стр. 85-87; IFRC — Mines & Explosive Remnants of War: при обнаружении; Предоставленный PDF «Иностранные мины 2» — PDF-стр. 85, 86, 87, 88; GICHD — Explosive Ordnance Guide for Ukraine, Third Edition (границы распознавания); NAVEODTECHDIV — Iraq Ordnance Identification Guide (2004), land, PDF 24: TC/2.4, TC/3.6, TC/6; NAVEODTECHDIV — Iraq Ordnance Identification Guide (2004), land, PDF 31: TC/3.6 и TC-6"
eng-tmrp-6,TMRP-6,AMMUNITION,mines-antibottom,yes,yes,"Предоставленный PDF «Иностранные мины на Ближнем и Среднем Востоке и в Северной Африке» (2016) — PDF-стр. 88–91; Предоставленный PDF «Справочник сапера “Минлей”» (2025) — PDF-стр. 149–151; Предоставленный PDF «Иностранные БП, СВ, ВВ без фоновых ссылок» — PDF-стр. 56-58; IFRC — Mines & Explosive Remnants of War: при обнаружении; Предоставленный PDF «Справочник сапера “Минлей”» (2025) — PDF-стр. 149; GICHD — Explosive Ordnance Guide for Ukraine, Third Edition (границы распознавания); Предоставленный PDF «Справочник сапера “Минлей”» — названия класса и страны — PDF-стр. 149; TMRP-6; GICHD — Explosive Ordnance Guide for Ukraine, Third Edition (2025), стр. 25: наполнение"
eng-tulipan,Tulipan,AMMUNITION,mines-antitank,yes,yes,"Предоставленный PDF «Иностранные мины 2» — PDF-стр. 167-168; IFRC — Mines & Explosive Remnants of War: при обнаружении; Предоставленный PDF «Иностранные мины 2» — PDF-стр. 167; GICHD — Explosive Ordnance Guide for Ukraine, Third Edition (границы распознавания); BELMA S.A. — заводской каталог 2024, печатная с. 7 / PDF 9; публичная копия издателя"
eng-umk,UMK (противотранспортная мина),AMMUNITION,mines-antibottom,yes,yes,"Предоставленный PDF «Справочник сапера “Минлей”» (2025) — PDF-стр. 126; Предоставленный PDF «Иностранные БП, СВ, ВВ без фоновых ссылок» — PDF-стр. 64-68; IFRC — Mines & Explosive Remnants of War: при обнаружении; Предоставленный PDF «Справочник сапера “Минлей”» (2025) — PDF-стр. 126; GICHD — Explosive Ordnance Guide for Ukraine, Third Edition (границы распознавания); Предоставленный PDF «Справочник сапера “Минлей”» — названия класса и страны — PDF-стр. 126; UMK (противотранспортная мина); Предоставленный PDF «Справочник сапера «Минлей»»: сверка характеристик и наполнения, физические PDF-стр. 126"
eng-vs-1-6-family,VS-1.6 / VS-1.6-AR-AN,AMMUNITION,mines-antitank,yes,yes,"Предоставленный PDF «Иностранные мины 2» — PDF-стр. 88-89; Предоставленный PDF «Иностранные мины на Ближнем и Среднем Востоке и в Северной Африке» (2016) — PDF-стр. 4, 9–10, 25–28; IFRC — Mines & Explosive Remnants of War: при обнаружении; Предоставленный PDF «Иностранные мины 2» — PDF-стр. 88, 89; GICHD — Explosive Ordnance Guide for Ukraine, Third Edition (границы распознавания); NAVEODTECHDIV — Iraq Ordnance Identification Guide (2004), scatter, PDF 16: VS 1.6 MOD 1 / VS 1.6; NAVEODTECHDIV — Iraq Ordnance Identification Guide (2004), scatter, PDF 17: VS 1.6"
eng-vs-av-family,VS-2.2 / VS-3.6 / VS-6.0 / VS-9.0,AMMUNITION,mines-antivehicle,yes,yes,"Предоставленный PDF «Иностранные мины 2» — PDF-стр. 82-83; Предоставленный PDF «Иностранные мины 2» — PDF-стр. 84; Предоставленный PDF «Иностранные мины на Ближнем и Среднем Востоке и в Северной Африке» (2016) — PDF-стр. 9–10, 25–26; IFRC — Mines & Explosive Remnants of War: при обнаружении; Предоставленный PDF «Иностранные мины 2» — PDF-стр. 82, 83, 84; GICHD — Explosive Ordnance Guide for Ukraine, Third Edition (границы распознавания); NAVEODTECHDIV — Iraq Ordnance Identification Guide (2004), scatter, PDF 17: VS-2.2 TYPE 1 / TYPE 2; NAVEODTECHDIV — Iraq Ordnance Identification Guide (2004), scatter, PDF 18: VS-2.2 TYPE 1"
eng-atm-01-family,ATM-01 (семейство),AMMUNITION,mines-antitank,yes,yes,"Предоставленный PDF «Иностранные мины 2» — PDF-стр. 135-136; Предоставленный PDF «Справочник сапера “Минлей”» (2025) — PDF-стр. 94–95; IFRC — Mines & Explosive Remnants of War: при обнаружении; Предоставленный PDF «Иностранные мины 2» — PDF-стр. 135, 136; GICHD — Explosive Ordnance Guide for Ukraine, Third Edition (границы распознавания); Institute of Metal Science / HIGH-TECH IMS — Prospect 2019, ATM-01, PDF-страница 36"
eng-atm-15m,АТМ-15М,AMMUNITION,mines-antitank,yes,yes,"Предоставленный PDF «Иностранные мины 2» — PDF-стр. 72; IFRC — Mines & Explosive Remnants of War: при обнаружении; Предоставленный PDF «Иностранные мины 2» — PDF-стр. 72, 73; GICHD — Explosive Ordnance Guide for Ukraine, Third Edition (границы распознавания); Предоставленный PDF «Иностранные мины 2»: сверка характеристик и наполнения, физические PDF-стр. 73"
eng-atm-4m,АТМ-4М,AMMUNITION,mines-antitank,yes,yes,"Предоставленный PDF «Иностранные мины 2» — PDF-стр. 72; IFRC — Mines & Explosive Remnants of War: при обнаружении; Предоставленный PDF «Иностранные мины 2» — PDF-стр. 72; GICHD — Explosive Ordnance Guide for Ukraine, Third Edition (границы распознавания); Предоставленный PDF «Иностранные мины 2»: сверка характеристик и наполнения, физические PDF-стр. 72"
eng-atm-r3,АТМ-Р3,AMMUNITION,mines-antitank,yes,yes,"Предоставленный PDF «Иностранные мины 2» — PDF-стр. 73; IFRC — Mines & Explosive Remnants of War: при обнаружении; Предоставленный PDF «Иностранные мины 2» — PDF-стр. 73, 74; GICHD — Explosive Ordnance Guide for Ukraine, Third Edition (границы распознавания); Institute of Metal Science / HIGH-TECH IMS — ATM-P3, каталог 2019, страница 39"
eng-israel-no-6,Израильская мина No. 6,AMMUNITION,mines-antitank,yes,yes,"Предоставленный PDF «Иностранные мины на Ближнем и Среднем Востоке и в Северной Африке» (2016) — PDF-стр. 3; IFRC — Mines & Explosive Remnants of War: при обнаружении; Предоставленный PDF «Иностранные мины на Ближнем и Среднем Востоке и в Северной Африке» (2016) — PDF-стр. 3; James Madison University / CISR — Munitions Reference Guide, запись NO. 6; GICHD — Explosive Ordnance Guide for Ukraine, Third Edition (границы распознавания); CAT-UXO — No 6 (AV) Landmine; European Commission / JRC — Metal Detector Handbook for Humanitarian Demining (2003), Annex C, печатная с. 153 / PDF 155; копия первичного издания"
eng-tma-family,"TMA — TMA-1A, TMA-2A, TMA-3, TMA-4, TMA-5/5A",AMMUNITION,mines-antitank,yes,yes,"Предоставленный PDF «Иностранные мины на Ближнем и Среднем Востоке и в Северной Африке» (2016) — PDF-стр. 9–10, 81–88; Предоставленный PDF «Справочник сапера “Минлей”» (2025) — PDF-стр. 88–89; Предоставленный PDF «Иностранные БП, СВ, ВВ без фоновых ссылок» — PDF-стр. 52-55; Предоставленный PDF «Иностранные БП, СВ, ВВ без фоновых ссылок» — PDF-стр. 52, 55; IFRC — Mines & Explosive Remnants of War: при обнаружении; Предоставленный PDF «Иностранные БП, СВ, ВВ без фоновых ссылок» — PDF-стр. 52, 55; Предоставленный PDF «Иностранные мины на Ближнем и Среднем Востоке и в Северной Африке» (2016) — PDF-стр. 81, 82; Предоставленный PDF «Иностранные мины на Ближнем и Среднем Востоке и в Северной Африке» (2016) — PDF-стр. 82, 83; Предоставленный PDF «Иностранные мины на Ближнем и Среднем Востоке и в Северной Африке» (2016) — PDF-стр. 81, 83; Предоставленный PDF «Иностранные мины на Ближнем и Среднем Востоке и в Северной Африке» (2016) — PDF-стр. 84, 85; GICHD — Explosive Ordnance Guide for Ukraine, Third Edition (границы распознавания); USAREUR — Pam 30-60-1, Part Three, Volume II (30 July 1975), PDF 25: TMA-1 / 2 / 3; NAVEODTECHDIV: Iraq Ordnance Identification Guide (2004), Landmine 32 / PDF 32 — TMA-5, крайние наружные размерные линии"
eng-m49a1-signal-mine,M49A1 — сигнальная мина,AMMUNITION,mines-special,yes,yes,"Предоставленный PDF «Справочник сапера “Минлей”» (2025) — PDF-стр. 159–160; Предоставленный PDF «Иностранные БП, СВ, ВВ без фоновых ссылок» — PDF-стр. 92-94; IFRC — Mines & Explosive Remnants of War: при обнаружении; Предоставленный PDF «Справочник сапера “Минлей”» (2025) — PDF-стр. 159; GICHD — Explosive Ordnance Guide for Ukraine, Third Edition (границы распознавания); U.S. Army — TM 43-0001-37 (6 January 1994), печатная с. 3-11 / PDF 30"
eng-mpr-m85,MPR-M85,AMMUNITION,mines-special,yes,yes,"Предоставленный PDF «Справочник сапера “Минлей”» (2025) — PDF-стр. 165; IFRC — Mines & Explosive Remnants of War: при обнаружении; Предоставленный PDF «Справочник сапера “Минлей”» (2025) — PDF-стр. 165; GICHD — Explosive Ordnance Guide for Ukraine, Third Edition (границы распознавания); Предоставленный PDF «Справочник сапера «Минлей»»: сверка характеристик и наполнения, физические PDF-стр. 165"
eng-slam-family,SLAM M2 / M4,AMMUNITION,mines-special,yes,yes,"Предоставленный PDF «Справочник сапера “Минлей”» (2025) — PDF-стр. 156–158; IFRC — Mines & Explosive Remnants of War: при обнаружении; Предоставленный PDF «Справочник сапера “Минлей”» (2025) — PDF-стр. 156, 157; GICHD — Explosive Ordnance Guide for Ukraine, Third Edition (границы распознавания); U.S. Army ARDEC — Circular 70-1, печатная стр. 39 / PDF-стр. 52: ранний XM94, границы сопоставления с M2/M4"
submunition-m42-m46-dpicm-family,M42 / M46 DPICM,AMMUNITION,submunitions,yes,yes,"Предоставленный PDF «Справочник сапера “Минлей”» (2025) — PDF-стр. 59–60; IFRC — Mines & Explosive Remnants of War: при обнаружении; Предоставленный PDF «Справочник сапера “Минлей”» (2025) — PDF-стр. 59; GICHD — Explosive Ordnance Guide for Ukraine, Third Edition (границы распознавания); GICHD — Explosive Ordnance Guide for Ukraine, Third Edition (2025), PDF / печатная с. 154"
submunition-m77-dpicm,M77 DPICM,AMMUNITION,submunitions,yes,yes,"Предоставленный PDF «Справочник сапера “Минлей”» (2025) — PDF-стр. 63–64; IFRC — Mines & Explosive Remnants of War: при обнаружении; Предоставленный PDF «Справочник сапера “Минлей”» (2025) — PDF-стр. 63; GICHD — Explosive Ordnance Guide for Ukraine, Third Edition (границы распознавания); GICHD — Explosive Ordnance Guide for Ukraine, Third Edition (2025), PDF / печатная с. 154"
submunition-m78-av-submunition,M78 (противотранспортный суббоеприпас),AMMUNITION,mines-antibottom,yes,yes,"Предоставленный PDF «Справочник сапера “Минлей”» (2025) — PDF-стр. 135–136; IFRC — Mines & Explosive Remnants of War: при обнаружении; Предоставленный PDF «Справочник сапера “Минлей”» (2025) — PDF-стр. 135; GICHD — Explosive Ordnance Guide for Ukraine, Third Edition (границы распознавания); Предоставленный PDF «Справочник сапера “Минлей”» — названия класса и страны — PDF-стр. 135; M78 (противотранспортный суббоеприпас); Предоставленный PDF «Справочник сапера «Минлей»»: сверка характеристик и наполнения, физические PDF-стр. 135"
submunition-m85-m87-dpicm-family,M85 / M87 DPICM,AMMUNITION,submunitions,yes,yes,"Предоставленный PDF «Справочник сапера “Минлей”» (2025) — PDF-стр. 65–67; IFRC — Mines & Explosive Remnants of War: при обнаружении; Предоставленный PDF «Справочник сапера “Минлей”» (2025) — PDF-стр. 63, 65; GICHD — Explosive Ordnance Guide for Ukraine, Third Edition (границы распознавания); CAT-UXO — M85 Submunition; Предоставленный PDF «Справочник сапера «Минлей»»: сверка характеристик и наполнения, физические PDF-стр. 65"
eng-pdf-v7-001,M-11,AMMUNITION,mines-antipersonnel,yes,yes,"Предоставленный PDF «Иностранные мины 2» — PDF-стр. 1; Предоставленный PDF «Иностранные мины 2»: повторная сверка массы и наполнения, физические PDF-стр. 1"
eng-pdf-v7-002,M-12,AMMUNITION,mines-antipersonnel,yes,yes,"Предоставленный PDF «Иностранные мины 2» — PDF-стр. 1, 2; Предоставленный PDF «Иностранные мины 2»: повторная сверка массы и наполнения, физические PDF-стр. 2"
eng-pdf-v7-003,VS-DAFM1,AMMUNITION,mines-antipersonnel,yes,yes,"Предоставленный PDF «Иностранные мины 2» — PDF-стр. 9, 10; Anna Linderhed и соавторы, FOI — Optical Methods for Detection of Minefields, 2004, таблица 9.1"
eng-pdf-v7-004,M-13,AMMUNITION,mines-antivehicle,yes,yes,"Предоставленный PDF «Иностранные мины 2» — PDF-стр. 14, 15; Предоставленный PDF «Иностранные мины 2»: повторная сверка массы и наполнения, физические PDF-стр. 14"
eng-pdf-v7-005,VS-DAFM6 / VS-DAFM7,AMMUNITION,mines-antivehicle,yes,yes,"Предоставленный PDF «Иностранные мины 2» — PDF-стр. 18, 19; Anna Linderhed и соавторы, FOI — Optical Methods for Detection of Minefields, 2004, таблица 9.1"
eng-pdf-v7-006,VS-APFM1,AMMUNITION,mines-antipersonnel,yes,yes,"Предоставленный PDF «Иностранные мины 2» — PDF-стр. 24, 25; JMU / CISR, Munitions Reference Guide: собственная строка модели"
eng-pdf-v7-007,DM-31 (противопехотная),AMMUNITION,mines-antipersonnel,yes,yes,"Предоставленный PDF «Иностранные мины 2» — PDF-стр. 25, 26; Landmine Monitor — Greece mine ban policy; NAVEODTECHDIV — Iraq Ordnance Identification Guide (2004), land, PDF 17: DM-31"
eng-pdf-v7-008,NR 442,AMMUNITION,mines-antipersonnel,yes,yes,"Предоставленный PDF «Иностранные мины 2» — PDF-стр. 28, 29; Предоставленный PDF «Иностранные мины 2»: повторная сверка массы и наполнения, физические PDF-стр. 28"
eng-pdf-v7-009,M74 (противопехотная мина),AMMUNITION,mines-antipersonnel,yes,yes,"Предоставленный PDF «Иностранные мины 2» — PDF-стр. 34, 35; Армия США — TM 43-0001-36 (1994; Change 3, 2000), PDF 47: M74"
eng-pdf-v7-010,BLU-92/B,AMMUNITION,mines-antipersonnel,yes,yes,"Предоставленный PDF «Иностранные мины 2» — PDF-стр. 36, 37; NAVEODTECHDIV — Iraq Ordnance Identification Guide (2004), scatter, PDF 15: BLU-92/B"
eng-pdf-v7-011,MUSPA / MUSA,AMMUNITION,mines-special,yes,yes,"Предоставленный PDF «Иностранные мины 2» — PDF-стр. 41, 42; CAT-UXO — DM1241 MUSPA Landmine; CAT-UXO — DM1240 MUSA Landmine; U.S. Army — FM 3-34.2, B-7, продолжение, PDF-стр. 79"
eng-pdf-v7-012,P-40,AMMUNITION,mines-antipersonnel,yes,yes,"Предоставленный PDF «Иностранные мины 2» — PDF-стр. 42, 43; NAVEODTECHDIV — Iraq Ordnance Identification Guide (2004), land, PDF 16: P-40 TYPE 2"
eng-pdf-v7-013,BM/85,AMMUNITION,mines-antipersonnel,yes,yes,"Предоставленный PDF «Иностранные мины 2» — PDF-стр. 45, 46; Предоставленный PDF «Иностранные мины 2»: сверка характеристик и наполнения, физические PDF-стр. 45"
eng-pdf-v7-014,DM-11 (противопехотная),AMMUNITION,mines-antipersonnel,yes,yes,"Предоставленный PDF «Иностранные мины 2» — PDF-стр. 52; U.S. Army / TRADOC — Worldwide Equipment Guide, Vol. 1: Ground Systems (2015), PDF 472"
eng-pdf-v7-015,PP-Mi-Na,AMMUNITION,mines-antipersonnel,yes,yes,"Предоставленный PDF «Иностранные мины 2» — PDF-стр. 56, 57; Предоставленный PDF «Иностранные мины 2»: сверка характеристик и наполнения, физические PDF-стр. 57"
eng-pdf-v7-016,Pansermine M/56 / AC ID 51/52,AMMUNITION,mines-antitank,yes,yes,"Предоставленный PDF «Иностранные мины 2» — PDF-стр. 74, 75; Предоставленный PDF «Справочник сапера “Минлей”» (2025) — PDF-стр. 80; Предоставленный PDF «Иностранные мины 2»: сверка характеристик и наполнения, физические PDF-стр. 75"
eng-pdf-v7-017,Stridsvagnsmina 5,AMMUNITION,mines-antitank,yes,yes,"Предоставленный PDF «Иностранные мины 2» — PDF-стр. 97, 98; Försvarsmakten — SoldR Mtrl Vapen, Minor (2001), M7742-101231, печатные с. 24; копия первичного руководства"
eng-pdf-v7-018,SENTRY ATC,AMMUNITION,mines-antibottom,yes,yes,"Предоставленный PDF «Иностранные мины 2» — PDF-стр. 106, 107; Предоставленный PDF «Иностранные мины 2» — прямые названия класса в разделе 5 — PDF-стр. 106; SENTRY ATC; Forcit Defence — SENTRY ATM System: границы сопоставления с ATC, официальная страница"
eng-pdf-v7-019,SENTRY ATM,AMMUNITION,mines-antibottom,yes,no,"Предоставленный PDF «Иностранные мины 2» — PDF-стр. 108; Предоставленный PDF «Иностранные мины 2» — прямые названия класса в разделе 5 — PDF-стр. 108; SENTRY ATM; Forcit Defence — SENTRY ATM System, официальная страница"
eng-pdf-v7-020,PM-87 / Pohjamiina 87,AMMUNITION,mines-antibottom,yes,yes,"Предоставленный PDF «Иностранные мины 2» — PDF-стр. 109; Предоставленный PDF «Иностранные мины 2» — прямые названия класса в разделе 5 — PDF-стр. 109; PM-87 / Pohjamiina 87; Предоставленный PDF «Иностранные мины 2»: сверка характеристик и наполнения, физические PDF-стр. 109"
eng-pdf-v7-021,AT-2: DM1274 / DM1274A1 / DM1399 / DM1233,AMMUNITION,mines-antibottom,yes,yes,"Предоставленный PDF «Иностранные мины 2» — PDF-стр. 115, 116; Предоставленный PDF «Справочник сапера “Минлей”» (2025) — PDF-стр. 117, 121; Предоставленный PDF «Иностранные мины 2» — прямые названия класса в разделе 5 — PDF-стр. 115; AT-2: DM1274 / DM1274A1 / DM1399 / DM1233; U.S. Army — FM 3-34.2, B-3, PDF-стр. 76"
eng-pdf-v7-022,MI AC DISP F1,AMMUNITION,mines-antibottom,yes,yes,"Предоставленный PDF «Иностранные мины 2» — PDF-стр. 117, 118; Предоставленный PDF «Иностранные мины 2» — прямые названия класса в разделе 5 — PDF-стр. 117; MI AC DISP F1; Предоставленный PDF «Иностранные мины 2»: сверка характеристик и наполнения, физические PDF-стр. 118"
eng-pdf-v7-023,HPD: HPD1 / HPD1A / HPD2 / HPD3 / HPD F2 / HPD 2A2,AMMUNITION,mines-antibottom,yes,yes,"Предоставленный PDF «Иностранные мины 2» — PDF-стр. 119, 120; Предоставленный PDF «Справочник сапера “Минлей”» (2025) — PDF-стр. 123; Предоставленный PDF «Иностранные БП, СВ, ВВ без фоновых ссылок» — PDF-стр. 61, 62; Предоставленный PDF «Иностранные мины 2» — прямые названия класса в разделе 5 — PDF-стр. 119; HPD: HPD1 / HPD1A / HPD2 / HPD3 / HPD F2 / HPD 2A2; GICHD — Explosive Ordnance Guide for Ukraine, Third Edition (2025), стр. 28: наполнение"
eng-pdf-v7-024,DM1239 / MIFF,AMMUNITION,mines-antibottom,yes,yes,"Предоставленный PDF «Иностранные мины 2» — PDF-стр. 125; Предоставленный PDF «Иностранные мины 2» — прямые названия класса в разделе 5 — PDF-стр. 125; DM1239 / MIFF; U.S. Army — FM 3-34.2, B-3, PDF-стр. 76"
eng-pdf-v7-025,PT Mi-D1M,AMMUNITION,mines-antibottom,yes,yes,"Предоставленный PDF «Иностранные мины 2» — PDF-стр. 132, 133; Предоставленный PDF «Иностранные мины 2» — прямые названия класса в разделе 5 — PDF-стр. 132; PT Mi-D1M; Предоставленный PDF «Иностранные мины 2»: сверка характеристик и наполнения, физические PDF-стр. 132"
eng-pdf-v7-026,PTM-25,AMMUNITION,mines-antibottom,yes,yes,"Предоставленный PDF «Иностранные мины 2» — PDF-стр. 142, 143; Предоставленный PDF «Иностранные мины 2» — прямые названия класса в разделе 5 — PDF-стр. 142; PTM-25; HIGH-TECH IMS — Anti-tank mine PTM-25, официальная таблица"
eng-pdf-v7-027,ATM-900,AMMUNITION,mines-antibottom,yes,yes,"Предоставленный PDF «Иностранные мины 2» — PDF-стр. 143, 144; Предоставленный PDF «Иностранные мины 2» — прямые названия класса в разделе 5 — PDF-стр. 143; ATM-900; Institute of Metal Science / HIGH-TECH IMS — ATM900, каталог 2019, страница 40"
eng-pdf-v7-028,TMD-1,AMMUNITION,mines-antibottom,yes,yes,"Предоставленный PDF «Иностранные мины 2» — PDF-стр. 145, 146; Предоставленный PDF «Иностранные мины 2» — прямые названия класса в разделе 5 — PDF-стр. 145; TMD-1; Предоставленный PDF «Иностранные мины 2»: сверка характеристик и наполнения, физические PDF-стр. 145"
eng-pdf-v7-029,VS-SATM1,AMMUNITION,mines-antibottom,yes,yes,"Предоставленный PDF «Иностранные мины 2» — PDF-стр. 146, 147; Предоставленный PDF «Иностранные мины 2» — прямые названия класса в разделе 5 — PDF-стр. 146; VS-SATM1; Предоставленный PDF «Иностранные мины 2»: сверка характеристик и наполнения, физические PDF-стр. 146, 147"
eng-pdf-v7-030,SB-MV/1,AMMUNITION,mines-antibottom,yes,yes,"Предоставленный PDF «Иностранные мины 2» — PDF-стр. 147, 148; Предоставленный PDF «Иностранные мины 2» — прямые названия класса в разделе 5 — PDF-стр. 147; SB-MV/1; Предоставленный PDF «Иностранные мины 2»: сверка характеристик и наполнения, физические PDF-стр. 148"
eng-pdf-v7-031,VS-HCT,AMMUNITION,mines-antibottom,yes,yes,"Предоставленный PDF «Иностранные мины 2» — PDF-стр. 148, 149; Предоставленный PDF «Иностранные мины 2» — прямые названия класса в разделе 5 — PDF-стр. 148; VS-HCT; NAVEODTECHDIV — Iraq Ordnance Identification Guide (2004), land, PDF 25: VS-HCT"
eng-pdf-v7-032,VS-HCT2,AMMUNITION,mines-antibottom,yes,yes,"Предоставленный PDF «Иностранные мины 2» — PDF-стр. 149, 150; Предоставленный PDF «Иностранные мины 2» — прямые названия класса в разделе 5 — PDF-стр. 149; VS-HCT2; NAVEODTECHDIV — Iraq Ordnance Identification Guide (2004), land, PDF 28: VS-HCT2 (MOD 1)"
eng-pdf-v7-033,VS-HCT4,AMMUNITION,mines-antibottom,yes,yes,"Предоставленный PDF «Иностранные мины 2» — PDF-стр. 150, 151; Предоставленный PDF «Иностранные мины 2» — прямые названия класса в разделе 5 — PDF-стр. 150; VS-HCT4; Предоставленный PDF «Иностранные мины 2»: сверка характеристик и наполнения, физические PDF-стр. 151"
eng-pdf-v7-034,VS-AT4EL,AMMUNITION,mines-antibottom,yes,yes,"Предоставленный PDF «Иностранные мины 2» — PDF-стр. 152, 153; Предоставленный PDF «Иностранные мины 2» — прямые названия класса в разделе 5 — PDF-стр. 152; VS-AT4EL; Предоставленный PDF «Иностранные мины 2»: сверка характеристик и наполнения, физические PDF-стр. 152"
eng-pdf-v7-035,BAT/7,AMMUNITION,mines-antibottom,yes,yes,"Предоставленный PDF «Иностранные мины 2» — PDF-стр. 153, 154; Предоставленный PDF «Иностранные мины 2» — прямые названия класса в разделе 5 — PDF-стр. 153; BAT/7; Предоставленный PDF «Иностранные мины 2»: сверка характеристик и наполнения, физические PDF-стр. 153"
eng-pdf-v7-036,M76 / M79,AMMUNITION,mines-antibottom,yes,yes,"Предоставленный PDF «Иностранные мины 2» — PDF-стр. 156, 157; Предоставленный PDF «Иностранные мины 2» — прямые названия класса в разделе 5 — PDF-стр. 156; M76 / M79; Армия США — TM 43-0001-36 (1994; Change 3, 2000), PDF 81: учебная M79"
eng-pdf-v7-037,M75,AMMUNITION,mines-antibottom,yes,yes,"Предоставленный PDF «Иностранные мины 2» — PDF-стр. 156, 157; Предоставленный PDF «Иностранные мины 2» — прямые названия класса в разделе 5 — PDF-стр. 157; M75; Армия США — TM 43-0001-36 (1994; Change 3, 2000), PDF 25: M75"
eng-pdf-v7-038,MPB-ZK,AMMUNITION,mines-antitank,yes,yes,"Предоставленный PDF «Иностранные мины 2» — PDF-стр. 164; BELMA S.A. — заводской каталог 2024, печатная с. 9 / PDF 11; публичная копия издателя"
eng-pdf-v7-039,MPB-ZN,AMMUNITION,mines-antitank,yes,yes,"Предоставленный PDF «Иностранные мины 2» — PDF-стр. 165, 166; BELMA S.A. — заводской каталог 2024, печатная с. 9 / PDF 11; публичная копия издателя"
eng-pdf-v7-040,PD Mi-PK,AMMUNITION,mines-antivehicle,yes,yes,"Предоставленный PDF «Иностранные мины 2» — PDF-стр. 166; U.S. Army / TRADOC — Worldwide Equipment Guide, Vol. 1: Ground Systems (2015), PDF 463"
eng-pdf-v7-041,APILAS / APAJAX (мина),AMMUNITION,mines-antitank,yes,yes,"Предоставленный PDF «Иностранные мины 2» — PDF-стр. 187, 188; Предоставленный PDF «Иностранные мины 2»: сверка характеристик и наполнения, физические PDF-стр. 188"
eng-pdf-v7-042,Addermine / AJAX,AMMUNITION,mines-antitank,yes,yes,"Предоставленный PDF «Иностранные мины 2» — PDF-стр. 189, 190; Предоставленный PDF «Иностранные мины 2»: сверка характеристик и наполнения, физические PDF-стр. 189"
eng-pdf-v7-043,ARGES,AMMUNITION,mines-antitank,yes,yes,"Предоставленный PDF «Иностранные мины 2» — PDF-стр. 190; Предоставленный PDF «Иностранные мины 2»: сверка характеристик и наполнения, физические PDF-стр. 190"
eng-pdf-v7-044,VS-T,AMMUNITION,mines-special,yes,yes,"Предоставленный PDF «Иностранные мины 2» — PDF-стр. 192; Предоставленный PDF «Иностранные мины 2»: сверка характеристик и наполнения, физические PDF-стр. 192"
eng-pdf-v7-045,VAR/IG,AMMUNITION,mines-special,yes,yes,"Предоставленный PDF «Иностранные мины 2» — PDF-стр. 193; Предоставленный PDF «Иностранные мины 2»: сверка характеристик и наполнения, физические PDF-стр. 193"
eng-pdf-v7-046,MI ECL CB 58,AMMUNITION,mines-special,yes,yes,"Предоставленный PDF «Иностранные мины 2» — PDF-стр. 193, 194; Предоставленный PDF «Иностранные мины 2»: сверка характеристик и наполнения, физические PDF-стр. 194"
eng-pdf-v7-047,MI ECL LDU F1B,AMMUNITION,mines-special,yes,yes,"Предоставленный PDF «Иностранные мины 2» — PDF-стр. 194, 195; Предоставленный PDF «Иностранные мины 2»: сверка характеристик и наполнения, физические PDF-стр. 195"
eng-pdf-v7-048,Larmmina 2,AMMUNITION,mines-special,yes,yes,"Предоставленный PDF «Иностранные мины 2» — PDF-стр. 197, 198; Försvarsmakten — SoldR Mtrl Vapen, Minor (2001), M7742-101231, печатные с. 116; копия первичного руководства"
eng-pdf-v7-049,VS-TA 90,AMMUNITION,mines-special,yes,no,"Предоставленный PDF «Иностранные мины 2» — PDF-стр. 200, 201; Предоставленный PDF «Иностранные мины 2»: сверка характеристик и наполнения, физические PDF-стр. 201"
eng-pdf-v7-050,IMZR-11,AMMUNITION,mines-special,yes,yes,"Предоставленный PDF «Иностранные мины 2» — PDF-стр. 202; Предоставленный PDF «Иностранные мины 2»: сверка характеристик и наполнения, физические PDF-стр. 202"
eng-pdf-v7-051,AHM-200,AMMUNITION,mines-special,yes,yes,"Предоставленный PDF «Иностранные мины 2» — PDF-стр. 203, 204; Institute of Metal Science / HIGH-TECH IMS — AHM-200, каталог 2019, страница 42"
eng-pdf-v7-052,AHM-200-1,AMMUNITION,mines-special,yes,yes,"Предоставленный PDF «Иностранные мины 2» — PDF-стр. 205; Institute of Metal Science / HIGH-TECH IMS — AHM-200, каталог 2019, страница 42"
eng-pdf-v7-053,AHM-200-2,AMMUNITION,mines-special,yes,yes,"Предоставленный PDF «Иностранные мины 2» — PDF-стр. 206; Institute of Metal Science / HIGH-TECH IMS — AHM-200, каталог 2019, страница 42"
eng-pdf-v7-054,DM-49,AMMUNITION,mines-special,yes,yes,"Предоставленный PDF «Иностранные мины 2» — PDF-стр. 209; Предоставленный PDF «Иностранные мины 2»: сверка характеристик и наполнения, физические PDF-стр. 209"
eng-pdf-v7-055,DM-39,AMMUNITION,mines-special,yes,yes,"Предоставленный PDF «Иностранные мины 2» — PDF-стр. 210; Предоставленный PDF «Иностранные мины 2»: сверка характеристик и наполнения, физические PDF-стр. 210"
eng-pdf-v7-056,Minforsat 1,AMMUNITION,mines-special,yes,yes,"Предоставленный PDF «Иностранные мины 2» — PDF-стр. 211, 212; Предоставленный PDF «Иностранные мины 2»: сверка характеристик и наполнения, физические PDF-стр. 212"
eng-pdf-v7-057,Piovra / «Пьовра»,AMMUNITION,mines-special,yes,yes,"Предоставленный PDF «Иностранные мины 2» — PDF-стр. 221; Предоставленный PDF «Иностранные мины 2»: сверка характеристик и наполнения, физические PDF-стр. 221"
eng-pdf-v7-058,Mila-6C,AMMUNITION,mines-special,yes,yes,"Предоставленный PDF «Иностранные мины 2» — PDF-стр. 222, 223; Предоставленный PDF «Иностранные мины 2»: сверка характеристик и наполнения, физические PDF-стр. 223; SAES: MILA-6C / MILA Limpet Naval Mine, фирменный двухстраничный буклет — внешние размеры и границы опубликованных сведений"
eng-pdf-v7-059,VS-SS-22,AMMUNITION,mines-special,yes,yes,"Предоставленный PDF «Иностранные мины 2» — PDF-стр. 224, 225; Предоставленный PDF «Иностранные мины 2»: сверка характеристик и наполнения, физические PDF-стр. 224"
eng-pdf-v7-060,EPR/2.5,AMMUNITION,mines-special,yes,yes,"Предоставленный PDF «Иностранные мины 2» — PDF-стр. 225; Предоставленный PDF «Иностранные мины 2»: сверка характеристик и наполнения, физические PDF-стр. 225"
eng-pdf-v7-061,MDM-5,AMMUNITION,mines-special,yes,yes,"Предоставленный PDF «Иностранные мины 2» — PDF-стр. 226, 227; Institute of Metal Science / HIGH-TECH IMS — Prospect 2019, MDM-5, PDF-страница 20"
eng-pdf-v7-062,MDM-6,AMMUNITION,mines-special,yes,yes,"Предоставленный PDF «Иностранные мины 2» — PDF-стр. 227, 228; Institute of Metal Science / HIGH-TECH IMS — Prospect 2019, MDM-6, PDF-страница 18"
eng-pdf-v7-063,MDM-7 / MDM-7B,AMMUNITION,mines-special,yes,yes,"Предоставленный PDF «Иностранные мины 2» — PDF-стр. 228, 229; Institute of Metal Science / HIGH-TECH IMS — Prospect 2019, MDM-7B, PDF-страница 16"
eng-pdf-v7-064,MDM8-2B,AMMUNITION,mines-special,yes,yes,"Предоставленный PDF «Иностранные мины 2» — PDF-стр. 230; Institute of Metal Science / HIGH-TECH IMS — Prospect 2019, MDM8-2B, PDF-страница 14"
eng-pdf-v7-065,MPD,AMMUNITION,mines-antiland,yes,yes,"Предоставленный PDF «Иностранные мины 2» — PDF-стр. 231; BELMA S.A. — заводской каталог 2024, печатная с. 11 / PDF 13; публичная копия издателя"
eng-pdf-v7-066,VS-RM-30,AMMUNITION,mines-antiland,yes,yes,"Предоставленный PDF «Иностранные мины 2» — PDF-стр. 231, 232; Предоставленный PDF «Иностранные мины 2»: сверка характеристик и наполнения, физические PDF-стр. 232"
eng-pdf-v7-067,PDM-120,AMMUNITION,mines-antiland,yes,yes,"Предоставленный PDF «Иностранные мины 2» — PDF-стр. 232, 233; Institute of Metal Science / HIGH-TECH IMS — Prospect 2019, PDM-120, PDF-страница 5"
eng-pdf-v7-068,PDM-1B,AMMUNITION,mines-antiland,yes,yes,"Предоставленный PDF «Иностранные мины 2» — PDF-стр. 233, 234; Institute of Metal Science / HIGH-TECH IMS — Prospect 2019, PDM-1B, PDF-страница 1"
eng-pdf-v7-069,PDM-1C,AMMUNITION,mines-antiland,yes,yes,"Предоставленный PDF «Иностранные мины 2» — PDF-стр. 235, 236; Institute of Metal Science / HIGH-TECH IMS — Prospect 2019, PDM - 1C, PDF-страница 4"
eng-pdf-v7-070,PDM-2B,AMMUNITION,mines-antiland,yes,yes,"Предоставленный PDF «Иностранные мины 2» — PDF-стр. 236, 237; Institute of Metal Science / HIGH-TECH IMS — Prospect 2019, PDM-2B, PDF-страница 2"
eng-pdf-v7-071,MEP-2RC,AMMUNITION,mines-antiland,yes,yes,"Предоставленный PDF «Иностранные мины 2» — PDF-стр. 237, 238; Institute of Metal Science / HIGH-TECH IMS — MEP-2 RC, каталог 2019, страница 7"
eng-pdf-v7-072,MEP-8RC,AMMUNITION,mines-antiland,yes,yes,"Предоставленный PDF «Иностранные мины 2» — PDF-стр. 238, 239; Institute of Metal Science / HIGH-TECH IMS — MEP-8 RC, каталог 2019, страница 8"
eng-pdf-v7-073,MIRJAM,AMMUNITION,mines-antiland,yes,yes,"Предоставленный PDF «Иностранные мины 2» — PDF-стр. 239, 240; Предоставленный PDF «Иностранные мины 2»: сверка характеристик и наполнения, физические PDF-стр. 240"
eng-pdf-v7-074,MAS/17,AMMUNITION,mines-antiland,yes,yes,"Предоставленный PDF «Иностранные мины 2» — PDF-стр. 240, 241; Предоставленный PDF «Иностранные мины 2»: сверка характеристик и наполнения, физические PDF-стр. 240"
eng-pdf-v7-075,MAS/22,AMMUNITION,mines-antiland,yes,yes,"Предоставленный PDF «Иностранные мины 2» — PDF-стр. 241, 242; Предоставленный PDF «Иностранные мины 2»: сверка характеристик и наполнения, физические PDF-стр. 241"
eng-pdf-v7-076,EPR 1.2 / EPR 3.6 / EPR 6,AMMUNITION,mines-antiland,yes,yes,"Предоставленный PDF «Иностранные мины 2» — PDF-стр. 242, 243; Предоставленный PDF «Иностранные мины 2»: сверка характеристик и наполнения, физические PDF-стр. 242"
eng-pdf-v7-077,PM16 / Blocker,AMMUNITION,mines-naval,yes,yes,"Предоставленный PDF «Иностранные мины 2» — PDF-стр. 244, 245; Forcit / DA-Group — Naval Mine Systems, совместная брошюра 2022, страница 2: BLOCKER"
eng-pdf-v7-078,TURSO MM30,AMMUNITION,mines-naval,yes,yes,"Предоставленный PDF «Иностранные мины 2» — PDF-стр. 246, 247; Forcit / DA-Group — Naval Mine Systems, совместная брошюра 2022, страница 2: TURSO MM30"
eng-pdf-v7-079,PM04,AMMUNITION,mines-naval,yes,yes,"Предоставленный PDF «Иностранные мины 2» — PDF-стр. 247, 248; Предоставленный PDF «Иностранные мины 2»: сверка характеристик и наполнения, физические PDF-стр. 247, 248"
eng-pdf-v7-080,GM-750,AMMUNITION,mines-naval,yes,yes,"Предоставленный PDF «Иностранные мины 2» — PDF-стр. 248, 249; Institute of Metal Science / HIGH-TECH IMS — GM-750, каталог 2019, страница 10"
eng-pdf-v7-081,Manta / MN 103,AMMUNITION,mines-naval,yes,yes,"Предоставленный PDF «Иностранные мины 2» — PDF-стр. 249, 250; NAVEODTECHDIV — Iraq Ordnance Identification Guide (2004), naval, PDF 7: MANTA"
eng-pdf-v7-082,PDM-250,AMMUNITION,mines-naval,yes,yes,"Предоставленный PDF «Иностранные мины 2» — PDF-стр. 250, 251; Institute of Metal Science / HIGH-TECH IMS — Prospect 2019, PDM-250, PDF-страница 6"
eng-pdf-v7-083,MINEA,AMMUNITION,mines-naval,yes,yes,"Предоставленный PDF «Иностранные мины 2» — PDF-стр. 251, 252; Предоставленный PDF «Иностранные мины 2»: сверка характеристик и наполнения, физические PDF-стр. 252"
eng-pdf-v7-084,BGM 100 / Rockan,AMMUNITION,mines-naval,yes,yes,"Предоставленный PDF «Иностранные мины 2» — PDF-стр. 253; Предоставленный PDF «Иностранные мины 2»: сверка характеристик и наполнения, физические PDF-стр. 253"
eng-pdf-v7-085,BGM 601 / Banny,AMMUNITION,mines-naval,yes,yes,"Предоставленный PDF «Иностранные мины 2» — PDF-стр. 254; Предоставленный PDF «Иностранные мины 2»: сверка характеристик и наполнения, физические PDF-стр. 254"
eng-pdf-v7-086,BGM 600,AMMUNITION,mines-naval,yes,yes,"Предоставленный PDF «Иностранные мины 2» — PDF-стр. 254, 255; Предоставленный PDF «Иностранные мины 2»: сверка характеристик и наполнения, физические PDF-стр. 254"
eng-pdf-v7-087,BMM 80,AMMUNITION,mines-anchored,yes,yes,"Предоставленный PDF «Иностранные мины 2» — PDF-стр. 255, 256; Предоставленный PDF «2.2. Иностранные мины 2.pdf» — статьи BMM 80, MN 105 и MO-90 — BMM 80; PDF-стр. 255–256, печатные с. 257–258; Предоставленный PDF «Иностранные мины 2»: сверка характеристик и наполнения, физические PDF-стр. 256"
eng-pdf-v7-088,Quickstrike,AMMUNITION,mines-naval,yes,yes,"Предоставленный PDF «Иностранные мины 2» — PDF-стр. 256, 257; US Navy — Mk 63 Quickstrike, фотография в USNI News; Предоставленный PDF «Иностранные мины 2»: сверка характеристик и наполнения, физические PDF-стр. 256, 257"
eng-pdf-v7-089,Quickstrike-ER,AMMUNITION,mines-naval,yes,yes,"Предоставленный PDF «Иностранные мины 2» — PDF-стр. 258, 259; Предоставленный PDF «Иностранные мины 2»: сверка характеристик и наполнения, физические PDF-стр. 258; U.S. Pacific Fleet, 19.09.2018: Joint task force introduces new shallow-water mine capability during Valiant Shield — различие двух весовых классов QSER"
eng-pdf-v7-090,MN 105 / Seppia,AMMUNITION,mines-anchored,yes,yes,"Предоставленный PDF «Иностранные мины 2» — PDF-стр. 259, 260; Предоставленный PDF «2.2. Иностранные мины 2.pdf» — статьи BMM 80, MN 105 и MO-90 — MN 105; PDF-стр. 259–260, печатные с. 261–262; Предоставленный PDF «Иностранные мины 2»: сверка характеристик и наполнения, физические PDF-стр. 259"
eng-pdf-v7-091,MR 80,AMMUNITION,mines-naval,yes,yes,"Предоставленный PDF «Иностранные мины 2» — PDF-стр. 260, 261; Предоставленный PDF «Иностранные мины 2»: сверка характеристик и наполнения, физические PDF-стр. 260"
eng-pdf-v7-092,MP 80,AMMUNITION,mines-naval,yes,yes,"Предоставленный PDF «Иностранные мины 2» — PDF-стр. 261; Предоставленный PDF «Иностранные мины 2»: сверка характеристик и наполнения, физические PDF-стр. 261"
eng-pdf-v7-093,MN 102 / Murena,AMMUNITION,mines-naval,yes,yes,"Предоставленный PDF «Иностранные мины 2» — PDF-стр. 261, 262; Предоставленный PDF «Иностранные мины 2»: сверка характеристик и наполнения, физические PDF-стр. 262"
eng-pdf-v7-094,Asteria,AMMUNITION,mines-naval,yes,yes,"Предоставленный PDF «Иностранные мины 2» — PDF-стр. 263, 264; Предоставленный PDF «Иностранные мины 2»: сверка характеристик и наполнения, физические PDF-стр. 263"
eng-pdf-v7-095,Mk 60 Captor,AMMUNITION,mines-naval,yes,yes,"Предоставленный PDF «Иностранные мины 2» — PDF-стр. 264, 265; Wikimedia Commons — Mark_60_CAPTOR-DF-ST-90-11649.JPEG; U.S. Navy — All Hands, January 2002, №1017, MINES, стр. 46–47: текст публичной копии"
eng-pdf-v7-096,Mk 67 SLMM,AMMUNITION,mines-naval,yes,yes,"Предоставленный PDF «Иностранные мины 2» — PDF-стр. 265, 266; U.S. Navy — All Hands, January 2002, №1017, MINES, стр. 46–47: текст публичной копии"
eng-pdf-v7-097,MO-90,AMMUNITION,mines-anchored,yes,yes,"Предоставленный PDF «Иностранные мины 2» — PDF-стр. 266, 267; Предоставленный PDF «2.2. Иностранные мины 2.pdf» — статьи BMM 80, MN 105 и MO-90 — MO-90; PDF-стр. 266–267, печатные с. 268–269; Предоставленный PDF «Иностранные мины 2»: сверка характеристик и наполнения, физические PDF-стр. 267"
eng-pdf-v7-098,Stonefish,AMMUNITION,mines-naval,yes,yes,"Предоставленный PDF «Иностранные мины 2» — PDF-стр. 267, 268; Предоставленный PDF «Иностранные мины 2»: сверка характеристик и наполнения, физические PDF-стр. 267"
eng-pdf-v7-099,Sea Urchin,AMMUNITION,mines-naval,yes,yes,"Предоставленный PDF «Иностранные мины 2» — PDF-стр. 268; Предоставленный PDF «Иностранные мины 2»: сверка характеристик и наполнения, физические PDF-стр. 268"
eng-pdf-v7-101,Пряник,AMMUNITION,ied,no,no,"Предоставленный PDF «Справочник сапера “Минлей”» (2025) — PDF-стр. 7, 8, 9"
eng-pdf-v7-102,Эклер,AMMUNITION,ied,no,no,"Предоставленный PDF «Справочник сапера “Минлей”» (2025) — PDF-стр. 10, 11, 12, 15"
eng-pdf-v7-103,Мыльница,AMMUNITION,ied,no,no,"Предоставленный PDF «Справочник сапера “Минлей”» (2025) — PDF-стр. 10, 12, 15"
eng-pdf-v7-104,Фляга / Фунфырик,AMMUNITION,ied,no,no,Предоставленный PDF «Справочник сапера “Минлей”» (2025) — PDF-стр. 13
eng-pdf-v7-105,Пакет,AMMUNITION,ied,no,no,Предоставленный PDF «Справочник сапера “Минлей”» (2025) — PDF-стр. 14
eng-pdf-v7-106,Муха,AMMUNITION,mines-antipersonnel,no,no,"Предоставленный PDF «Справочник сапера “Минлей”» (2025) — PDF-стр. 10, 12, 15"
eng-pdf-v7-107,Лугумина,AMMUNITION,ied,yes,no,"Предоставленный PDF «Справочник сапера “Минлей”» (2025) — PDF-стр. 2, 16"
eng-pdf-v7-108,Укрлепесток,AMMUNITION,ied,no,no,Предоставленный PDF «Справочник сапера “Минлей”» (2025) — PDF-стр. 17
eng-pdf-v7-109,ППМ-1П,AMMUNITION,mines-antipersonnel,no,no,Предоставленный PDF «Справочник сапера “Минлей”» (2025) — PDF-стр. 18
eng-pdf-v7-110,Болт,AMMUNITION,ied,no,no,Предоставленный PDF «Справочник сапера “Минлей”» (2025) — PDF-стр. 19
eng-pdf-v7-111,Пенал,AMMUNITION,mines-antipersonnel,no,no,Предоставленный PDF «Справочник сапера “Минлей”» (2025) — PDF-стр. 20
eng-pdf-v7-112,HFM0050,AMMUNITION,mines-antipersonnel,no,no,"Предоставленный PDF «Справочник сапера “Минлей”» (2025) — PDF-стр. 21, 22"
eng-pdf-v7-113,СТИК-Ф / Stick ИБ,AMMUNITION,mines-antipersonnel,no,no,Предоставленный PDF «Справочник сапера “Минлей”» (2025) — PDF-стр. 23
eng-pdf-v7-114,ПОМ-С / К-2,AMMUNITION,ied,no,no,"Предоставленный PDF «Справочник сапера “Минлей”» (2025) — PDF-стр. 50, 51, 52, 53, 54"
eng-pdf-v7-115,"ИБМ-0,5 / Кукуруза",AMMUNITION,ied,no,no,Предоставленный PDF «Справочник сапера “Минлей”» (2025) — PDF-стр. 55
eng-pdf-v7-116,УПМ-О,AMMUNITION,mines-antipersonnel,no,no,Предоставленный PDF «Справочник сапера “Минлей”» (2025) — PDF-стр. 56
eng-pdf-v7-117,Волчек / Дзига,AMMUNITION,mines-antipersonnel,no,no,"Предоставленный PDF «Справочник сапера “Минлей”» (2025) — PDF-стр. 57, 58"
eng-pdf-v7-118,ТМ-2025,AMMUNITION,mines-antitank,no,no,"Предоставленный PDF «Справочник сапера “Минлей”» (2025) — PDF-стр. 102, 103; Справочник сапёра Минлей — PDF-стр. 102"
eng-pdf-v7-119,ТМ-124,AMMUNITION,mines-antitank,no,no,"Предоставленный PDF «Справочник сапера “Минлей”» (2025) — PDF-стр. 104, 105"
eng-pdf-v7-120,MKTBT,AMMUNITION,mines-antitank,yes,yes,"Предоставленный PDF «Справочник сапера “Минлей”» (2025) — PDF-стр. 106; Предоставленный PDF «Справочник сапера Минлей», физическая PDF-стр. 106"
eng-pdf-v7-121,Type 81 AT,AMMUNITION,mines-antitank,yes,yes,"Предоставленный PDF «Справочник сапера “Минлей”» (2025) — PDF-стр. 107, 108; Предоставленный PDF «Справочник сапера Минлей», физические PDF-стр. 107–108"
eng-pdf-v7-122,PARM NextGen,AMMUNITION,mines-antitank,yes,no,"Предоставленный PDF «Справочник сапера “Минлей”» (2025) — PDF-стр. 139, 140; PARM NextGen — vpk.name; TDW: собственное объявление первого показа PARM NextGen на Eurosatory 2024"
eng-pdf-v7-123,Кирпич (СВУ),AMMUNITION,ied,no,no,Предоставленный PDF «Справочник сапера “Минлей”» (2025) — PDF-стр. 166
eng-pdf-v7-124,No. 10 (Израиль),AMMUNITION,mines-antipersonnel,yes,yes,"Предоставленный PDF «Иностранные мины на Ближнем и Среднем Востоке и в Северной Африке» (2016) — PDF-стр. 4; European Commission / JRC — Metal Detector Handbook for Humanitarian Demining (2003), Annex C, печатная с. 152 / PDF 154; копия первичного издания"
eng-pdf-v7-125,S.Mi.35,AMMUNITION,mines-antipersonnel,yes,yes,"Предоставленный PDF «Иностранные мины на Ближнем и Среднем Востоке и в Северной Африке» (2016) — PDF-стр. 6, 7; IMFDB — S-Mine; предоставленный снимок S.Mi.35; Армия США — TM 5-223C (1952), PDF 123: справочные сведения"
eng-pdf-v7-126,M-80 (Египет),AMMUNITION,mines-antitank,yes,no,"Предоставленный PDF «Иностранные мины на Ближнем и Среднем Востоке и в Северной Африке» (2016) — PDF-стр. 18, 19; NAVEODTECHDIV — Iraq Ordnance Identification Guide (2004), land, PDF 24: M/80"
eng-pdf-v7-127,SACI IMAS,AMMUNITION,mines-antitank,yes,no,"Предоставленный PDF «Иностранные мины на Ближнем и Среднем Востоке и в Северной Африке» (2016) — PDF-стр. 23, 24; Повторная проверка модели и визуалов; фото не подтверждено; Повторная проверка модели и визуалов; точное фото не подтверждено; Повторная проверка в русскоязычном сегменте; точное фото не подтверждено; CAT-UXO — SACI Landmine (семейный визуал); Предоставленный PDF «Иностранные мины 1», физические PDF-стр. 23–24"
eng-pdf-v7-128,Gyata-64 / Gayata-64,AMMUNITION,mines-antipersonnel,yes,yes,"Предоставленный PDF «Иностранные мины на Ближнем и Среднем Востоке и в Северной Африке» (2016) — PDF-стр. 36, 37; HALO Trust — Land Mines Identification Guide, Itamar Levy, August 2005, стр. 24, GYATA 64"
eng-pdf-v7-129,NM-14 (Индия),AMMUNITION,mines-antipersonnel,yes,no,"Предоставленный PDF «Иностранные мины на Ближнем и Среднем Востоке и в Северной Африке» (2016) — PDF-стр. 54; ICBL-CMC Monitor: India, Production and transfer; сопоставление с предоставленным PDF-стр. 54"
eng-pdf-v7-130,Mi-AP-DV Piguet 61 / 63,AMMUNITION,mines-antipersonnel,yes,yes,"Предоставленный PDF «Иностранные мины на Ближнем и Среднем Востоке и в Северной Африке» (2016) — PDF-стр. 60, 61; U.S. Army / TRADOC — Worldwide Equipment Guide, Vol. 1: Ground Systems (2015), PDF 474"
eng-pdf-v7-131,T.Mi.43,AMMUNITION,mines-antitank,yes,yes,"Предоставленный PDF «Иностранные мины на Ближнем и Среднем Востоке и в Северной Африке» (2016) — PDF-стр. 80, 81; Wikimedia Commons — Tellermine_43_MN_2007.JPG; Армия США — TM 5-223C (1952), PDF 82: справочные сведения"
ref-v8-dm11-cap,Sprengkapsel DM11 — капсюль-детонатор,AMMUNITION,detonators-caps,yes,yes,"Предоставленный PDF «Иностранные БП, СВ, ВВ без фоновых ссылок» — PDF-стр. 3, 4; Предоставленный PDF «Иностранные БП, СВ, ВВ без фоновых ссылок», физические PDF-стр. 3, 4"
ref-v8-dm11-transfer,Zündverstärker DM11 — передаточный элемент,AMMUNITION,charges,yes,no,"Предоставленный PDF «Иностранные БП, СВ, ВВ без фоновых ссылок» — PDF-стр. 5; Предоставленный PDF «Иностранные БП, СВ, ВВ без фоновых ссылок», физические PDF-стр. 5"
ref-v8-m7-cap,M7 — капсюль-детонатор,AMMUNITION,detonators-caps,yes,yes,"Предоставленный PDF «Иностранные БП, СВ, ВВ без фоновых ссылок» — PDF-стр. 6, 7; U.S. Army — TM 43-0001-38, 1994 с изменениями; печатные с. 2-5 / PDF 22"
ref-v8-dm77,DM77 — механический зажигатель,AMMUNITION,fuzes,yes,yes,"Предоставленный PDF «Иностранные БП, СВ, ВВ без фоновых ссылок» — PDF-стр. 11, 12; Предоставленный PDF «Иностранные БП, СВ, ВВ без фоновых ссылок», физические PDF-стр. 11, 12"
ref-v8-m81-igniter,M81 — механический зажигатель,AMMUNITION,fuzes,yes,yes,"Предоставленный PDF «Иностранные БП, СВ, ВВ без фоновых ссылок» — PDF-стр. 13, 14; U.S. Army — TM 43-0001-38, 1994 с изменениями; печатные с. 2-68, Change 3 / PDF 126"
ref-v8-m11-nonelectric,M11 — неэлектрический детонатор,AMMUNITION,detonators-nonelectric,yes,yes,"Предоставленный PDF «Иностранные БП, СВ, ВВ без фоновых ссылок» — PDF-стр. 15, 16; U.S. Army — TM 43-0001-38, 1994 с изменениями; печатные с. 2-10.1–2-10.2, Change 3 / PDF 28, 29"
ref-v8-m23-nonelectric,M23 — неэлектрическая система инициирования,AMMUNITION,detonators-nonelectric,yes,yes,"Предоставленный PDF «Иностранные БП, СВ, ВВ без фоновых ссылок» — PDF-стр. 17, 18, 19; Human Rights Watch / GCPEA — Lebanon: Israeli Forces Occupied, Vandalized Schools; U.S. Army — TM 43-0001-38, 1994 с изменениями; печатные с. 2-10.22.9, Change 7 / PDF 58"
ref-v8-m14-ignition-tube,M14 — зажигательная трубка,AMMUNITION,ignition-tubes,yes,yes,"Предоставленный PDF «Иностранные БП, СВ, ВВ без фоновых ссылок» — PDF-стр. 20; U.S. Army — TM 43-0001-38, 1994 с изменениями; печатные с. 2-10.11, Change 3 / PDF 38"
ref-v8-m670-cord,M670 — огнепроводный шнур,AMMUNITION,fuse-cord,yes,yes,"Предоставленный PDF «Иностранные БП, СВ, ВВ без фоновых ссылок» — PDF-стр. 23; U.S. Army TM 43-0001-38 — Army Ammunition Data Sheets for Demolition Materials — PDF-стр. 85; U.S. Army — TM 43-0001-38, 1994 с изменениями; печатные с. 2-55, 2-57 / PDF 111, 113"
ref-v8-m700-cord,M700 — огнепроводный шнур,AMMUNITION,fuse-cord,yes,yes,"Предоставленный PDF «Иностранные БП, СВ, ВВ без фоновых ссылок» — PDF-стр. 24; U.S. Army — TM 43-0001-38, 1994 с изменениями; печатные с. 2-57 / PDF 113"
ref-v8-monetti-pl5,Monetti PL5 — огнепроводный шнур,AMMUNITION,fuse-cord,yes,yes,"Предоставленный PDF «Иностранные БП, СВ, ВВ без фоновых ссылок» — PDF-стр. 26; Предоставленный PDF «Иностранные БП, СВ, ВВ без фоновых ссылок», физические PDF-стр. 26"
ref-v8-dm11-detonating-cord,Sprengschnur DM11 — детонирующий шнур,AMMUNITION,detonating-cord,yes,no,"Предоставленный PDF «Иностранные БП, СВ, ВВ без фоновых ссылок» — PDF-стр. 27; Предоставленный PDF «Иностранные БП, СВ, ВВ без фоновых ссылок», физические PDF-стр. 27"
ref-v8-riocord-pv10,Riocord PV10 — детонирующий шнур,AMMUNITION,detonating-cord,yes,yes,"Предоставленный PDF «Иностранные БП, СВ, ВВ без фоновых ссылок» — PDF-стр. 29; Предоставленный PDF «Иностранные БП, СВ, ВВ без фоновых ссылок», физические PDF-стр. 29"
ref-v8-atmf62,ATMF 62 — финский минный взрыватель,AMMUNITION,mine-fuzes,yes,yes,"Предоставленный PDF «Иностранные мины 2» — PDF-стр. 103, 104; Предоставленный PDF «Иностранные мины 2», физические PDF-стр. 103, 104"
ref-v8-mintandare15,Mintändare 15 — шведский минный взрыватель,AMMUNITION,mine-fuzes,yes,yes,"Предоставленный PDF «Иностранные мины 2» — PDF-стр. 128, 129; Försvarsmakten — SoldR Mtrl Vapen, Minor (2001), M7742-101231, печатные с. 59; копия первичного руководства"
ref-v8-mintandare16,Mintändare 16 — шведский электронный взрыватель,AMMUNITION,mine-fuzes,yes,yes,"Предоставленный PDF «Иностранные мины 2» — PDF-стр. 130, 131; Försvarsmakten — SoldR Mtrl Vapen, Minor (2001), M7742-101231, печатные с. 69; копия первичного руководства"
ref-v8-atmf07,ATMF-07 — болгарский минный взрыватель,AMMUNITION,mine-fuzes,yes,yes,"Предоставленный PDF «Иностранные мины 2» — PDF-стр. 137, 138; Institute of Metal Science / HIGH-TECH IMS — Prospect 2019, ATMF 07, PDF-страница 41"
ref-v8-nvptm,NV-PTM — болгарский минный взрыватель,AMMUNITION,mine-fuzes,yes,yes,"Предоставленный PDF «Иностранные мины 2» — PDF-стр. 139, 140; HIGH-TECH IMS — Anti-tank fuse NV-PTM-2F, границы сопоставления индексов"
ref-v8-nvptmrc,NV-PTM-RC / ATMF-08 — минный взрыватель,AMMUNITION,mine-fuzes,yes,yes,"Предоставленный PDF «Иностранные мины 2» — PDF-стр. 141; Иностранные мины 2 — PDF-стр. 141; Institute of Metal Science / HIGH-TECH IMS — Prospect 2019, ATMF-08, PDF-страница 38"
ref-v8-vsar4,VS-AR4 — итальянский взрыватель-ловушка,AMMUNITION,mine-fuzes,yes,yes,"Предоставленный PDF «Иностранные мины 2» — PDF-стр. 210, 211; Предоставленный PDF «Иностранные мины 2», физические PDF-стр. 210, 211"
ref-v8-stridsvagnsmintandare4,Stridsvagnsmintändare 4 — шведский минный взрыватель,AMMUNITION,mine-fuzes,yes,yes,"Предоставленный PDF «Иностранные мины 2» — PDF-стр. 214, 215; Försvarsmakten — SoldR Mtrl Vapen, Minor (2001), M7742-101231, печатные с. 50; копия первичного руководства"
ref-v8-ro4,RO-4 — чешский взрыватель-ловушка,AMMUNITION,mine-fuzes,yes,yes,"Предоставленный PDF «Иностранные мины 2» — PDF-стр. 216, 217; Предоставленный PDF «Иностранные мины 2», физические PDF-стр. 216, 217"
ref-v8-m142,M142 — американский взрыватель-ловушка,AMMUNITION,mine-fuzes,yes,yes,"Предоставленный PDF «Иностранные мины 2» — PDF-стр. 217, 219; U.S. Army — TM 43-0001-38, 1994 с изменениями; печатные с. 2-44, Change 1 / PDF 100"
ref-v8-rmp-fuze,RMP — финский минный взрыватель,AMMUNITION,mine-fuzes,yes,no,"Предоставленный PDF «Иностранные мины 2» — PDF-стр. 219, 220; Предоставленный PDF «Иностранные мины 2», физические PDF-стр. 219, 220"
ref-v8-evf1,ЭВФ-1 — электровоспламенитель,AMMUNITION,ignition-electric,yes,no,"Муромский приборостроительный завод: инициаторы и средства светопиротехники; Techmika — Электровоспламенитель ЭВФ-1; АО «МПЗ» — средства для зажжения изделий светопиротехники, официальный перечень (проверено 04.10.2026)"
ref-v8-evf11,ЭВФ-11 — электровоспламенитель,AMMUNITION,ignition-electric,yes,no,"Муромский приборостроительный завод: инициаторы и средства светопиротехники; АО «МПЗ» / витрина гражданской продукции Ростех — ЭВФ-11; АО «МПЗ» — средства для зажжения изделий светопиротехники, официальный перечень (проверено 04.10.2026)"
ref-v8-mf1,МФ-1 — электровоспламенитель,AMMUNITION,ignition-electric,yes,no,"Муромский приборостроительный завод: инициаторы и средства светопиротехники; Techmika — Электровоспламенитель МФ-1; АО «МПЗ» — средства для зажжения изделий светопиротехники, официальный перечень (проверено 04.10.2026)"
ref-v8-shockstar-ms,Shock*Star MS — неэлектрический детонатор,AMMUNITION,detonators-nonelectric,yes,no,"Austin Powder: Shock*Star MS Detonator; Austin Powder — Shock*Star MS; Austin Powder — SHOCK*STAR MS Detonator, редакция 05/23, PDF 2: Standard Packaging"
ref-v8-shockstar-lp,Shock*Star LP — неэлектрический детонатор,AMMUNITION,detonators-nonelectric,yes,no,"Austin Powder: Shock*Star LP Delay Detonators; Austin Powder — Shock*Star LP; Austin Powder — Shock*Star LP, Product Information Brochure, редакция 05/23, PDF 2"
ref-v8-rockstar,Rock*Star — электродетонатор,AMMUNITION,detonators-electric,yes,no,"Austin Powder: Rock*Star Electric Detonators; Austin Powder — Rock*Star; Austin Powder — Rock*Star, Product Information Brochure, редакция 05/23, PDF 2, 3"
ref-v8-staticstar,Static*Star — сейсмический электродетонатор,AMMUNITION,detonators-electric,yes,no,"Austin Powder: Static*Star Detonator; Austin Powder — Static*Star; Austin Powder — Static*Star, Product Information Brochure, редакция 05/23, PDF 2"
ref-v8-estar-gold,E*STAR Gold / Gold HD — электронные детонаторы,AMMUNITION,detonators-electronic,yes,no,"Austin Powder: E*STAR Gold / Gold HD; Austin Powder — E*STAR Gold; Austin Detonator: E*STAR Gold, Product Information Brochure, PDF-стр. 2"
ref-v8-estar-go,E*STAR GO — электронная система инициирования,AMMUNITION,detonators-electronic,yes,no,"Austin Powder: E*STAR GO; Austin Powder — E*STAR Go; Austin Powder — E*STAR Go; Austin Detonator: E*STAR GO, Product Information Brochure, PDF-стр. 2"
ref-v8-ar-md,AR-MD — миномётный взрыватель,AMMUNITION,artillery-fuzes,yes,yes,"ARCUS: Fuze AR-MD; Arcus JSC — Fuze AR-MD for 82 mm and 120 mm mortar ammunition; ARCUS JSC — Fuze AR-MD, официальная таблица наружных характеристик"
ref-v8-primers-overview,Запалы — обзор раздела,AMMUNITION,primers,yes,no,"Предоставленный PDF «Справочник сапера “Минлей”» (2025) — PDF-стр. 56; Проект «ДЛЯ СВОИХ» — оригинальные тематические иллюстрации v0.3.19; Предоставленный PDF «Справочник сапера Минлей», физическая PDF-стр. 56"
ref-v8-in-nipun,Nipun,AMMUNITION,mines-antipersonnel,yes,yes,"Ministry of Defence / PIB — Indigenous equipment and systems handed over to Indian Army, 16 August 2022; Предоставленный архив 6_CARDS_SCREENSHOTS, коллаж 026_Vibhav_screenshot.jpg; Ministry of Defence / PIB — передача систем индийской армии, 16.08.2022, раздел Nipun"
ref-v8-in-vibhav,Vibhav,AMMUNITION,mines-antitank,yes,yes,"DRDO / PIB — DRDO to display 430 strategic & tactical weapon systems, DefExpo2022; Предоставленный архив 6_CARDS_SCREENSHOTS — 026_Vibhav_screenshot.jpg; DRDO — Products for Export 2025, Anti-Tank Point Attack Munition / VIBHAV, печатная стр. 59, PDF-стр. 82"
ref-v8-in-vishal,Vishal,AMMUNITION,mines-antitank,yes,no,"DRDO / PIB — DRDO to display 430 strategic & tactical weapon systems, DefExpo2022; Vishal — x.com; Ministry of Defence / PIB — DRDO DefExpo2022, 14.10.2022, перечень VISHAL; DRDO — Products for Export 2025, Anti-Tank Bar Munition, с. 60 / PDF-страница 83; модель не подписана"
ref-v8-in-prachand,Prachand,AMMUNITION,mines-antitank,yes,no,"DRDO / PIB — DRDO to display 430 strategic & tactical weapon systems, DefExpo2022; Предоставленный архив 6_CARDS_SCREENSHOTS, коллаж 026_Vibhav_screenshot.jpg; DRDO / ARDE — PRACHAND Munition Hardware (Empty), краткий документ 2022"
ref-v8-za-r2m1,R2M1,AMMUNITION,mines-antipersonnel,yes,yes,"Landmine Monitor Report 1999 — Africa, South Africa: Production and Transfer; Human Rights Watch — Still Killing: Landmines in Southern Africa, Appendix: mine profiles; Andy Smith — R2M1/2 and Variants, авторский полевой фактлист (2002), таблица моделей; European Commission / JRC — Metal Detector Handbook for Humanitarian Demining (2003), Annex C, печатная с. 153 / PDF 155; копия первичного издания"
ref-v8-za-r2m2,R2M2,AMMUNITION,mines-antipersonnel,yes,yes,"Landmine Monitor Report 1999 — Africa, South Africa: Production and Transfer; CAT-UXO — R2M2 Landmine; Andy Smith — R2M1/2 and Variants, авторский полевой фактлист (2002), таблица моделей; European Commission / JRC — Metal Detector Handbook for Humanitarian Demining (2003), Annex C, печатная с. 153 / PDF 155; копия первичного издания"
ref-v8-za-no69mk1,No. 69 Mk1 (ЮАР),AMMUNITION,mines-antipersonnel,yes,no,"Landmine Monitor Report 1999 — Africa, South Africa: Production and Transfer; Human Rights Watch — Still Killing: Landmines in Southern Africa, Appendix: mine profiles; Human Rights Watch, Still Killing: Landmines in Southern Africa (1997), приложение: собственная статья No.69 Mk1"
ref-v8-za-shrapnel-no2,Shrapnel Mine No. 2,AMMUNITION,mines-antipersonnel,yes,yes,"Landmine Monitor Report 1999 — Africa, South Africa: Production and Transfer; Human Rights Watch — Still Killing: Landmines in Southern Africa, Appendix: mine profiles; CAT-UXO - No 2 r1m1 landmine; European Commission / JRC — Metal Detector Handbook for Humanitarian Demining (2003), Annex C, печатная с. 155 / PDF 157; копия первичного издания"
ref-v8-za-mini-ms803,Mini-MS 803 / MIM MS-803,AMMUNITION,mines-antipersonnel,yes,yes,"Landmine Monitor Report 1999 — Africa, South Africa: Production and Transfer; Human Rights Watch — Still Killing: Landmines in Southern Africa, Appendix: mine profiles; Mini-MS 803 — cat-uxo.com; European Commission / JRC — Metal Detector Handbook for Humanitarian Demining (2003), Annex C, печатная с. 155 / PDF 157"
ref-v8-za-type72-ap,Type 72 AP (ЮАР),AMMUNITION,mines-antipersonnel,yes,yes,"Landmine Monitor Report 1999 — Africa, South Africa: Production and Transfer; Повторная проверка модели и визуалов; фото не подтверждено; Повторная проверка модели и визуалов; точное фото не подтверждено; Повторная проверка в русскоязычном сегменте; точное фото не подтверждено; Иностранные мины 1 — Type 72A, PDF-стр. 40; JMU / CISR, Munitions Reference Guide: собственная запись модели"
ref-v8-za-no8-at,No. 8 AT (ЮАР),AMMUNITION,mines-antitank,yes,yes,"Landmine Monitor Report 1999 — Africa, South Africa: Production and Transfer; No.8 AT (South Africa) — cat-uxo.com; HALO Trust — Land Mines Identification Guide, edited by Itamar Levy (August 2005), стр. 73"
ref-v8-za-type72-at,Type 72 AT (ЮАР),AMMUNITION,mines-antitank,yes,yes,"Landmine Monitor Report 1999 — Africa, South Africa: Production and Transfer; Повторная проверка модели и визуалов; фото не подтверждено; Повторная проверка модели и визуалов; точное фото не подтверждено; Повторная проверка в русскоязычном сегменте; точное фото не подтверждено; Иностранные мины 1 — противотанковая Type 72, PDF-стр. 31; U.S. Army / TRADOC — WEG 2015, Vol. 1, PDF-стр. 457–458: Type 72 AT"
ref-v8-zw-zap1,ZAP No. 1 / RAP No. 1,AMMUNITION,mines-antipersonnel,yes,yes,"Human Rights Watch — Still Killing: Landmines in Southern Africa, Appendix: mine profiles; CAT-UXO — zap-no1-landmine; European Commission / JRC — Metal Detector Handbook for Humanitarian Demining (2003), Annex C, печатная с. 153 / PDF 155; копия первичного издания"
ref-v8-zw-zap2,ZAP No. 2 / RAP No. 2,AMMUNITION,mines-antipersonnel,yes,yes,"Human Rights Watch — Still Killing: Landmines in Southern Africa, Appendix: mine profiles; European Commission / JRC — Metal Detector Handbook for Humanitarian Demining (2003), Annex C, печатная с. 153 / PDF 155; копия первичного издания"
ref-v8-zw-zaps,ZAPS / RAPS PloughShear,AMMUNITION,mines-antipersonnel,yes,yes,"Human Rights Watch — Still Killing: Landmines in Southern Africa, Appendix: mine profiles; The HALO Trust — Zimbabwe's Minefields: A Visual Explainer; European Commission / JRC — Metal Detector Handbook for Humanitarian Demining (2003), Annex C, печатная с. 153 / PDF 155; копия первичного издания"
ref-v8-cn-type59-ap,Type 59 AP (Китай),AMMUNITION,mines-antipersonnel,yes,yes,"James Madison University, CISR — Munitions Reference Guide; CAT-UXO — Type 59 AP fragmentation landmine; European Commission / JRC — Metal Detector Handbook for Humanitarian Demining (2003), Annex C, печатная с. 152 / PDF 154"
ref-v8-cn-type59-at,Type 59 AT (Китай),AMMUNITION,mines-antitank,yes,yes,"James Madison University, CISR — Munitions Reference Guide; Max Smith — Type 59 anti-tank mine, Beijing Military Museum, August 2007; JMU / CISR, Munitions Reference Guide: собственная запись модели"
ref-v8-jp-type63-ap,Type 63 AP (Япония),AMMUNITION,mines-antipersonnel,yes,yes,"James Madison University, CISR — Munitions Reference Guide; CAT-UXO — Japanese Type 63 (AP) Landmine; JMU / CISR, Munitions Reference Guide: собственная запись модели"
ref-v8-jp-type63-at,Type 63 AT / Type 63B (Япония),AMMUNITION,mines-antitank,yes,yes,"James Madison University, CISR — Munitions Reference Guide; CAT-UXO — Japanese Type 63 (AV) Landmine / Type 63B variant; JMU / CISR, Munitions Reference Guide: собственная запись модели"
ref-v8-cn-type66,Type 66 (Китай),AMMUNITION,mines-antipersonnel,yes,yes,"James Madison University, CISR — Munitions Reference Guide; Wikimedia Commons — Type_66_-_Chinese_Claymore_mine.jpg; European Commission / JRC — Metal Detector Handbook for Humanitarian Demining (2003), Annex C, печатная с. 155 / PDF 157"
ref-v8-jp-type67,Type 67 (Япония),AMMUNITION,mines-antipersonnel,yes,yes,"James Madison University, CISR — Munitions Reference Guide; Точный внешний визуал; права на перенос в APK не подтверждены; JMU / CISR, Munitions Reference Guide: собственная запись модели"
ref-v8-jp-type80,Type 80 (Япония),AMMUNITION,mines-antipersonnel,yes,yes,"James Madison University, CISR — Munitions Reference Guide; Точный внешний визуал; права на перенос в APK не подтверждены; JMU / CISR, Munitions Reference Guide: собственная запись модели"
ref-v8-pk-p2mk2-ap,P2 Mk2 AP (Пакистан),AMMUNITION,mines-antipersonnel,yes,no,"Landmine Monitor Report 1999 — Asia-Pacific, Pakistan: Production; U.S. Army ODIN — P2 MK 2 Pakistani Mine; HALO Trust — Land Mines Identification Guide, Itamar Levy, August 2005, стр. 27, P2 Mk2 AP"
ref-v8-pk-p5-family,P5 Mk1 / P5 Mk2,AMMUNITION,mines-antipersonnel,yes,no,"Landmine Monitor Report 1999 — Asia-Pacific, Pakistan: Production; CAT-UXO — p5-landmine; European Commission / JRC — Metal Detector Handbook for Humanitarian Demining (2003), Annex C, печатная с. 155 / PDF 157"
ref-v8-pk-p7mk1,P7 Mk1,AMMUNITION,mines-antipersonnel,yes,yes,"Landmine Monitor Report 1999 — Asia-Pacific, Pakistan: Production; CAT-UXO — P7 Mk 1 Landmine; JMU / CISR, Munitions Reference Guide: собственная запись модели"
ref-v8-pk-p2mk2-at,P2 Mk2 AT (Пакистан),AMMUNITION,mines-antitank,yes,no,"Human Rights Watch — Crisis of Impunity, Pakistan’s Support of the Taliban; interview evidence, note 85; Предоставленный архив 6_CARDS_SCREENSHOTS — 008_P2-Mk2-AP_screenshot.jpg; HALO Trust — Land Mines Identification Guide, Itamar Levy, August 2005, стр. 93, P2 Mk2 AT"
ref-v8-ar-fmk1,FMK-1,AMMUNITION,mines-antipersonnel,yes,yes,"Landmine Monitor Report 2000 — Americas: States Parties, Argentina; CAT-UXO — FMK-1 Landmine; Argentina — Article 7 Report за 2002 год, представлено 12.05.2003, OAS CP/CSH-589/03 add.1, форма H, стр. 13–14: публичная текстовая копия"
ref-v8-ar-mapg,MAPG (Аргентина),AMMUNITION,mines-antipersonnel,yes,yes,"Landmine Monitor Report 2000 — Americas: States Parties, Argentina; Повторная проверка модели и визуалов; фото не подтверждено; Повторная проверка модели и визуалов; точное фото не подтверждено; Повторная проверка в русскоязычном сегменте; точное фото не подтверждено; Landmine Monitor Report 2000: Argentina, Production, Transfer, Use"
ref-v8-ar-mappg,MAPPG (Аргентина),AMMUNITION,mines-antipersonnel,yes,yes,"Landmine Monitor Report 2000 — Americas: States Parties, Argentina; Повторная проверка модели и визуалов; фото не подтверждено; Повторная проверка модели и визуалов; точное фото не подтверждено; Повторная проверка в русскоязычном сегменте; точное фото не подтверждено; Landmine Monitor Report 2000: Argentina, Production, Transfer, Use"
ref-v8-ar-fmk3,FMK-3,AMMUNITION,mines-antitank,yes,yes,"Landmine Monitor Report 2000 — Americas: Other, Falklands/Malvinas, Table I; CAT-UXO — FMK-3 Landmine; JMU / CISR, Munitions Reference Guide: собственная запись модели"
ref-v8-cl-mapp78,M.A.P.P. 78-F2 FAMAE,AMMUNITION,mines-antipersonnel,yes,yes,"Chile — Informe Medidas de Transparencia, Artículo 7, abril 2012, Modelo H — PDF-стр. 21; Landmine Monitor Report 1999 — Americas, Chile: Production, Transfer, Stockpiling, and Use; M.A.P.P. 78-F2 — www.bbc.com; Chile — Article 7 Report за 2019 год, форма H, PDF-стр. 20: M.A.P.P. 78-F2 FAMAE"
ref-v8-cl-mapt78,M.A.P.T. 78-F2 FAMAE,AMMUNITION,mines-antipersonnel,yes,yes,"Chile — Informe Medidas de Transparencia, Artículo 7, abril 2012, Modelo H — PDF-стр. 21; Landmine Monitor Report 1999 — Americas, Chile: Production, Transfer, Stockpiling, and Use; M.A.P.T. 78-F2 — CAT-UXO, прямой файл из реестра; Chile — Article 7 Report за 2019 год, форма H, PDF-стр. 20: M.A.P.T. 78-F2 FAMAE"
ref-v8-cl-cardoen-i,Cardoen I,AMMUNITION,mines-antipersonnel,yes,yes,"Chile — Informe Medidas de Transparencia, Artículo 7, abril 2012, Modelo H — PDF-стр. 21; Landmine Monitor Report 1999 — Americas, Chile: Production, Transfer, Stockpiling, and Use; Chile — presentación sobre destrucción de existencias, 5MSP APMBC (2003) — PDF-стр. 7; Chile — Article 7 Report за 2019 год, форма H, PDF-стр. 20: CARDOEN I"
ref-v8-cl-cardoen-ii,Cardoen II,AMMUNITION,mines-antipersonnel,yes,yes,"Chile — Informe Medidas de Transparencia, Artículo 7, abril 2012, Modelo H — PDF-стр. 21; Landmine Monitor Report 1999 — Americas, Chile: Production, Transfer, Stockpiling, and Use; Chile — presentación sobre destrucción de existencias, 5MSP APMBC (2003) — PDF-стр. 7; Chile — Article 7 Report за 2019 год, форма H, PDF-стр. 20: CARDOEN II"
ref-v8-pmd-6m,ПМД-6М,AMMUNITION,mines-antipersonnel,yes,yes,"ESAG / CPADD — PMD 6 M; январь 2004; PMD-6M — antikvariat.ru; NAVEODTECHDIV — Iraq Ordnance Identification Guide (2004), land, PDF 14: PMD-6 / PMD-6M"
ref-v8-pmn-4,ПМН-4,AMMUNITION,mines-antipersonnel,yes,yes,"ESAG / CPADD — PMN 4; декабрь 2005; GICHD — Explosive Ordnance Guide for Ukraine (2022) — PDF-стр. 19; GICHD — Explosive Ordnance Guide for Ukraine, Third Edition (2025), стр. 17: наполнение"
ref-v8-pmn-3,ПМН-3,AMMUNITION,mines-antipersonnel,yes,yes,ESAG / CPADD — PMN 3; декабрь 2006; ODIN — PMN-3 Russian; предоставленный скриншот; ESAG / CPADD — fiche descriptive de mine PMN 3: описание и границы сведений о наполнении
ref-v8-mon-90,МОН-90,AMMUNITION,mines-antipersonnel,yes,yes,"ESAG / CPADD — MON 90; январь 2007; GICHD — Explosive Ordnance Guide for Ukraine (2022) — PDF-стр. 11; HALO Trust — Land Mines Identification Guide, Itamar Levy, August 2005, стр. 48, MON 90"
ref-v8-mon-100,МОН-100: советская модель и польское исполнение,AMMUNITION,mines-antipersonnel,yes,yes,"ESAG / CPADD — MON 100; польское исполнение; описательная карточка ESAG; GICHD — Explosive Ordnance Guide for Ukraine (2022) — PDF-стр. 12; GICHD — Explosive Ordnance Guide for Ukraine, Third Edition (2025), стр. 12: наполнение и границы применимости"
ref-v8-pomz-2m,ПОМЗ-2М,AMMUNITION,mines-antipersonnel,yes,yes,"ESAG / CPADD — POMZ 2 M; октябрь 2002; POMZ-2M — www.jca.apc.org; HALO Trust — Land Mines Identification Guide, Itamar Levy, August 2005, стр. 53, POMZ-2M"
ref-v8-tm-46,ТМ-46,AMMUNITION,mines-antitank,yes,yes,"ESAG / CPADD — TM 46; февраль 2004; Wikimedia Commons — TM-46_AP-mine.JPEG; HALO Trust — Land Mines Identification Guide, Itamar Levy, August 2005, стр. 62, TM46 / TMN46"
ref-v8-tmn-46,ТМН-46,AMMUNITION,mines-antitank,yes,yes,ESAG / CPADD — TMN 46; январь 2004; TMN-46 — www.imfdb.org; ESAG / CPADD — fiche descriptive de mine TMN 46: описание и границы сведений о наполнении
ref-v8-tm-57,ТМ-57,AMMUNITION,mines-antitank,yes,yes,"ESAG / CPADD — TM 57; февраль 2004; TM-57 — www.jca.apc.org; HALO Trust — Land Mines Identification Guide, Itamar Levy, August 2005, стр. 63, TM57"
ref-v8-pdm-1,ПДМ-1,AMMUNITION,mines-antiland,yes,yes,"ESAG / CPADD — PDM 1; 1998; ESAG / CPADD — PDM 1; fiche descriptive de mine — PDF-стр. 1; МО СССР — Инженерные боеприпасы, книга 1, Воениздат 1976, печатные страницы 147, 152; проверены сканы отдельных страниц"
ref-v8-pdm-1m,ПДМ-1М,AMMUNITION,mines-antiland,yes,yes,ESAG / CPADD — PDM 1 M; 1998; PDM-1M — www.psdinfo.pro; ESAG / CPADD — fiche descriptive de mine PDM 1M: описание и границы сведений о наполнении
ref-v8-pdm-2,ПДМ-2,AMMUNITION,mines-antiland,yes,yes,ESAG / CPADD — PDM 2; 1998; ESAG / CPADD — PDM 2; fiche descriptive de mine — PDF-стр. 1; ESAG / CPADD — fiche descriptive de mine PDM 2: описание и границы сведений о наполнении
ref-v8-tm-62p3,ТМ-62П3,AMMUNITION,mines-antitank,yes,yes,"Збройні Сили України — «Інженерна підготовка», 10.01.2019 — PDF-стр. 6; GICHD — Explosive Ordnance Guide for Ukraine (2022) — PDF-стр. 25; Министерство обороны СССР, Воениздат — Инженерные боеприпасы. Руководство по материальной части и применению. Книга 3 (1979); GICHD — Explosive Ordnance Guide for Ukraine, Third Edition (2025), стр. 22: наполнение"
ref-v8-tm-62p,ТМ-62П,AMMUNITION,mines-antitank,yes,yes,"Збройні Сили України — «Інженерна підготовка», 10.01.2019 — PDF-стр. 6; TM-62P — sappers.com.ua; Министерство обороны СССР, Воениздат — Инженерные боеприпасы. Руководство по материальной части и применению. Книга 3 (1979); МО СССР — Инженерные боеприпасы, книга 3, Воениздат 1979, печатные страницы 6; проверены сканы отдельных страниц"
ref-v8-tm-72,ТМ-72,AMMUNITION,mines-antibottom,yes,yes,"Збройні Сили України — «Інженерна підготовка», 10.01.2019 — PDF-стр. 6; RU193124U1 — Универсальная кумулятивная мина: обзор известных образцов — Description; список известных штатных мин; Wikimedia Commons — 2011._%D0%94%D0%B5%D0%BD%D1%8C_%D0%B7%D0%B0%D1%89%D0%B8%D1%82%D1%8B_%D0%B4%D0%B5%D1%82%D0%B5%D0%B9_%D0%B2_%D0%94%D0%BE%D0%BD%D0%B5%D1%86%D0%BA%D0%B5_044.jpg; U.S. Department of the Army — FM 3-34.2 Combined-Arms Breaching Operations, Appendix B (2002); European Commission / JRC — Metal Detector Handbook for Humanitarian Demining (2003), Annex C, печатная с. 154 / PDF 156"
ref-v8-pomz-2,ПОМЗ-2,AMMUNITION,mines-antipersonnel,yes,yes,"Предоставленный PDF «Иностранные мины 1» — PDF-стр. 10; Збройні Сили України — «Інженерна підготовка», 10.01.2019 — PDF-стр. 9; POMZ-2 — whiskeyrebellionantiques.com; US Army / Navy / Air Force — TM 5-280 (1971), стр. 6-119; HALO Trust — Land Mines Identification Guide, Itamar Levy, August 2005, стр. 53, POMZ-2"
ref-v8-mon-200,МОН-200,AMMUNITION,mines-antipersonnel,yes,yes,"МВС України — «МВС про важливе: мінна безпека. Що потрібно знати», 13.02.2025; GICHD — Explosive Ordnance Guide for Ukraine (2022) — PDF-стр. 13; U.S. Department of the Army — FM 3-34.2 Combined-Arms Breaching Operations, Appendix B (2002); GICHD — Explosive Ordnance Guide for Ukraine, Third Edition (2025), стр. 13: наполнение и границы применимости"
ref-v8-pom-3,ПОМ-3 «Медальон»,AMMUNITION,mines-antipersonnel,yes,yes,"Mick F. и N. R. Jenzen-Jones / ARES — Russian POM-3 anti-personnel landmines documented in Ukraine (2022), 15.04.2022; GICHD — Explosive Ordnance Guide for Ukraine (2022) — PDF-стр. 21; GICHD — Explosive Ordnance Guide for Ukraine, Third Edition (2025), стр. 36: наполнение"
ref-v8-ptm-4,ПТМ-4,AMMUNITION,mines-antitank,yes,yes,"Игорь Смирнов, генеральный директор АО «НИИИ» — «НИИИ: задел на будущее», 15.06.2015; Mick F. и N. R. Jenzen-Jones / ARES — Russian POM-3 anti-personnel landmines documented in Ukraine (2022), 15.04.2022; GICHD — Explosive Ordnance Guide for Ukraine (2022) — PDF-стр. 28; GICHD — Explosive Ordnance Guide for Ukraine, Third Edition (2025), стр. 39: масса и габариты; GICHD — Explosive Ordnance Guide for Ukraine, Third Edition (2025), стр. 39: наполнение"
ref-v8-pmd-6,ПМД-6,AMMUNITION,mines-antipersonnel,yes,yes,"Предоставленный PDF «Иностранные мины 1» — PDF-стр. 3, 10; ESAG / CPADD — PMD 6 M; январь 2004; Wikimedia Commons — PMD-6_2_(ORDATA).jpg; USAREUR — Pam 30-60-1, Part Three, Volume II (30 July 1975), стр. 64; HALO Trust — Land Mines Identification Guide, Itamar Levy, August 2005, стр. 5, PMD 6"
ref-v9-kd8,"КД №8 (8А, 8М, 8С, 8Б)",AMMUNITION,detonators-caps,yes,yes,"Веремеев Ю. Г. Подрывные заряды и средства взрывания Советской (Российской) Армии. Часть 7а. Март 2013 — «Капсюль-детонатор №8»; Министерство обороны СССР — Руководство по подрывным работам. Воениздат, 1969 — PDF-стр. 39; МО СССР — Инженерные боеприпасы, книга 1, Воениздат 1976, печатные страницы 12; проверены сканы отдельных страниц"
ref-v9-edp,ЭДП / ЭДП-р,AMMUNITION,detonators-electric,yes,no,"ГОСТ 9089-75. Электродетонаторы мгновенного действия. Технические условия. Издательство стандартов, 1975; переиздание 1997 — Титульная часть и раздел 1; Веремеев Ю. Г. Подрывные заряды и средства взрывания Советской (Российской) Армии. Часть 8. Март 2013 — «Электродетонатор ЭДП» и «Электродетонатор ЭДП-р»; Sappers.org — ЭДП; ГОСТ 9089-75 — исторический текст с изменениями, раздел 2, таблица 1; публичная копия"
ref-v9-ed8,"ЭД-8 (ЭД-8-Э, ЭД-8-Ж)",AMMUNITION,detonators-electric,yes,no,"ГОСТ 9089-75. Электродетонаторы мгновенного действия. Технические условия. Издательство стандартов, 1975; переиздание 1997 — Раздел 1 «Типы»; Электродетонаторы ЭД-8М1, L=2м ТУ 7287-007-54634296-2004; ГОСТ 9089-75 — исторический текст с изменениями, раздел 2, таблица 1; публичная копия"
ref-v9-muv,"МУВ (МУВ, МУВ-2, МУВ-3, МУВ-4)",AMMUNITION,mine-fuzes,yes,yes,"Веремеев Ю. Г. Минный взрыватель МУВ: историко-технический очерк. Часть 1 — История УВ и МУВ обр. 1940 и 1942 гг.; Веремеев Ю. Г. Минный взрыватель МУВ: историко-технический очерк. Часть 2 — Часть 2: исторические абзацы о МУВ-2, МУВ-3, МУВ-4; GICHD — Explosive Ordnance Guide for Ukraine, третье издание — PDF-стр. 253; GICHD — Explosive Ordnance Guide for Ukraine, Third Edition (2025); USAREUR — Pam 30-60-1, Part Three, Volume II (30 July 1975), стр. 129; GICHD — Explosive Ordnance Guide for Ukraine, Third Edition (2025), PDF 253: MUV-4 — сверка наружных данных"
ref-v9-mv5,МВ-5,AMMUNITION,mine-fuzes,yes,yes,"Веремеев Ю. Г. Противотанковая мина ТМ-41: историческая статья; отдельное упоминание МВ-5 — Название раздела; исторические абзацы; подпись отдельного изображения МВ-5; Wikimedia Commons — Russian MV-5 pressure fuze; TM 5-223, U.S. Government; USAREUR — Pam 30-60-1, Part Three, Volume II (30 July 1975), стр. 115; USAREUR — Pam 30-60-1, Part Three, Volume II (30 July 1975), печатная с. 115 / PDF 116"
ref-v9-vpf,ВПФ,AMMUNITION,mine-fuzes,yes,yes,"Тесленко Е. С., Клюшин И. М., Васенин А. Ю. Преодоление минно-взрывных заграждений при проведении специальных операций. КрУ МВД России, 2014. ISBN 978-5-9266-0716-8 — Печатная с. 38; Wikimedia Commons — Russian VPF pull fuze; TM 5-223, U.S. Government; USAREUR — Pam 30-60-1, Part Three, Volume II (30 July 1975), стр. 129; USAREUR — Pam 30-60-1, Part Three, Volume II (30 July 1975), печатная с. 129 / PDF 130"
ref-v9-mvch62,МВЧ-62,AMMUNITION,mine-fuzes,yes,no,"Тесленко Е. С., Клюшин И. М., Васенин А. Ю. Преодоление минно-взрывных заграждений при проведении специальных операций. КрУ МВД России, 2014. ISBN 978-5-9266-0716-8 — Печатная с. 45; GICHD — Explosive Ordnance Guide for Ukraine (2022) — PDF-стр. 44; GICHD — Explosive Ordnance Guide for Ukraine, Third Edition (2025); GICHD — Explosive Ordnance Guide for Ukraine, Third Edition (2025), PDF / печатная с. 234"
ref-v9-mvp62,МВП-62 / МВП-62М,AMMUNITION,mine-fuzes,yes,no,"Тесленко Е. С., Клюшин И. М., Васенин А. Ю. Преодоление минно-взрывных заграждений при проведении специальных операций. КрУ МВД России, 2014. ISBN 978-5-9266-0716-8 — Печатные с. 45–46; GICHD — Explosive Ordnance Guide for Ukraine (2022) — PDF-стр. 45; GICHD — Explosive Ordnance Guide for Ukraine, Third Edition (2025); GICHD — Explosive Ordnance Guide for Ukraine, Third Edition (2025), стр. 235: масса и габариты; GICHD — Explosive Ordnance Guide for Ukraine, Third Edition (2025), PDF / печатная с. 235"
ref-v9-mvz57,МВЗ-57,AMMUNITION,mine-fuzes,yes,yes,"Тесленко Е. С., Клюшин И. М., Васенин А. Ю. Преодоление минно-взрывных заграждений при проведении специальных операций. КрУ МВД России, 2014. ISBN 978-5-9266-0716-8 — Печатная с. 38; нумерация по транскрипции; CAT-UXO — MVZ-57 fuze; МО СССР — Инженерные боеприпасы, книга 3, Воениздат 1979, печатные страницы 76; проверены сканы отдельных страниц"
ref-v9-mve72,МВЭ-72,AMMUNITION,mine-fuzes,yes,yes,"Тесленко Е. С., Клюшин И. М., Васенин А. Ю. Преодоление минно-взрывных заграждений при проведении специальных операций. КрУ МВД России, 2014. ISBN 978-5-9266-0716-8 — Печатная с. 38; нумерация по транскрипции; GICHD — Explosive Ordnance Guide for Ukraine, третье издание — PDF-стр. 276; GICHD — Explosive Ordnance Guide for Ukraine, Third Edition (2025), стр. 276: масса и габариты; GICHD — Explosive Ordnance Guide for Ukraine, Third Edition (2025), PDF / печатная с. 276"
ref-v9-vzd,"ВЗД (ВЗД-3М, ВЗД-6Ч, ВЗД-144)",AMMUNITION,fuzes,no,no,"Тесленко Е. С., Клюшин И. М., Васенин А. Ю. Преодоление минно-взрывных заграждений при проведении специальных операций. КрУ МВД России, 2014. ISBN 978-5-9266-0716-8 — Печатная с. 38; нумерация по транскрипции; CAT-UXO — VZD-3M fuze; Тесленко, Клюшин, Васенин: пособие КрУ МВД России 2014, веб-транскрипция собственного фрагмента ВЗД"
ref-v9-chmv,"ЧМВ (ЧМВ-16, ЧМВ-60, ЧМВ-120)",AMMUNITION,fuzes,yes,yes,"Тесленко Е. С., Клюшин И. М., Васенин А. Ю. Преодоление минно-взрывных заграждений при проведении специальных операций. КрУ МВД России, 2014. ISBN 978-5-9266-0716-8 — Печатная с. 38; нумерация по транскрипции; Точное фото найдено; перенос не выполнен из-за неустановленных прав; МО СССР — Инженерные боеприпасы, книга 1, Воениздат 1976, печатные страницы 32, 36, 39–40; проверены сканы отдельных страниц"
ref-v9-ztp,"ЗТП (ЗТП-50, ЗТП-150, ЗТП-300)",AMMUNITION,ignition-tubes,no,no,"Тесленко Е. С., Клюшин И. М., Васенин А. Ю. Преодоление минно-взрывных заграждений при проведении специальных операций. КрУ МВД России, 2014. ISBN 978-5-9266-0716-8 — Печатная с. 69; нумерация по транскрипции; REIBERT.info — макеты ЗТП-50(м) и ЗТП-300(т); Тесленко, Клюшин, Васенин: пособие КрУ МВД России 2014, веб-транскрипция собственного фрагмента ЗТП"
ref-v9-md9,МД-9,AMMUNITION,primers,yes,no,"Тесленко Е. С., Клюшин И. М., Васенин А. Ю. Преодоление минно-взрывных заграждений при проведении специальных операций. КрУ МВД России, 2014. ISBN 978-5-9266-0716-8 — Печатная с. 41; нумерация по транскрипции; Guns.ru — подписанные макеты МД-5М, КД-8А и МД-9; пользователь GermanGraf; МО СССР — Инженерные боеприпасы, книга 1, Воениздат 1976, печатные страницы 115; проверены сканы отдельных страниц"
ref-v9-ktm1,КТМ-1,AMMUNITION,artillery-fuzes,yes,no,"Музей «Дорога памяти». 76-мм унитарный патрон с осколочно-фугасной гранатой и взрывателем КТМ-1. 1940-е гг. Ленинград. — Заголовок карточки; Галерея №8, код аудиогида 337; CAT-UXO — ktm-1-fuze; Собственная музейная запись: КТМ-1"
ref-v9-mg37,МГ-37,AMMUNITION,artillery-fuzes,yes,no,"Музей «Дорога памяти». 37-мм снаряды. — Описание экспоната; Зал №6, код аудиогида 401; CAT-UXO — mg-37-fuze; Собственная музейная запись: МГ-37"
ref-v9-koveshnikov,Запал системы Ф. В. Ковешникова,AMMUNITION,grenade-fuzes,yes,no,А. Д. Шапиро. Реставрация оружия к выставке. Государственный исторический музей Южного Урала — Исторический раздел о гранатах; Wikimedia Commons — Nikel-042.jpg; Alexander Novikov; CC BY-SA 4.0; контекст: статья «Запал Ковешникова»; Собственная музейная запись: Запал Ковешникова
ref-v9-sinv,СИНВ,AMMUNITION,detonators-nonelectric,yes,no,"Программа «100 лучших товаров России»: СИНВ, конкурсная карточка 2003 года — Карточка изделия, 2003 год; МГТУ им. Г. И. Носова. Средства и способы инициирования. Рабочая программа дисциплины — PDF-стр. 9, 17, 18; 100 лучших товаров России — СИНВ (2003); 100 лучших товаров России: собственная конкурсная запись СИНВ, 2003 год"
ref-v9-iskra,Искра,AMMUNITION,detonators-nonelectric,yes,no,"Программа «100 лучших товаров России»: «ИСКРА-П», «ИСКРА-Ш», «ИСКРА-С», конкурсная карточка 2025 года — Карточка изделия, 2025 год; МГТУ им. Г. И. Носова. Средства и способы инициирования. Рабочая программа дисциплины — PDF-стр. 9, 17, 18; 100 лучших товаров России — «Искра-С» и «Искра-Ш» (2025); НМЗ «Искра»: собственные записи ИСКРА-П / ИСКРА-С / ИСКРА-Ш на указанной заводом площадке"
ref-v9-edilin,Эдилин,AMMUNITION,detonators-nonelectric,yes,no,"МГТУ им. Г. И. Носова. Средства и способы инициирования. Рабочая программа дисциплины — PDF-стр. 9, 17, 18; Минпромторг России, информация от 07.09.2018: номенклатурная строка 20504, публикация ГАРАНТ"
ref-v9-korshun,Коршун,AMMUNITION,detonators-nonelectric,yes,no,"МГТУ им. Г. И. Носова. Средства и способы инициирования. Рабочая программа дисциплины — PDF-стр. 9, 17, 18; Энофекс — Коршун-М ДИН-Ш; Минпромторг России, информация от 07.09.2018: строки 20514 и 20525, публикация ГАРАНТ"
ref-v9-iskra-t,ИСКРА-Т,AMMUNITION,detonators-electronic,yes,no,"Пресс-служба АО НМЗ «Искра». Участие в Mining & Metals Central Asia 2019 — абзацы 2, 5; авторская подпись пресс-службы; Techmika — ИСКРА-Т (устройство с электронным замедлением); НМЗ «Искра»: собственная ИСКРА-Т на «Техмике»"
ref-v9-edez-s,ЭДЭЗ-С — промышленная электронная система инициирования,AMMUNITION,detonators-electronic,yes,yes,"Пресс-служба АО НМЗ «Искра». Участие в Mining & Metals Central Asia 2019 — абзацы 2, 5; авторская подпись пресс-службы; Отраслевой сборник: EDEZ-S electronic initiation system; Повторная проверка модели и визуалов; фото не подтверждено; Повторная проверка модели и визуалов; точное фото не подтверждено; Повторная проверка в русскоязычном сегменте; точное фото не подтверждено; Уголь Кузбасса — отдельное описание ЭДЭЗ-С; 100 лучших товаров России — предметное фото общего ЭДЭЗ; 100 лучших товаров России — электродетонатор ЭДЭЗ; НМЗ «Искра»: публикация предприятия к Mining & Metals Central Asia 2019"
ref-v9-nefrit,Нефрит,AMMUNITION,detonators-electronic,yes,no,"Программа «100 лучших товаров России»: система электронного взрывания «Нефрит», 2024 год — Карточка изделия, 2024 год; Программа «100 лучших товаров России»: система электронная инициирования «Нефрит», 2025 год — Карточка изделия, 2025 год; Ростех: система электронного инициирования «Нефрит», 21 июля 2022; 100 лучших товаров России — «Нефрит» (2024); НМЗ «Искра»: Нефрит-1, собственная запись на «Техмике»"
ref-v9-fi-panssarimiina-m36,Panssarimiina m/36,AMMUNITION,mines-antitank,yes,yes,"Jaeger Platoon / JTV — Finnish Army 1918–1945: Landmines Part 3, Antitank Mines — PANSSARIMIINA m/36; Jaeger Platoon / JTV — Landmines Part 3, авторские музейные фотографии; Jaeger Platoon / JTV — Finnish Army 1918–1945, Landmines Part 3, PANSSARIMIINA m/36"
ref-v9-fi-panssarimiina-m39,Panssarimiina m/39 (Финляндия),AMMUNITION,mines-antitank,yes,yes,"Jaeger Platoon / JTV — Finnish Army 1918–1945: Landmines Part 3, Antitank Mines — PANSSARIMIINA m/39; Jaeger Platoon / JTV — Landmines Part 3, авторские музейные фотографии; m/39 AT — imfdb.org; Jaeger Platoon / JTV — Finnish Army 1918–1945, Landmines Part 3, PANSSARIMIINA m/39"
ref-v9-fi-panssarimiina-ms39-ms40,Panssarimiina m/S-39 / m/S-40,AMMUNITION,mines-antitank,yes,yes,"Jaeger Platoon / JTV — Finnish Army 1918–1945: Landmines Part 3, Antitank Mines — PANSSARIMIINA m/S-39 / m/S-40; Jaeger Platoon / JTV — Landmines Part 3, авторские музейные фотографии; Jaeger Platoon / JTV — Finnish Army 1918–1945, Landmines Part 3, PANSSARIMIINA m/S-39"
ref-v9-fi-panssarimiina-m44,Panssarimiina m/44,AMMUNITION,mines-antitank,yes,yes,"Jaeger Platoon / JTV — Finnish Army 1918–1945: Landmines Part 3, Antitank Mines — PANSSARIMIINA m/44; Jaeger Platoon / JTV — Landmines Part 3, авторские музейные фотографии; Jaeger Platoon / JTV — Finnish Army 1918–1945, Landmines Part 3, PANSSARIMIINA m/44"
ref-v9-de-tellermine35,Tellermine 35 / T.Mi.35,AMMUNITION,mines-antitank,yes,yes,"Jaeger Platoon / JTV — Finnish Army 1918–1945: Landmines Part 3, Antitank Mines — PANSSARIMIINA m/41 (Tellermine 35); Wikimedia Commons — German_Tellermine_35_at_the_Imperial_War_Museum.jpg; US Army — TM 5-223C (1952), стр. 73; Армия США — TM 5-223C (1952), PDF 73: Tellermine 35, исторические физические сведения"
ref-v9-de-tellermine42,Tellermine 42 / T.Mi.42,AMMUNITION,mines-antitank,yes,yes,"Jaeger Platoon / JTV — Finnish Army 1918–1945: Landmines Part 3, Antitank Mines — PANSSARIMIINA m/42 (Tellermine 42); Wikimedia Commons — Duitse_schotelmijn,_type_42_2155_005072.jpg; Армия США — TM 5-223C (1952), PDF 79: Tellermine 42, исторические физические сведения"
ref-v9-se-stridsvagnsmina-m39,Шведская противотанковая m/39 (Swedish M/39),AMMUNITION,mines-antitank,yes,yes,"Jaeger Platoon / JTV — Finnish Army 1918–1945: Landmines Part 3, Antitank Mines — OTHER ANTITANK-MINES — Swedish M/39; karstjager / LiveJournal — шведская противотанковая мина Stridsvagnsmina m/39; Jaeger Platoon / JTV — Finnish Army 1918–1945, Landmines Part 3, Swedish M/39 antitank-mine:"
ref-v9-fi-jaamiina-m41,Jäämiina m/41 / ARSA,AMMUNITION,mines-special,yes,yes,"Jaeger Platoon / JTV — Finnish Army 1918–1945: Landmines Part 2, Antipersonnel Mines — JÄÄMIINA m/41; Jaeger Platoon / JTV — Landmines Part 2, авторские музейные фотографии; Jaeger Platoon / JTV — Finnish Army 1918–1945, Landmines Part 2, JÄÄMIINA m/41"
ref-v9-fi-rasia-ansa-m42,Rasia-ansa m/42,AMMUNITION,mines-antipersonnel,yes,yes,"Jaeger Platoon / JTV — Finnish Army 1918–1945: Landmines Part 2, Antipersonnel Mines — RASIA-ANSA M/42; Jaeger Platoon / JTV — Landmines Part 2, авторские музейные фотографии; Jaeger Platoon / JTV — Finnish Army 1918–1945, Landmines Part 2, RASIA-ANSA M/42"
ref-v9-fi-laatikkomiina-m43,Laatikkomiina m/43 «Penaali»,AMMUNITION,mines-antipersonnel,yes,yes,"Jaeger Platoon / JTV — Finnish Army 1918–1945: Landmines Part 2, Antipersonnel Mines — LAATIKKOMIINA m/43; AG Militaria | WW2 Finnish M43 Wooden Anti-personnel Mine; Jaeger Platoon / JTV — Finnish Army 1918–1945, Landmines Part 2, LAATIKKOMIINA m/43"
ref-v9-fi-putkiansa42-putkimiina43,Putkiansa m/42 / Putkimiina m/43,AMMUNITION,mines-antipersonnel,yes,yes,"Jaeger Platoon / JTV — Finnish Army 1918–1945: Landmines Part 2, Antipersonnel Mines — PUTKIANSA m/42 / PUTKIMIINA m/43; Jaeger Platoon / JTV — Landmines Part 2, авторские музейные фотографии; Jaeger Platoon / JTV — Finnish Army 1918–1945, Landmines Part 2, PUTKIANSA m/42"
ref-v9-su-tm35,ТМ-35,AMMUNITION,mines-antitank,yes,yes,"James Madison University, Center for International Stabilization and Recovery — Munitions Reference Guide — TM-35; Wikimedia Commons — Soviet_TM-35_mine_at_the_Museum_on_Sapun_Mountain_in_Sevastopol.jpg; Армия США — TM 5-223A (1951), PDF 56: TM-35, исторические физические сведения"
ref-v9-su-tm41,ТМ-41,AMMUNITION,mines-antitank,yes,yes,"Landmine Monitor Report 1999 — Asia-Pacific, Non-Signatories: Afghanistan / Vietnam — Afghanistan — Mines found in Afghanistan and their Origins; James Madison University, Center for International Stabilization and Recovery — Munitions Reference Guide — TM-41 — запись в конце таблицы; Wikimedia Commons — TM-41_1_(ORDATA).jpg; US Army / Navy / Air Force — TM 5-280 (1971), стр. 6-97; US Army / Navy / Air Force — TM 5-280 / OP 3121 Rev 1 / AFTO 60H-1-1-1 (1971), печатная с. 6-97, PDF 119: основное наполнение"
ref-v9-su-tmdb,ТМД-Б,AMMUNITION,mines-antitank,yes,yes,"Landmine Monitor Report 1999 — Asia-Pacific, Non-Signatories: Afghanistan / Vietnam — Afghanistan — Mines found in Afghanistan and their Origins; Ю. Г. Веремеев — Инженерные боеприпасы: противотанковая мина ТМД-Б; архив русскоязычной авторской страницы — Противотанковая мина ТМД-Б; TMD-B — www.ima-usa.com; Противотанковые мины ТМД-Б и ТМД-44 (СССР) | Армия и оружие; HALO Trust — Land Mines Identification Guide, Itamar Levy, August 2005, стр. 68, TMD-B"
ref-v9-su-tmk2,ТМК-2,AMMUNITION,mines-antibottom,yes,yes,"Landmine Monitor Report 1999 — Asia-Pacific, Non-Signatories: Afghanistan / Vietnam — Afghanistan — Mines found in Afghanistan and their Origins; James Madison University, Center for International Stabilization and Recovery — Munitions Reference Guide — TMK-2; RU2478182C1 — Модульный минный трал: обзор известных образцов — Description; перечень устаревших противоднищевых образцов; TMK-2 — utp.market; European Commission / JRC — Metal Detector Handbook for Humanitarian Demining (2003), Annex C, печатные с. 153–154 / PDF 155–156: две записи TMK-2"
ref-v9-su-ozm3,ОЗМ-3,AMMUNITION,mines-antipersonnel,yes,yes,"Landmine Monitor Report 1999 — Asia-Pacific, Non-Signatories: Afghanistan / Vietnam — Afghanistan — Mines found in Afghanistan and their Origins; James Madison University, Center for International Stabilization and Recovery — Munitions Reference Guide — OZM-3; Wikimedia Commons — OZM_3,_4_und_72.jpg; HALO Trust — Land Mines Identification Guide, Itamar Levy, August 2005, стр. 37, OZM-3"
ref-v9-su-ozm4,ОЗМ-4,AMMUNITION,mines-antipersonnel,yes,yes,"Landmine Monitor Report 1999 — Asia-Pacific, Non-Signatories: Afghanistan / Vietnam — Afghanistan — Mines found in Afghanistan and their Origins; James Madison University, Center for International Stabilization and Recovery — Munitions Reference Guide — OZM-4; Wikimedia Commons — OZM 3, 4 und 72; HALO Trust — Land Mines Identification Guide, Itamar Levy, August 2005, стр. 38, OZM-4"
ref-v9-cn-type69-ap,Type 69 AP (Китай),AMMUNITION,mines-antipersonnel,yes,yes,"Landmine Monitor Report 1999 — Asia-Pacific, Non-Signatories: Afghanistan / Vietnam — Afghanistan — Mines found in Afghanistan and their Origins; James Madison University, Center for International Stabilization and Recovery — Munitions Reference Guide — TYPE 69; Type 69 AP — www.jca.apc.org; NAVEODTECHDIV — Iraq Ordnance Identification Guide (2004), land, PDF 5: TYPE 69"
ref-v9-vn-mbv78a1-a2,MBV78A1 / MBV78A2,AMMUNITION,mines-antipersonnel,yes,yes,"Landmine Monitor Report 1999 — Asia-Pacific, Non-Signatories: Afghanistan / Vietnam — Vietnam — Production; CAT-UXO — mbv-78a2-landmine; HALO Trust — Land Mines Identification Guide, edited by Itamar Levy (August 2005), стр. 60"
ref-v9-vn-mn79,MN79 / MN-79,AMMUNITION,mines-antipersonnel,yes,yes,"Landmine Monitor Report 1999 — Asia-Pacific, Non-Signatories: Afghanistan / Vietnam — Vietnam — Production; MN79 — www.jca.apc.org; HALO Trust — Land Mines Identification Guide, edited by Itamar Levy (August 2005), стр. 16"
ref-v9-vn-mdh10,MDH10 / MDH-10,AMMUNITION,mines-antipersonnel,yes,yes,"Landmine Monitor Report 1999 — Asia-Pacific, Non-Signatories: Afghanistan / Vietnam — Vietnam — Production; SOHA — Vũ khí tự tạo; фотография мины ĐH10 / MĐH10; European Commission / JRC — Metal Detector Handbook for Humanitarian Demining (2003), Annex C, печатная с. 152 / PDF 154"
ref-v9-vn-nomz2b,NOMZ2B,AMMUNITION,mines-antipersonnel,yes,yes,"Landmine Monitor Report 1999 — Asia-Pacific, Non-Signatories: Afghanistan / Vietnam — Vietnam — Production; NOMZ2B — www.jca.apc.org; European Commission / JRC — Metal Detector Handbook for Humanitarian Demining (2003), Annex C, печатная с. 152 / PDF 154"
ref-v9-ro-mss,MSS (Румыния),AMMUNITION,mines-antipersonnel,yes,yes,"James Madison University, Center for International Stabilization and Recovery — Munitions Reference Guide — MSS; Повторная проверка модели и визуалов; фото не подтверждено; Повторная проверка модели и визуалов; точное фото не подтверждено; Русскоязычная перепроверка; точное фото не подтверждено; JMU / CISR, Munitions Reference Guide: собственная запись модели"
ref-v9-il-no22,No. 22 AT (Израиль),AMMUNITION,mines-antitank,yes,no,"James Madison University, Center for International Stabilization and Recovery — Munitions Reference Guide — NO. 22; Повторная проверка модели и визуалов; фото не подтверждено; Повторная проверка модели и визуалов; точное фото не подтверждено; Русскоязычная перепроверка; точное фото не подтверждено; JMU / CISR, Munitions Reference Guide: собственная запись модели"
ref-v9-il-no3,No. 3 AP (Израиль),AMMUNITION,mines-antipersonnel,yes,yes,"James Madison University, Center for International Stabilization and Recovery — Munitions Reference Guide — NO. 3; Wikimedia Commons — No. 3 ap mine.png; US Department of the Navy, public domain; JMU / CISR, Munitions Reference Guide: собственная запись модели"
ref-v10-ru-model1908,Морская мина образца 1908 года,AMMUNITION,mines-anchored,yes,yes,"Музей истории Обуховского завода — Морская якорная мина образца 1908 г. — Заголовок музейной записи; поисковое извлечение; Название и описание музейного предмета; поисковое извлечение; Музей Победы — Морская корабельная якорная мина образца 1908/1939 годов. СССР — Историческое описание исходной мины образца1908года; Wikimedia Commons — Russian model 1908 naval mine Forum Marinum; Орловский краеведческий музей — «Мина морская», историческая мина образца 1908 года"
ref-v10-su-m26,М-26 — морская мина образца 1926 года,AMMUNITION,mines-anchored,yes,no,"ALLMINES.NET — Якорная мина обр. 1926 г. М-26 — Подписи к собственным музейным фотографиям DK: ЦВММ, 2016; Морской музей, Таллинн, 2014; музей ЦНИИ «Гидроприбор», 2014; Фотография m26_T_800AMN.jpg; МЧС России: Две морские якорные мины времён Великой Отечественной войны, 04.06.2014"
ref-v10-su-kb,КБ — корабельная большая мина,AMMUNITION,mines-anchored,yes,no,"ALLMINES.NET — Корабельная большая якорная мина КБ — Подписи к собственным музейным фотографиям DK: Морской музей, Таллинн, 2014; Музей истории Черноморского флота, Севастополь, 2014; Фотография KB_T1_800AMN.jpg; ARTEFACT / Саратовский музей боевой и трудовой славы: Корабельная мина КБ"
ref-v10-su-m08-39,Морская мина образца 1908/39 года,AMMUNITION,mines-anchored,yes,yes,Музей Победы — Морская корабельная якорная мина образца 1908/1939 годов. СССР — Заголовок; технические характеристики; историческое описание; Технические характеристики; Фотография XK4N2081.jpg; Музей Победы: Морская корабельная якорная мина образца 1908/1939 годов. СССР
ref-v10-su-yam,ЯМ — якорная малая морская мина,AMMUNITION,mines-anchored,yes,yes,Музей Победы — Морская корабельная якорная малая мина ЯМ. СССР — Заголовок; технические характеристики; историческое описание; Технические характеристики; Фотография IMG_9796.jpg; Музей Победы: Морская корабельная якорная малая мина ЯМ. СССР
ref-v10-cn-mao1,M-1 / Mao-1 — морская мина Китая,AMMUNITION,mines-anchored,yes,yes,"Andrew S. Erickson, Lyle J. Goldstein, William S. Murray — Chinese Mine Warfare, China Maritime Study 3, U.S. Naval War College, 2009 — Table 1, M-1; печатные с. 14–15, PDF-стр. 21–22; Sina Military / 国际展望 — 我军锚一大型触发水雷 (Mao-1); Erickson, Goldstein, Murray: Chinese Mine Warfare, China Maritime Study 3 (2009), Table 1, M-1, PDF-стр. 21–22"
ref-v10-cn-mao4,M-4 / Mao-4 — морская мина Китая,AMMUNITION,mines-anchored,yes,yes,"Andrew S. Erickson, Lyle J. Goldstein, William S. Murray — Chinese Mine Warfare, China Maritime Study 3, U.S. Naval War College, 2009 — Table 1, M-4; печатные с. 16–17, PDF-стр. 23–24; Historical Background, печатная с. 8; Sina Military / 国际展望 — 锚四式深水超声水雷 (Mao-4); Erickson, Goldstein, Murray: Chinese Mine Warfare, China Maritime Study 3 (2009), Table 1, M-4, PDF-стр. 23–24"
ref-v10-ru-tm89,ТМ-89,AMMUNITION,mines-antibottom,yes,yes,"CAT-UXO — TM 89 landmine — Индексируемое начало записи; James Madison University, Center for International Stabilization and Recovery — Munitions Reference Guide — Строка TM-89; Предоставленный архив 6_CARDS_SCREENSHOTS — 024_TM-89_screenshot.jpg; U.S. Army / TRADOC — Worldwide Equipment Guide, Vol. 1: Ground Systems (2015), PDF 461"
ref-v10-cs-pt-mi-p,PT Mi-P,AMMUNITION,mines-antibottom,yes,yes,"Предоставленный PDF «Справочник сапера “Минлей”» — названия класса и страны — PDF-стр. 130; сравнение MC-71; James Madison University, Center for International Stabilization and Recovery — Munitions Reference Guide — Строка PT MI-P; CAT-UXO — PT Mi-P Landmine; JMU / CISR, Munitions Reference Guide: собственная запись модели"
ref-v10-pz-mi-85m,PZ MI 85M,AMMUNITION,mines-antibottom,yes,no,"James Madison University, Center for International Stabilization and Recovery — Munitions Reference Guide — Строка PZ MI 85M; Повторная проверка модели и визуалов; фото не подтверждено; Повторная проверка модели и визуалов; точное фото не подтверждено; Русскоязычная перепроверка; точное фото не подтверждено; JMU / CISR, Munitions Reference Guide: собственная запись модели"
ref-v10-at-pz-mi-88,PZ Mi 88 (Австрия),AMMUNITION,mines-antibottom,yes,yes,"James Madison University, Center for International Stabilization and Recovery — Munitions Reference Guide — Строка PZ MI 88; CAT-UXO — Austrian ATM 2000-E, also known as Pz Mi 88; JMU / CISR, Munitions Reference Guide: собственная запись модели"
ref-v10-hu-uka63,UKA-63,AMMUNITION,mines-antibottom,yes,yes,"Human Rights Watch Arms Project — Still Killing: Landmines in Southern Africa (1997) — Namibia — Landmine Types and Sources; James Madison University, Center for International Stabilization and Recovery — Munitions Reference Guide — Строка UKA-63; CAT-UXO — UKA-63 landmine; U.S. Army / TRADOC — Worldwide Equipment Guide, Vol. 1: Ground Systems (2015), PDF 461"
ref-v10-gb-mk7,Mk 7 (семейство),AMMUNITION,mines-antibottom,yes,yes,"Human Rights Watch Arms Project — Still Killing: Landmines in Southern Africa (1997) — Namibia — Landmine Types and Sources; James Madison University, Center for International Stabilization and Recovery — Munitions Reference Guide — Строка MK 7; Строки MK 7; MK 7, MK 7/1, MK 7/4 & MK 7/7; Предоставленный снимок экспоната с маркировкой Mk-7; European Commission / JRC — Metal Detector Handbook for Humanitarian Demining (2003), Annex C, печатная с. 153 / PDF 155; копия первичного издания"
ref-v10-imp,IMP,AMMUNITION,mines-antibottom,yes,yes,"James Madison University, Center for International Stabilization and Recovery — Munitions Reference Guide — Строка IMP; Повторная проверка модели и визуалов; фото не подтверждено; Повторная проверка модели и визуалов; точное фото не подтверждено; Русскоязычная перепроверка; точное фото не подтверждено; U.S. National Archives/PICRYL — Yugoslav stake-mounted IMP (different weapon); JMU / CISR, Munitions Reference Guide: собственная запись модели"
ref-v10-artillery-m864,M864 — 155-мм кассетный артиллерийский снаряд,AMMUNITION,artillery,yes,yes,"U.S. Army / PEO Ammunition — The king of battle gets stronger (2017) — AMMUNITION EVOLUTION; Справочник сапёра Минлей — PDF-стр. 59; Центр военной истории Армии США — Historical Summary FY 1988, M864 in production; US Army — TM 43-0001-28, стр. 3-169–3-170; Армия США — TM 43-0001-28 (28 April 1994; Change 11, 27 October 2003), печатные 3-169–3-170, PDF 380–381: наполнение и внешние параметры"
ref-v10-artillery-m483a1,M483A1 — 155-мм кассетный артиллерийский снаряд,AMMUNITION,artillery,yes,yes,"Human Rights Watch — Flooding South Lebanon (2008) — Types of Cluster Munitions and Submunitions Used in Lebanon; CAT-UXO — 155mm-m483a1-projectile; US Army — TM 43-0001-28, стр. 3-111–3-112; Армия США — TM 43-0001-28 (28 April 1994; Change 11, 27 October 2003), печатные 3-111–3-112, PDF 322–323: наполнение и внешние параметры"
ref-v10-artillery-m395,M395 — 155-мм кассетный артиллерийский снаряд,AMMUNITION,artillery,yes,no,"Human Rights Watch — Flooding South Lebanon (2008) — Types of Cluster Munitions and Submunitions Used in Lebanon; Точный внешний визуал; права на перенос в APK не подтверждены; King, Dullum, Østern — M85: an analysis of reliability, 2007, Annex A, стр. 44 / PDF-стр. 44"
ref-v10-artillery-m396,M396 — 155-мм кассетный артиллерийский снаряд,AMMUNITION,artillery,yes,no,"Human Rights Watch — Flooding South Lebanon (2008) — Types of Cluster Munitions and Submunitions Used in Lebanon; King, Dullum, Østern — M85: an analysis of reliability, 2007, Annex A, стр. 44 / PDF-стр. 44"
ref-v10-artillery-smart-155,SMArt 155 — 155-мм артиллерийский снаряд,AMMUNITION,artillery,yes,yes,"U.S. Army / PEO Ammunition — The king of battle gets stronger (2017) — Подпись к первой иллюстрации; INDUSTRY ALSO WEIGH IN; General Dynamics Ordnance and Tactical Systems — SMArt 155, brochure — Стр. 2, Characteristics; Предоставленный архив RU_SEARCH_174, файл 006; SMArt 155 — 155-мм артиллерийский снаряд; GD-OTS — SMArt 155, заводская брошюра, стр. 2, Characteristics"
ref-v10-artillery-xm1113,XM1113 — 155-мм артиллерийский снаряд,AMMUNITION,artillery,yes,no,"U.S. Army / PEO Ammunition — The king of battle gets stronger (2017) — ARDEC S&T CONCEPTS; General Dynamics — General Dynamics at AUSA 2019; предоставленный снимок XM1113; General Dynamics Ordnance and Tactical Systems: 155 mm XM1113, product brief 2022.05"
ref-v10-artillery-xm1128,XM1128 — 155-мм артиллерийский снаряд,AMMUNITION,artillery,yes,no,"U.S. Army / PEO Ammunition — The king of battle gets stronger (2017) — THE FUTURE IS HERE; U.S. Army — New Cornerstone OTA boosts XM1128 development and the industrial base; U.S. Army: New Cornerstone OTA boosts XM1128 development and the industrial base, 03.01.2020"
ref-v10-artillery-m999,M999 — 155-мм кассетный артиллерийский снаряд,AMMUNITION,artillery,yes,no,"U.S. Army / PEO Ammunition — The king of battle gets stronger (2017) — THE FUTURE IS HERE; The Guardian — remnants identified by experts as 155 mm M999 Barak Eitan; U.S. Army JPEO A&A — Portfolio Book 2025, CAS-24: XM1208 (Israeli M999), доступный индексированный фрагмент"
ref-v10-artillery-lu211,LU211 — семейство 155-мм осколочно-фугасных снарядов,AMMUNITION,artillery,yes,yes,"KNDS — KNDS Ammo France — KNDS Ammo France; THE FRENCH AMMUNITION EXPERT; KNDS — 155mm Ammunition — KEY CHARACTERISTICS: 155MM LU211 HE HB / HE BB; GICHD — Explosive Ordnance Guide for Ukraine, третье издание — PDF-стр. 92; GICHD — Explosive Ordnance Guide for Ukraine, Third Edition (2025), стр. 92: наполнение и границы применимости; KNDS — 155mm-ammunition: отдельные таблицы исполнений, 5 октября 2026"
ref-v10-artillery-lu215,LU215 — 155-мм осветительный снаряд,AMMUNITION,artillery,yes,yes,"KNDS — KNDS Ammo France — KNDS Ammo France; THE FRENCH AMMUNITION EXPERT; KNDS — 155mm Ammunition — KEY CHARACTERISTICS: LU215 ILL BB; Army Recognition — Nexter, Nammo and VAK receive EUR 41Mn; LU215/LU216/LU217; KNDS — 155mm ammunition, раздел LU215 BB; KNDS — 155mm-ammunition: отдельные характеристики исполнения и наполнение"
ref-v10-artillery-lu216,LU216 — 155-мм инфракрасный осветительный снаряд,AMMUNITION,artillery,yes,yes,"KNDS — KNDS Ammo France — KNDS Ammo France; THE FRENCH AMMUNITION EXPERT; KNDS — 155mm Ammunition — KEY CHARACTERISTICS: LU216 IR-ILL BB; Army Recognition — Nexter, Nammo and VAK receive EUR 41Mn; LU215/LU216/LU217; KNDS — 155mm ammunition, раздел LU216 BB; KNDS — 155mm-ammunition: отдельные характеристики исполнения и наполнение"
ref-v10-artillery-lu217,LU217 — 155-мм дымовой снаряд,AMMUNITION,artillery,yes,yes,"KNDS — KNDS Ammo France — KNDS Ammo France; THE FRENCH AMMUNITION EXPERT; KNDS — 155mm Ammunition — KEY CHARACTERISTICS: LU217 SMK BB; CAT-UXO, изображение LU217 из предоставленного архива; KNDS — 155mm ammunition, раздел LU217 BB; KNDS — 155mm-ammunition: отдельные характеристики исполнения и наполнение"
ref-v10-artillery-lu220,LU220 — 155-мм артиллерийский снаряд,AMMUNITION,artillery,yes,yes,"KNDS — 155 LU220 — Описание 155 LU220; Описание: the ammunition is 940 mm long; Официальная иллюстрация изделия; KNDS — 155-lu-220: отдельные характеристики исполнения и наполнение; KNDS — 155mm-ammunition: отдельные таблицы исполнений, 5 октября 2026"
ref-v10-artillery-er-g3-105,ER G3 — семейство 105-мм артиллерийских снарядов,AMMUNITION,artillery,yes,yes,"KNDS — KNDS Ammo France — KNDS Ammo France; THE FRENCH AMMUNITION EXPERT; KNDS — 105MM ER G3 — Complete range of 105mm artillery ammunition; KEY CHARACTERISTICS; KNDS — 105MM ER G3; KNDS — 105 mm ER G3, таблицы HE BB и SMK BB; KNDS — 105-mm-er-g3: отдельные характеристики исполнения и наполнение"
ref-v10-artillery-m03-155,M03 — 155-мм артиллерийский снаряд Yugoimport,AMMUNITION,artillery,yes,yes,"Yugoimport — Ammunition: Serbian defense industry — Описание Serbian defense industry and Jugoimport-SDPR; Yugoimport — 155 mm M03 HE ERFB (официальная брошюра) — Стр. 1, описание; TECHNICAL DATA; Dynamo Defence, брошюра ROUND 155 mm HE ERFB M03; Заводской паспорт yugo_m03bt, PDF 1: справочные сведения; Yugoimport — отдельный паспорт M03 ERFB-BB, PDF 1"
ref-v10-artillery-m19-155,M19 — 155-мм артиллерийский снаряд Yugoimport,AMMUNITION,artillery,yes,yes,"Yugoimport — Ammunition: Serbian defense industry — Описание Serbian defense industry and Jugoimport-SDPR; Yugoimport — 155 mm M19 HEER-BB (официальная брошюра) — Стр. 1, описание; TECHNICAL DATA; Yugoimport — 155 mm with HEER-BB M19 and propellant charge MC zone 9 — PDF-стр. 1; Yugoimport — заводской паспорт yugo_m19bb, PDF 1; Yugoimport — отдельный заводской паспорт yugo_m19bt, PDF 1"
ref-v10-artillery-m15-105,M15 — 105-мм артиллерийский снаряд Yugoimport,AMMUNITION,artillery,yes,yes,"Yugoimport — Ammunition: Serbian defense industry — Описание Serbian defense industry and Jugoimport-SDPR; Yugoimport — 105 mm M15 HEER-BB (официальная брошюра) — Стр. 1, описание; TECHNICAL DATA; Yugoimport — 105 mm with projectile HEER-BB M15 and full propellant charge M15A — PDF-стр. 1; Yugoimport — заводской паспорт yugo_m15bb, PDF 1; Yugoimport — отдельный заводской паспорт yugo_m15bt, PDF 1"
ref-v10-artillery-m79-130,M79 — 130-мм артиллерийский снаряд Yugoimport,AMMUNITION,artillery,yes,yes,"Yugoimport — Ammunition: Serbian defense industry — Описание Serbian defense industry and Jugoimport-SDPR; Yugoimport — 130 mm M79 HE (официальная брошюра) — Стр. 1, описание; TECHNICAL DATA; Yugoimport — 130 mm with HE M79 and full variable propellant charge M46 — PDF-стр. 1; Yugoimport — заводской паспорт yugo_m79, PDF 1"
ref-v10-artillery-m93-130,M93 — 130-мм артиллерийский снаряд Yugoimport,AMMUNITION,artillery,yes,yes,"Yugoimport — Ammunition: Serbian defense industry — Описание Serbian defense industry and Jugoimport-SDPR; Yugoimport — 130 mm M93 HE (официальная брошюра) — Стр. 1, описание; TECHNICAL DATA; Yugoimport — 130 mm with HE M93 with base-bleed and full propellant charge M93A — PDF-стр. 1; Yugoimport — заводской паспорт yugo_m93, PDF 1"
ref-v10-artillery-k307,K307 — 155-мм осколочно-фугасный снаряд,AMMUNITION,artillery,yes,yes,"Janes / Akhil Kadidal — ADEX 2023: South Korea develops new extended-range shell for K9 howitzer (прямое интервью Poongsan) — Интервью представителя Poongsan на ADEX 2023; 해병닷컴 - K307 155㎜ 곡사포용 항력감소 고폭탄; KOTRA — Korea Defense Products Guide 2019, Poongsan, печатная стр. 46 / PDF-стр. 44"
ref-v10-artillery-m107-family,M107 / KM107 — семейство 155-мм осколочно-фугасных снарядов,AMMUNITION,artillery,yes,yes,"Janes / Akhil Kadidal — ADEX 2023: South Korea develops new extended-range shell for K9 howitzer (прямое интервью Poongsan) — Сведения Poongsan о KM107 и происхождении лицензии; GICHD — Explosive Ordnance Guide for Ukraine, третье издание — PDF-стр. 94; Liberator Packaging — снимок M107 и упаковки; предоставленный файл 017; US Army — JPEOAA Portfolio Book 2025, CAS-33, лист PDF 60"
ref-v10-artillery-nm269,NM269 / IM HE-ER — 155-мм артиллерийский снаряд Nammo,AMMUNITION,artillery,yes,yes,"Nammo — About us — About Nammo; Who We Are; Nammo — Ammunition Handbook, файл nammo-handbook-2023.pdf — PDF стр. 118 (печатная 117): 155 mm IM HE-ER NM269; Предоставленный файл 013; маркировка 155 H IM HE-ER, точный индекс NM269 не подтверждён; Nammo — Ammunition Handbook, Edition 7 (August 2024), стр. 118"
ref-v10-artillery-of45,ОФ-45 — 152-мм артиллерийский снаряд,AMMUNITION,artillery,yes,yes,"GICHD — Explosive Ordnance Guide for Ukraine, First Edition (2022) — с. 85, карточка OF-45; с. 85, карточка OF-45, AUW; с. 85, карточка OF-45, COUNTRY OF ORIGIN; с. 85, карточка OF-45, DIMENSIONS и текст карточки; GICHD — Explosive Ordnance Guide for Ukraine (2022) — PDF-стр. 85; GICHD — Explosive Ordnance Guide for Ukraine, Third Edition (2025), стр. 84: наполнение и границы применимости"
ref-v10-artillery-of43,ОФ-43 — 203-мм артиллерийский снаряд,AMMUNITION,artillery,yes,yes,"GICHD — Explosive Ordnance Guide for Ukraine, First Edition (2022) — с. 87, карточка OF-43; с. 87, карточка OF-43, AUW; с. 87, карточка OF-43, COUNTRY OF ORIGIN; с. 87, карточка OF-43, DIMENSIONS и текст карточки; GICHD — Explosive Ordnance Guide for Ukraine (2022) — PDF-стр. 87; GICHD — Explosive Ordnance Guide for Ukraine, Third Edition (2025), стр. 88: наполнение и границы применимости"
ref-v10-artillery-s463,С-463 — 122-мм артиллерийский снаряд,AMMUNITION,artillery,yes,yes,"GICHD — Explosive Ordnance Guide for Ukraine, First Edition (2022) — с. 83, карточка S-463; с. 83, карточка S-463, AUW; с. 83, карточка S-463, COUNTRY OF ORIGIN; с. 83, карточка S-463, DIMENSIONS и текст карточки; GICHD — Explosive Ordnance Guide for Ukraine (2022) — PDF-стр. 83; GICHD — Explosive Ordnance Guide for Ukraine, Third Edition (2025), стр. 74: наполнение и границы применимости"
ref-v10-artillery-bp540,БП-540 — 152-мм артиллерийский снаряд,AMMUNITION,artillery,yes,yes,"GICHD — Explosive Ordnance Guide for Ukraine, First Edition (2022) — с. 86, карточка BP-540; с. 86, карточка BP-540, AUW; с. 86, карточка BP-540, COUNTRY OF ORIGIN; с. 86, карточка BP-540, DIMENSIONS и текст карточки; GICHD — Explosive Ordnance Guide for Ukraine (2022) — PDF-стр. 86; GICHD — Explosive Ordnance Guide for Ukraine, Third Edition (2025), стр. 85: наполнение и границы применимости"
ref-v10-artillery-k122-kitolov-2m,К122 «Китолов-2М» — 122-мм артиллерийский снаряд,AMMUNITION,artillery,yes,yes,"Рособоронэкспорт — KM-3 / Kitolov-2M; archived official product sheet, 30 September 2017 — с. 1, KM-3; справка о Рособоронэкспорте внизу страницы; KBP Instrument Design Bureau — Kitolov-2M, K122 projectile; archived manufacturer page, 16 July 2021 — Components: 122 mm KV122 round with K122 guided projectile; Components: Projectile calibre; Components: Projectile length; Components: Weight — projectile; Предоставленный архив RU_SEARCH_174, файл 021; К122 «Китолов-2М» — 122-мм артиллерийский снаряд; Рособоронэкспорт — Land Forces Export Catalog, архивная первичная публикация, PDF / печатная с. 53"
ref-v11-oshp,ОШП — огнепроводный шнур,AMMUNITION,fuse-cord,yes,yes,"АО «Новосибирский механический завод «Искра» — официальный сайт — Заголовок предприятия и ссылка на каталог ТЕХМИКА; АО «НМЗ «Искра» — ОШП, каталог ТЕХМИКА — Название; Название, изготовитель и место в каталоге; Назначение; классификация на странице; Поле изготовителя; АО НМЗ «Искра» — ОШП, заводская страница на ТЕХМИКА"
ref-v11-dshv,ДШ-В (ДШВ) — детонирующий шнур,AMMUNITION,detonating-cord,yes,yes,"АО «Новосибирский механический завод «Искра» — официальный сайт — Официальный сайт и ссылка на каталог предприятия; АО «НМЗ «Искра» — ДШ-В, каталог ТЕХМИКА — Название; Название и общее назначение; Описание; Описание наружного покрытия и таблица «Цвет оболочки»; Поле изготовителя; Цвет оболочки; Министерство обороны СССР — Руководство по подрывным работам. Воениздат, 1969 — PDF-стр. 51; АО НМЗ «Искра» — ДШ-В, заводская страница на ТЕХМИКА"
ref-v11-spp-1,СПП-1 — одножильный сапёрный провод,AMMUNITION,sapper-wires,yes,yes,"«ЭКСПЕРТ-КАБЕЛЬ» — сообщение о сертификации сапёрных проводов, 2 сентября 2024 — Источник и сообщение о сертификации одно- и двужильного СПП; Сообщение от 2 сентября 2024; изготовитель; Госстандарт СССР — ГОСТ 2190-77 «Провода сапёрные. Технические условия», скан официального издания — PDF-стр. 2, название и п. 1.1; PDF-стр. 2, п. 1.1; PDF-стр. 2–3, раздел 1 «Марка и размеры»; Кабельный завод «Энергопром» — сапёрные провода СПП-1 и СПП-2 — Конструкция; число жил; цвет изоляции; Основные технические характеристики: число жил; Цвет изоляции; Число жил; Кабельный завод «ЭКСПЕРТ-КАБЕЛЬ» — подтверждённая компанией страница на RusCable — Подтверждённый профиль: страна, город и статус производителя; Кабельный завод «Энергопром» — о предприятии — Описание предприятия; Быстрокабель — отдельное справочное изображение СПП-1 1×0,5; Госстандарт СССР — ГОСТ 2190-77, таблица 1 и изменение №2, PDF-страницы 2 и 12"
ref-v11-spp-2,СПП-2 — двужильный сапёрный провод,AMMUNITION,sapper-wires,yes,yes,"«ЭКСПЕРТ-КАБЕЛЬ» — сообщение о сертификации сапёрных проводов, 2 сентября 2024 — Источник и сообщение о сертификации одно- и двужильного СПП; Сообщение от 2 сентября 2024; изготовитель; Госстандарт СССР — ГОСТ 2190-77 «Провода сапёрные. Технические условия», скан официального издания — PDF-стр. 2, название и п. 1.1; PDF-стр. 2, п. 1.1; PDF-стр. 2–3, раздел 1 «Марка и размеры»; Кабельный завод «Энергопром» — сапёрные провода СПП-1 и СПП-2 — Конструкция; число жил; цвет изоляции; Основные технические характеристики: число жил; Цвет изоляции; Число жил; Кабельный завод «ЭКСПЕРТ-КАБЕЛЬ» — подтверждённая компанией страница на RusCable — Подтверждённый профиль: страна, город и статус производителя; Кабельный завод «Энергопром» — о предприятии — Описание предприятия; Saper.in.ua — собственная галерея СПП-2, общий вид и кадр с маркировочной биркой; Госстандарт СССР — ГОСТ 2190-77, таблица 1 и изменение №2, PDF-страницы 2 и 12"
ref-v11-machine-kpm3,КПМ-3 — конденсаторная подрывная машинка,AMMUNITION,blasting-machines,yes,yes,"ЗАКОН-ГРИФ — Инженерная подготовка: перечень оборудования, раздел «Источники тока» — Источники тока; О. Ю. Турский, М. В. Семенов — «Інженерне забезпечення бою», КИ НГУ, 2024, с. 119–121 — Печатная с. 121, рисунок 4.31; с. 119, рисунок 4.29; Прибор-Сервис — предметная фотография КПМ-3У1; Воениздат — Специальная подготовка инженерных войск, 1992, с. 85, таблица 3; текстовое представление"
ref-v11-machine-kpm1a,КПМ-1А — конденсаторная подрывная машинка,AMMUNITION,blasting-machines,yes,yes,"РГБ — заводское издание «Конденсаторная подрывная машинка КПМ-1А», Харьков, 1967 — Библиографическая запись; сведения об ответственности; выходные данные; Выходные данные; Сведения об ответственности; выходные данные; ГОСТ 5462-72, переиздание 1976 — Машинка подрывная конденсаторная. Общие технические требования — Преамбула; Преамбула, пункты 1.4–1.5; переиздание 1976 года; Пункт 1.4, редакция 1976 года; Пункт 1.5, редакция 1976 года; Министерство обороны СССР — Руководство по подрывным работам. Москва: Воениздат, 1969 — Печатная с. 63, сноска; физическая страница PDF 32; Андрей Бутко — КПМ-1А, выставка в Донецке, 1 июня 2011 года; Wikimedia Commons, CC BY-SA 3.0; Воениздат — Специальная подготовка инженерных войск, 1992, с. 85, таблица 3; текстовое представление"
ref-v11-machine-pm4,ПМ-4 — подрывная машинка,AMMUNITION,blasting-machines,yes,yes,"ЗАКОН-ГРИФ — Инженерная подготовка: перечень оборудования, раздел «Источники тока» — Источники тока; Подрывная машинка ПМ-4; О. Ю. Турский, М. В. Семенов — «Інженерне забезпечення бою», КИ НГУ, 2024, с. 119–121 — Печатная с. 121; Печатная с. 121, описание ПМ-4 и рисунок 4.32; Рисунок 4.32, подпись к позиции 2; Киевский институт НГУ — Інженерне забезпечення бою, 2024, с. 121, ПМ-4 и рисунок 4.32"
ref-v11-machine-kvp4-100,КВП-4/100 — конденсаторный взрывной прибор,AMMUNITION,blasting-machines,yes,no,"АО НПК «Техмаш» — представление КВП-4/100 на выставке «День передовых технологий», 2017 — Авторство АО НПК «Техмаш»; представление разработок концерна Госкорпорации Ростех; Заключительные абзацы; подпись к изображению; Начало пресс-релиза и дата публикации; Основной текст и подпись к изображению; Основной текст; отдельная подпись к изображению КВП-4/100; АО НПК «Техмаш» — пресс-релиз 29.05.2017, авторизованная публикация на ВПК.name"
ref-v11-r353,Р353 — переносной измерительный мост,AMMUNITION,measuring-instruments,yes,yes,"Государственный комитет стандартов Совета Министров СССР — Мосты переносные Р353, описание типа № 2790–71 (1971; выпуск 26, 1972) — PDF-стр. 1, «Назначение и область применения»; PDF-стр. 1, заголовок; PDF-стр. 1, наружный вид; PDF-стр. 1, сведения об утверждении; PDF-стр. 1–2, «Описание»; PDF-стр. 1–2, «Описание» и сведения об утверждении; PDF-стр. 2, строка «Изготовитель»; Госстандарт СССР — переносные мосты Р353, описание типа №2790–71, выпуск 26, 1972, страница 2"
ref-v11-m57-ohmmeter,М-57 — малый омметр,AMMUNITION,measuring-instruments,no,no,"Отечественная радиотехника XX века — Малогабаритные омметры «ОК» и «М-57», фотографии экземпляров Стаса (Уфа) и Вячеслава Булочникова (Мытищи) — Заголовок страницы; Историческая заметка и подписи коллекции; Историческая заметка, первые два предложения; Первое предложение; Фотографии и описание прибора; Фотография М57, скачанный файл m57.jpg; индекс читается на шкале; Министерство обороны СССР — Руководство по подрывным работам. Москва: Воениздат, 1969 — §101, печатная стр.89, PDF-стр.44; Отечественная радиотехника XX века: собственная коллекционная заметка и атрибуция фотографий М-57"
ref-v11-block-large-400,Большая шашка 400 г,AMMUNITION,charges,yes,yes,"Министерство обороны СССР — Руководство по подрывным работам. Москва: Воениздат, 1969 — Печатная стр.14, рис.1а; PDF-стр.8; Trans.INFO — опубликованная фотография шашки с маркировкой «Вес 400 г», 2018 год; МО СССР — Инженерные боеприпасы, книга 1, Воениздат 1976, печатные страницы 52; проверены сканы отдельных страниц"
ref-v11-block-small-200,Малая шашка 200 г,AMMUNITION,charges,yes,yes,"Министерство обороны СССР — Руководство по подрывным работам. Москва: Воениздат, 1969 — Печатная стр.14, рис.1б; PDF-стр.8; Полтавщина — фотография шашки 200 г, источник фотографии: pl.npu.gov.ua, 10 апреля 2017 года; МО СССР — Инженерные боеприпасы, книга 1, Воениздат 1976, печатные страницы 52; проверены сканы отдельных страниц"
ref-v11-block-cylindrical-75,Цилиндрическая шашка 75 г,AMMUNITION,charges,yes,yes,"Министерство обороны СССР — Руководство по подрывным работам. Москва: Воениздат, 1969 — Печатные стр.14–15, рис.1в; PDF-стр.8; Министерство обороны СССР — Руководство по подрывным работам. Воениздат, 1969 — PDF-стр. 15; МО СССР — Инженерные боеприпасы, книга 1, Воениздат 1976, печатные страницы 52; проверены сканы отдельных страниц"
mine-audit-v25-ru-ptkm-1r,ПТКМ-1Р,AMMUNITION,mines-antitank,yes,yes,"Рособоронэкспорт — ПТКМ-1Р — противотанковая противокрышевая мина (current catalogue); ArmyInform / Wikimedia Commons — ПТКМ-1Р; GICHD — Explosive Ordnance Guide for Ukraine, Third Edition (2025), стр. 23: масса и габариты; GICHD — Explosive Ordnance Guide for Ukraine, Third Edition (2025), стр. 23: наполнение и границы применимости"
mine-audit-v25-su-tm-62b,ТМ-62Б,AMMUNITION,mines-antitank,yes,yes,"Армия США, FM 3-34.2, приложение B, таблица B-2; Afghanistan Ordnance Identification Guide, Volume 1 — Naval EOD Technology Division, 2004, с. 152; European Commission / JRC — Metal Detector Handbook for Humanitarian Demining (2003), Annex C, печатная с. 152 / PDF 154"
mine-audit-v25-su-tm-62d,ТМ-62Д,AMMUNITION,mines-antitank,yes,yes,"Армия США, FM 3-34.2, приложение B, таблица B-2; МО СССР — Инженерные боеприпасы, книга 3, Воениздат 1979, печатные страницы 6; проверены сканы отдельных страниц"
mine-audit-v25-su-tm-62p2,ТМ-62П2,AMMUNITION,mines-antitank,yes,yes,"Министерство обороны СССР, Воениздат — Инженерные боеприпасы. Руководство по материальной части и применению. Книга 3 (1979); Afghanistan Ordnance Identification Guide, Volume 1 — Naval EOD Technology Division, 2004, с. 153; МО СССР — Инженерные боеприпасы, книга 3, Воениздат 1979, печатные страницы 6; проверены сканы отдельных страниц"
mine-audit-v25-su-tm-62t,ТМ-62Т,AMMUNITION,mines-antitank,yes,yes,"Министерство обороны СССР, Воениздат — Инженерные боеприпасы. Руководство по материальной части и применению. Книга 3 (1979); МО СССР — Инженерные боеприпасы, книга 3, Воениздат 1979, печатные страницы 6; проверены сканы отдельных страниц"
mine-audit-v25-su-mon-500,МОН-500,AMMUNITION,mines-antivehicle,yes,no,"U.S. Department of the Army — FM 3-34.2 Combined-Arms Breaching Operations, Appendix B (2002); Landmine Monitor: подтверждённые российские модели семейства МОН; Повторная проверка модели и визуалов; фото не подтверждено; Повторная проверка модели и визуалов; точное фото не подтверждено; Русскоязычная перепроверка; точное фото не подтверждено; U.S. Army, FM 3-34.2 (2002), B-4, физическая PDF-стр. 78"
mine-audit-v25-su-pom-1s,ПОМ-1 / ПОМ-1С,AMMUNITION,mines-antipersonnel,yes,yes,"U.S. Department of the Army — FM 3-34.2 Combined-Arms Breaching Operations, Appendix B (2002); DogsWar — противопехотная мина ПОМ-1 / ПОМ-1С; U.S. Army / TRADOC — Worldwide Equipment Guide, Vol. 1: Ground Systems (2015), PDF 466"
mine-audit-v25-su-pom-2s,ПОМ-2С,AMMUNITION,mines-antipersonnel,yes,yes,"U.S. Department of the Army — FM 3-34.2 Combined-Arms Breaching Operations, Appendix B (2002); Wikimedia Commons — POM-2S Mine; HALO Trust — Land Mines Identification Guide, edited by Itamar Levy (August 2005), стр. 58"
mine-audit-v25-su-ptm-1,ПТМ-1,AMMUNITION,mines-antivehicle,yes,yes,"U.S. Department of the Army — FM 3-34.2 Combined-Arms Breaching Operations, Appendix B (2002); Afghanistan Ordnance Identification Guide, Volume 1 — Naval EOD Technology Division, 2004, с. 464; GICHD — Explosive Ordnance Guide for Ukraine, Third Edition (2025), стр. 37: масса и габариты; GICHD — Explosive Ordnance Guide for Ukraine, Third Edition (2025), стр. 37: наполнение и границы применимости"
mine-audit-v25-su-ptm-1g,ПТМ-1Г,AMMUNITION,mines-antivehicle,yes,yes,"U.S. Department of the Army — FM 3-34.2 Combined-Arms Breaching Operations, Appendix B (2002); JMU / CISR, Munitions Reference Guide: собственная строка модели"
mine-audit-v25-su-ptm-1s,ПТМ-1С,AMMUNITION,mines-antivehicle,yes,yes,"U.S. Department of the Army — FM 3-34.2 Combined-Arms Breaching Operations, Appendix B (2002); European Commission / JRC — Metal Detector Handbook for Humanitarian Demining (2003), Annex C, печатная с. 155 / PDF 157"
mine-audit-v25-su-pfm-1s,ПФМ-1С,AMMUNITION,mines-antipersonnel,yes,yes,"U.S. Department of the Army — FM 3-34.2 Combined-Arms Breaching Operations, Appendix B (2002); U.S. Army / TRADOC — Worldwide Equipment Guide, Vol. 1: Ground Systems (2015), PDF 466"
mine-audit-v25-su-tm-73,ТМ-73,AMMUNITION,mines-antivehicle,yes,yes,"U.S. Department of the Army — FM 3-34.2 Combined-Arms Breaching Operations, Appendix B (2002); МО СССР — Инженерные боеприпасы, книга 3, Воениздат 1979, печатные страницы 63; проверены сканы отдельных страниц"
mine-audit-v25-su-tm-83,ТМ-83,AMMUNITION,mines-antivehicle,yes,yes,"U.S. Department of the Army — FM 3-34.2 Combined-Arms Breaching Operations, Appendix B (2002); Wikimedia Commons: ТМ-83 - На полигоне инженерных войск в подмосковном Николо-Урюпино показали боевую работу Уран-6 и Уран-14 01.jpg; GICHD — Explosive Ordnance Guide for Ukraine, Third Edition (2025), стр. 24: масса и габариты; GICHD — Explosive Ordnance Guide for Ukraine, Third Edition (2025), стр. 24: наполнение"
mine-audit-v25-gb-hb-876,HB-876,AMMUNITION,mines-antibottom,yes,yes,"U.S. Department of the Army — FM 3-34.2 Combined-Arms Breaching Operations, Appendix B (2002); HB 876 bomblet casing — Wikimedia Commons; JMU / CISR, Munitions Reference Guide: собственная запись модели"
mine-audit-v25-gb-l14,L14,AMMUNITION,mines-antivehicle,yes,yes,"U.S. Department of the Army — FM 3-34.2 Combined-Arms Breaching Operations, Appendix B (2002); U.S. Army / TRADOC — WEG 2015, Vol. 1, PDF-стр. 463: MIACAH F1 / L14A1"
mine-audit-v25-gb-pad,PAD,AMMUNITION,mines-antipersonnel,yes,no,"U.S. Department of the Army — FM 3-34.2 Combined-Arms Breaching Operations, Appendix B (2002); Точные фотографии PAD в официальном отчёте ООН; перенос не выполнен до проверки условий; U.S. Army, FM 3-34.2 (2002), B-5, физическая PDF-стр. 78"
mine-audit-v25-de-sm-70,SM-70,AMMUNITION,mines-antipersonnel,yes,no,"U.S. Department of the Army — FM 3-34.2 Combined-Arms Breaching Operations, Appendix B (2002); Wikimedia Commons — SM-70 at Point Alpha museum; Bundesarchiv: Der VEB Chemiewerk Kapen und die Splittermine SM-70 — собственная историческая публикация"
mine-audit-v25-cn-gld-111,GLD-111,AMMUNITION,mines-antipersonnel,yes,no,"U.S. Department of the Army — FM 3-34.2 Combined-Arms Breaching Operations, Appendix B (2002); Китайский производитель миноискателей — Type 72 (GLD111) как тестовая цель; Повторная проверка модели и визуалов; фото не подтверждено; Повторная проверка модели и визуалов; точное фото не подтверждено; Русскоязычная перепроверка; точное фото не подтверждено; Иностранные мины 1 — Type 72A, PDF-стр. 40; U.S. Army — FM 3-34.2, B-4, PDF-стр. 77"
mine-audit-v25-cn-type-84a,Type 84A,AMMUNITION,mines-antitank,yes,no,"Армия США, FM 3-34.2, приложение B, таблицы B-2 и B-3; U.S. Army — FM 3-34.2, B-3, PDF-стр. 76"
mine-audit-v25-cn-type-84b,Type 84B,AMMUNITION,mines-antitank,yes,no,"Армия США, FM 3-34.2, приложение B, таблицы B-2 и B-3; Повторная проверка модели и визуалов; фото не подтверждено; Повторная проверка модели и визуалов; точное фото не подтверждено; Русскоязычная перепроверка; точное фото не подтверждено; NoLandMines — Chinese Type 84 AT mine; U.S. Army — FM 3-34.2, B-2, PDF-стр. 75"
mine-audit-v25-cn-type-84c,Type 84C,AMMUNITION,mines-antitank,yes,no,"Армия США, FM 3-34.2, приложение B, таблица B-3; Повторная проверка модели и визуалов; фото не подтверждено; Повторная проверка модели и визуалов; точное фото не подтверждено; Русскоязычная перепроверка; точное фото не подтверждено; NoLandMines — Chinese Type 84 AT mine; U.S. Army — FM 3-34.2, B-3, PDF-стр. 76"
mine-audit-v25-ru-mdm-1-mod-1,МДМ-1 мод. 1,AMMUNITION,mines-naval,yes,yes,"Вооружение.рф / catalogue material attributed to Rosoboronexport — Морские донные мины МДМ-1/2/3 мод. 1 (current open catalogue); Rosoboronexport — Naval Systems export catalogue, стр. 79, архивная копия 2009 года"
mine-audit-v25-ru-mdm-2-mod-1,МДМ-2 мод. 1,AMMUNITION,mines-naval,yes,yes,"Вооружение.рф / catalogue material attributed to Rosoboronexport — Морские донные мины МДМ-1/2/3 мод. 1 (current open catalogue); Rosoboronexport — Naval Systems export catalogue, стр. 79, архивная копия 2009 года"
mine-audit-v25-ru-mdm-3-mod-1,МДМ-3 мод. 1,AMMUNITION,mines-naval,yes,yes,"Вооружение.рф / catalogue material attributed to Rosoboronexport — Морские донные мины МДМ-1/2/3 мод. 1 (current open catalogue); Rosoboronexport — Naval Systems export catalogue, стр. 79, архивная копия 2009 года"
mine-audit-v25-su-lmg,ЛМГ,AMMUNITION,mines-antivehicle,yes,yes,"Departments of the Army, Navy and Air Force — TM 5-280 / OP 3121 Rev 1 / AFTO 60H-1-1-1, Foreign Mine Warfare Equipment (1971); US Army / Navy / Air Force — TM 5-280 / OP 3121 Rev 1 / AFTO 60H-1-1-1 (1971), стр. 6-111; US Army / Navy / Air Force — TM 5-280 / OP 3121 Rev 1 / AFTO 60H-1-1-1 (1971), печатная с. 6-111, PDF 133: основное наполнение"
mine-audit-v25-su-ozm-160,ОЗМ-160,AMMUNITION,mines-antipersonnel,yes,yes,"Военное издательство МО СССР (mirrored contents/index) — Инженерные боеприпасы. Руководство по материальной части и применению. Книга первая (1976); Пользовательское изображение — справочная фотография ОЗМ-160; МО СССР — Инженерные боеприпасы, книга 1, Воениздат 1976, печатные страницы 135; проверены сканы отдельных страниц"
mine-audit-v25-su-pmd-7,ПМД-7,AMMUNITION,mines-antipersonnel,yes,yes,"Departments of the Army, Navy and Air Force — TM 5-280 / OP 3121 Rev 1 / AFTO 60H-1-1-1, Foreign Mine Warfare Equipment (1971); Afghanistan Ordnance Identification Guide, Volume 1 — Naval EOD Technology Division, 2004, с. 128; USAREUR — Pam 30-60-1, Part Three, Volume II (30 July 1975), стр. 64; USAREUR — Pam 30-60-1, Part Three, Volume II (30 July 1975), печатная с. 64, PDF 65: строка main charge"
mine-audit-v25-su-pmd-7ts,ПМД-7Ц,AMMUNITION,mines-antipersonnel,yes,yes,"Departments of the Army, Navy and Air Force — TM 5-280 / OP 3121 Rev 1 / AFTO 60H-1-1-1, Foreign Mine Warfare Equipment (1971); Afghanistan Ordnance Identification Guide, Volume 1 — Naval EOD Technology Division, 2004, с. 128; USAREUR — Pam 30-60-1, Part Three, Volume II (30 July 1975), стр. 64; USAREUR — Pam 30-60-1, Part Three, Volume II (30 July 1975), печатная с. 64, PDF 65: строка main charge"
mine-audit-v25-su-pmz-40,ПМЗ-40,AMMUNITION,mines-antitank,yes,yes,"Военное издательство МО СССР — Наставление по военно-инженерному делу для всех родов войск Советской Армии (1956); Afghanistan Ordnance Identification Guide, Volume 1 — Naval EOD Technology Division, 2004, с. 145; US Army — TM 5-223A (1951), стр. 93; Армия США — TM 5-223A (1951), PDF 94: PMZ-40, исторические физические сведения"
mine-audit-v25-su-pmk-40,ПМК-40,AMMUNITION,mines-antipersonnel,yes,yes,"Departments of the Army, Navy and Air Force — TM 5-280 / OP 3121 Rev 1 / AFTO 60H-1-1-1, Foreign Mine Warfare Equipment (1971); Пользовательское изображение — справочная 3D-визуализация ПМК-40; US Army / Navy / Air Force — TM 5-280 (1971), стр. 6-121; US Army / Navy / Air Force — TM 5-280 / OP 3121 Rev 1 / AFTO 60H-1-1-1 (1971), печатная с. 6-121, PDF 143: основное наполнение"
mine-audit-v25-su-tm-39,ТМ-39,AMMUNITION,mines-antitank,yes,yes,"Военное издательство МО СССР — Наставление по военно-инженерному делу для всех родов войск Советской Армии (1956); US Army — TM 5-223A (1951), стр. 59; Армия США — TM 5-223A (1951), PDF 60: TM-39, исторические физические сведения"
mine-audit-v25-su-tm-44,ТМ-44,AMMUNITION,mines-antitank,yes,yes,"Военное издательство МО СССР — Наставление по военно-инженерному делу для всех родов войск Советской Армии (1956); Afghanistan Ordnance Identification Guide, Volume 1 — Naval EOD Technology Division, 2004, с. 141; US Army — TM 5-223A (1951), стр. 65; Армия США — TM 5-223A (1951), PDF 66: TM-44, исторические физические сведения"
mine-audit-v25-su-tmb-2,ТМБ-2,AMMUNITION,mines-antitank,yes,yes,"Departments of the Army, Navy and Air Force — TM 5-280 / OP 3121 Rev 1 / AFTO 60H-1-1-1, Foreign Mine Warfare Equipment (1971); USAREUR — Pam 30-60-1, Part Three, Volume II (30 July 1975), стр. 35; USAREUR — Pam 30-60-1, Part Three, Volume II (30 July 1975), печатная с. 35, PDF 36: строка main charge"
mine-audit-v25-su-tmd-40,ТМД-40,AMMUNITION,mines-antitank,yes,yes,"Военное издательство МО СССР — Наставление по военно-инженерному делу для всех родов войск Советской Армии (1956); US Army — TM 5-223A (1951), стр. 68–70; Армия США — TM 5-223A (1951), PDF 71: TMD-40, исторические физические сведения"
mine-audit-v25-su-tmd-44,ТМД-44,AMMUNITION,mines-antitank,yes,yes,"Departments of the Army, Navy and Air Force — TM 5-280 / OP 3121 Rev 1 / AFTO 60H-1-1-1, Foreign Mine Warfare Equipment (1971); HALO Trust — Land Mines Identification Guide, TMD-44; USAREUR — Pam 30-60-1, Part Three, Volume II (30 July 1975), стр. 38; USAREUR — Pam 30-60-1, Part Three, Volume II (30 July 1975), печатная с. 38, PDF 39: строка main charge"
mine-audit-v25-su-yam-5,ЯМ-5,AMMUNITION,mines-antitank,yes,yes,"Departments of the Army, Navy and Air Force — TM 5-280 / OP 3121 Rev 1 / AFTO 60H-1-1-1, Foreign Mine Warfare Equipment (1971); Wikimedia Commons: YaM-5.jpg; USAREUR — Pam 30-60-1, Part Three, Volume II (30 July 1975), стр. 38; USAREUR — Pam 30-60-1, Part Three, Volume II (30 July 1975), печатная с. 38, PDF 39: строка main charge"
mine-audit-v25-us-m24,M24,AMMUNITION,mines-antivehicle,yes,yes,"Headquarters, Department of the Army — TM 43-0001-36 Army Ammunition Data Sheets for Land Mines (1994, changes through 1997); TM 43-0001-36 — Army Ammunition Data Sheets for Land Mines; US Army — TM 43-0001-36, стр. 2-10; Армия США — TM 43-0001-36 (1 September 1994; Change 2, 15 September 1997), печатные 2-9–2-10, PDF 17: наполнение и физические характеристики"
mine-audit-v25-us-m26,M26,AMMUNITION,mines-antipersonnel,yes,yes,"Армия США, TM 43-0001-36, с. 3-15; TM 43-0001-36 — Army Ammunition Data Sheets for Land Mines; US Army — TM 43-0001-36 (September 1994, с поправками 1997), стр. 3-16"
mine-audit-v25-us-m2a4,M2A4,AMMUNITION,mines-antipersonnel,yes,yes,"Армия США, TM 43-0001-36, с. 3-3; Landmine Monitor — Türkiye mine ban policy; TM 43-0001-36 — Army Ammunition Data Sheets for Land Mines; US Army — TM 43-0001-36 (September 1994, с поправками 1997), стр. 3-4"
mine-audit-v25-us-m2a4b2,M2A4B2,AMMUNITION,mines-antipersonnel,yes,yes,"Армия США, TM 43-0001-36, с. 3-3; TM 43-0001-36 — Army Ammunition Data Sheets for Land Mines; US Army — TM 43-0001-36 (September 1994, с поправками 1997), стр. 3-4"
mine-audit-v25-us-m3,M3,AMMUNITION,mines-antipersonnel,yes,yes,"Армия США, TM 43-0001-36, с. 3-5; TM 43-0001-36 — Army Ammunition Data Sheets for Land Mines; US Army — TM 43-0001-36 (September 1994, с поправками 1997), стр. 3-5–3-6"
mine-audit-v25-us-m66,M66,AMMUNITION,mines-antitank,yes,yes,"Армия США, TM 43-0001-36, с. 2-11; TM 43-0001-36 — Army Ammunition Data Sheets for Land Mines; Армия США — TM 43-0001-36 (1 September 1994; Change 2, 15 September 1997), печатные 2-11–2-12, PDF 19: наполнение и физические характеристики; Армия США: TM 43-0001-36 (1994, с Change 3 от 14 April 2000), печатные 2-12, PDF 23 — наружные размеры и раздельные массы"
mine-audit-v25-us-mk-62-quickstrike,Mk 62 Quickstrike,AMMUNITION,mines-naval,yes,no,"ВМС США, справка U.S. Navy Mines; BTF 24-3 (8459973) — Wikimedia Commons; ВМС США — NAVEDTRA 14313, таблица 5-1, PDF 130: Mk 62"
mine-audit-v25-us-mk-63-quickstrike,Mk 63 Quickstrike,AMMUNITION,mines-naval,yes,no,"ВМС США, справка U.S. Navy Mines; Предоставленный PDF «Иностранные мины 2» — PDF-стр. 256, 257; US Navy — Mk 63 Quickstrike, фотография в USNI News; ВМС США — NAVEDTRA 14313, таблица 5-1, PDF 130: Mk 63"
mine-audit-v25-us-mk-65-quickstrike,Mk 65 Quickstrike,AMMUNITION,mines-naval,yes,no,"ВМС США, справка U.S. Navy Mines; US Navy 050217-N-3122S-003 Lt. Cmdr. Alan Marblestone checks a MK-65 Quickstrike mine, during an aircraft preflight on a P-3C Orion — Wikimedia Commons; ВМС США — NAVEDTRA 14313, таблица 5-1, PDF 130: Mk 65"
mine-audit-v25-cs-pp-mi-d,PP-MI-D,AMMUNITION,mines-antipersonnel,yes,yes,"U.S. Department of the Army — FM 3-34.2 Combined-Arms Breaching Operations, Appendix B (2002); USAREUR — Pam 30-60-1, Part Three, Volume II (30 July 1975), стр. 64; USAREUR — Pam 30-60-1, Part Three, Volume II (30 July 1975), печатная с. 64, PDF 65: строка main charge"
mine-audit-v25-cs-pp-mi-sk,PP-MI-SK,AMMUNITION,mines-antipersonnel,yes,yes,"U.S. Department of the Army — FM 3-34.2 Combined-Arms Breaching Operations, Appendix B (2002); USAREUR — Pam 30-60-1, Part Three, Volume II (30 July 1975), стр. 70; USAREUR — Pam 30-60-1, Part Three, Volume II (30 July 1975), печатная с. 70, PDF 71: строка main charge"
mine-audit-v25-cs-pp-mi-sr,PP-MI-SR,AMMUNITION,mines-antipersonnel,yes,yes,"U.S. Department of the Army — FM 3-34.2 Combined-Arms Breaching Operations, Appendix B (2002); Afghanistan Ordnance Identification Guide, Volume 1 — Naval EOD Technology Division, 2004, с. 132; USAREUR — Pam 30-60-1, Part Three, Volume II (30 July 1975), стр. 76; USAREUR — Pam 30-60-1, Part Three, Volume II (30 July 1975), печатная с. 76, PDF 77: строка main charge"
mine-audit-v25-cs-pt-mi-ba-ii,PT-MI-BA II,AMMUNITION,mines-antitank,yes,yes,"Армия США, FM 3-34.2, приложение B, таблица B-2; USAREUR — Pam 30-60-1, Part Three, Volume II (30 July 1975), печатная с. 24, PDF 25: PT-Mi-Ba-II"
mine-audit-v25-cs-pt-mi-ba-iii,PT-MI-BA III,AMMUNITION,mines-antitank,yes,yes,"Армия США, FM 3-34.2, приложение B, таблица B-2; Iraq Ordnance Identification Guide — U.S. DoD Humanitarian Mine Action Program, физическая страница PDF 609; USAREUR — Pam 30-60-1, Part Three, Volume II (30 July 1975), печатная с. 24, PDF 25: PT-Mi-Ba-III"
mine-audit-v25-cs-pt-mi-d,PT-MI-D,AMMUNITION,mines-antitank,yes,yes,"U.S. Department of the Army — FM 3-34.2 Combined-Arms Breaching Operations, Appendix B (2002); USAREUR — Pam 30-60-1, Part Three, Volume II (30 July 1975), стр. 38; USAREUR — Pam 30-60-1, Part Three, Volume II (30 July 1975), печатная с. 38, PDF 39: строка main charge"
mine-audit-v25-cs-pt-mi-k,PT-MI-K,AMMUNITION,mines-antitank,yes,yes,"U.S. Department of the Army — FM 3-34.2 Combined-Arms Breaching Operations, Appendix B (2002); Afghanistan Ordnance Identification Guide, Volume 1 — Naval EOD Technology Division, 2004, с. 148; USAREUR — Pam 30-60-1, Part Three, Volume II (30 July 1975), стр. 16; USAREUR — Pam 30-60-1, Part Three, Volume II (30 July 1975), печатная с. 16, PDF 17: строка main charge"
mine-audit-v25-yu-cobra,COBRA,AMMUNITION,mines-antivehicle,yes,no,"U.S. Department of the Army — FM 3-34.2 Combined-Arms Breaching Operations, Appendix B (2002); Повторная проверка модели и визуалов; фото не подтверждено; Повторная проверка модели и визуалов; точное фото не подтверждено; Русскоязычная перепроверка; точное фото не подтверждено; U.S. Army, FM 3-34.2 (2002), B-4, физическая PDF-стр. 78"
mine-audit-v25-yu-kb-2,KB-2,AMMUNITION,mines-antibottom,yes,no,"U.S. Department of the Army — FM 3-34.2 Combined-Arms Breaching Operations, Appendix B (2002); ICBL-CMC Monitor: Serbia, Cluster Munition Ban Policy (25.08.2022), раздел Transfers and stockpiling; сопоставление с FM 3-34.2 B-3"
mine-audit-v25-yu-pmb-1,PMB-1 — обозначение требует проверки,AMMUNITION,mines-antipersonnel,yes,no,"U.S. Department of the Army — FM 3-34.2 Combined-Arms Breaching Operations, Appendix B (2002); Повторная проверка модели и визуалов; фото не подтверждено; Повторная проверка модели и визуалов; точное фото не подтверждено; Русскоязычная перепроверка; точное фото не подтверждено; U.S. Army FM 20-32, Appendix G — более ранняя таблица PMA-1/2/3; U.S. Army — FM 3-34.2, B-4, PDF-стр. 77"
mine-audit-v25-yu-pmb-2,PMB-2 — обозначение требует проверки,AMMUNITION,mines-antipersonnel,yes,no,"U.S. Department of the Army — FM 3-34.2 Combined-Arms Breaching Operations, Appendix B (2002); Повторная проверка модели и визуалов; фото не подтверждено; Повторная проверка модели и визуалов; точное фото не подтверждено; Русскоязычная перепроверка; точное фото не подтверждено; U.S. Army FM 20-32, Appendix G — более ранняя таблица PMA-1/2/3; U.S. Army — FM 3-34.2, B-4, PDF-стр. 77"
mine-audit-v25-yu-pmb-3,PMB-3 — обозначение требует проверки,AMMUNITION,mines-antipersonnel,yes,no,"U.S. Department of the Army — FM 3-34.2 Combined-Arms Breaching Operations, Appendix B (2002); Повторная проверка модели и визуалов; фото не подтверждено; Повторная проверка модели и визуалов; точное фото не подтверждено; Русскоязычная перепроверка; точное фото не подтверждено; U.S. Army FM 20-32, Appendix G — более ранняя таблица PMA-1/2/3; U.S. Army — FM 3-34.2, B-4, PDF-стр. 77"
mine-audit-v25-yu-pmd-1,PMD-1,AMMUNITION,mines-antipersonnel,yes,yes,"U.S. Department of the Army — FM 3-34.2 Combined-Arms Breaching Operations, Appendix B (2002); Повторная проверка модели и визуалов; фото не подтверждено; Повторная проверка модели и визуалов; точное фото не подтверждено; Точная фотография югославской PMD-1; перенос не выполнен до проверки прав; USAREUR — Pam 30-60-1, Part Three, Volume II (30 July 1975), стр. 64; USAREUR — Pam 30-60-1, Part Three, Volume II (30 July 1975), печатная с. 64, PDF 65: строка main charge"
mine-audit-v25-yu-pmr-2,PMR-2,AMMUNITION,mines-antipersonnel,yes,yes,"U.S. Department of the Army — FM 3-34.2 Combined-Arms Breaching Operations, Appendix B (2002); Wikimedia Commons — PMR-2; USAREUR — Pam 30-60-1, Part Three, Volume II (30 July 1975), стр. 70; USAREUR — Pam 30-60-1, Part Three, Volume II (30 July 1975), печатная с. 70, PDF 71: строка main charge"
mine-audit-v25-yu-pmr-3,PMR-3,AMMUNITION,mines-antipersonnel,yes,yes,"U.S. Department of the Army — FM 3-34.2 Combined-Arms Breaching Operations, Appendix B (2002); Wikimedia Commons — PMR-3 mine body; HALO Trust — Land Mines Identification Guide, edited by Itamar Levy (August 2005), стр. 54"
mine-audit-v25-yu-pmr-4,PMR-4,AMMUNITION,mines-antipersonnel,yes,yes,"U.S. Department of the Army — FM 3-34.2 Combined-Arms Breaching Operations, Appendix B (2002); European Commission / JRC — Metal Detector Handbook for Humanitarian Demining (2003), Annex C, печатная с. 152 / PDF 154; копия первичного издания"
mine-audit-v25-yu-prom-2,PROM-2,AMMUNITION,mines-antipersonnel,yes,no,"U.S. Department of the Army — FM 3-34.2 Combined-Arms Breaching Operations, Appendix B (2002); Повторная проверка модели и визуалов; фото не подтверждено; Повторная проверка модели и визуалов; точное фото не подтверждено; Русскоязычная перепроверка; точное фото не подтверждено; Balkan Diskurs — Bosnia’s ongoing battle against landmines; U.S. Army — FM 3-34.2, B-6, PDF-стр. 78"
mine-audit-v25-yu-prom-kd,PROM-KD,AMMUNITION,mines-antipersonnel,yes,no,"U.S. Department of the Army — FM 3-34.2 Combined-Arms Breaching Operations, Appendix B (2002); U.S. Army — FM 3-34.2, B-6, PDF-стр. 78"
mine-audit-v25-yu-tmm-1,TMM-1,AMMUNITION,mines-antitank,yes,yes,"U.S. Department of the Army — FM 3-34.2 Combined-Arms Breaching Operations, Appendix B (2002); U.S. DoD / NARA — TMM-1 mine-awareness photograph; USAREUR — Pam 30-60-1, Part Three, Volume II (30 July 1975), стр. 16; USAREUR — Pam 30-60-1, Part Three, Volume II (30 July 1975), печатная с. 16, PDF 17: строка main charge"
mine-audit-v25-de-glasmine-43,Glasmine 43,AMMUNITION,mines-antipersonnel,yes,yes,"Армия США, Handbook on German Military Forces, гл. VIII, §5(g); Netherlands Ministry of Defence / LFFD — Duitse glasmijn (January 1948); Армия США — TM 5-223C (1952), PDF 140: Glasmine 43, исторические физические сведения; Department of the Army — TM 5-223C (March 1952), печатная 140: наружные размеры"
mine-audit-v25-de-holzmine-42,Holzmine 42,AMMUNITION,mines-antitank,yes,yes,"Армия США, Handbook on German Military Forces, гл. VIII, §6(k); Netherlands Ministry of Defence / LFFD — Duitse kistmijn tegen voertuigen, type 42; Армия США — TM 5-223C (1952), PDF 94: Holzmine 42, исторические физические сведения; Department of the Army — TM 5-223C (March 1952), печатная 94: наружные размеры"
mine-audit-v25-de-panzer-schnellmine-a,Panzer-Schnellmine A,AMMUNITION,mines-antitank,yes,yes,"Армия США, Handbook on German Military Forces, гл. VIII, таблица противотанковых мин; Армия США — TM 5-223C (1952), PDF 96: Panzer-Schnellmine A; Department of the Army — TM 5-223C (March 1952), печатная 96: наружные размеры"
mine-audit-v25-de-panzer-schnellmine-b,Panzer-Schnellmine B,AMMUNITION,mines-antitank,yes,no,"Армия США, Handbook on German Military Forces, гл. VIII, таблица противотанковых мин; Точное внешнее изображение модели; права на перенос не подтверждены; Армия США — TM 5-223C (1952), PDF 99: Panzer-Schnellmine B; Department of the Army — TM 5-223C (March 1952), печатная 99: наружные размеры"
mine-audit-v25-de-riegelmine-43,Riegelmine 43,AMMUNITION,mines-antitank,yes,yes,"Армия США, Handbook on German Military Forces, гл. VIII, §6(i); Wikimedia Commons — German Riegelmine 43, US Government TM-E 30-451; Армия США — TM 5-223C (1952), PDF 85: bar mine 43, исторические физические сведения; Department of the Army — TM 5-223C (March 1952), печатная 85: наружные размеры"
mine-audit-v25-de-riegelmine-44,Riegelmine 44,AMMUNITION,mines-antitank,yes,yes,"U.S. Department of the Army — TM 9-1985-2 German Explosive Ordnance (1953); Точное внешнее изображение модели; права на перенос не подтверждены; US Army — TM 5-223C (1952), стр. 89, Bar Mine 44 (Riegelmine 44); Department of the Army: TM 5-223C (1952), § 68, стр. 89; открытая текстовая копия"
mine-audit-v25-de-sch-tzenmine-42,Schützenmine 42,AMMUNITION,mines-antipersonnel,yes,yes,"Армия США, Handbook on German Military Forces, гл. VIII, §5(c); U.S. Army TM-E 30-451 — German Schu-Mine with Z.Z. 42 igniter; Армия США — TM 5-223C (1952), PDF 134: Schützenmine 42, исторические физические сведения; Department of the Army — TM 5-223C (March 1952), печатная 134: наружные размеры"
mine-audit-v25-de-topfmine-4531,Topfmine 4531,AMMUNITION,mines-antitank,yes,yes,"U.S. Department of the Army — TM 9-1985-2 German Explosive Ordnance (1953); Wikimedia Commons — German Topfmine B (TM 5-223); US Army — TM 9-1985-2 (1953), TOPF MINE A (A/T), Figure 235; лист PDF 297; US Army — TM 5-223C (1952), стр. 101, Topfmine A / To. Mi. A4531 / 4531"
mine-audit-v25-us-mk-36,Mk 36,AMMUNITION,mines-naval,yes,yes,"ВМС США, ORD 696(B), 1959, с. 87–98; U.S. Navy — ORD 696(B), 1959, печатная стр. 87: Mk 36 Mod 1; U.S. Navy — ORD 696(B), 1959, печатная стр. 91: Mk 36 Mod 2; U.S. Navy — ORD 696(B), 1959, печатная стр. 95: Mk 36 Mod 3"
mine-audit-v25-us-mk-52,Mk 52,AMMUNITION,mines-naval,yes,yes,"ВМС США, ORD 696(B), 1959, с. 127–154; DVIDS — RSC 1 Lays Training Mines for RIMPAC 2022, Mk 52 mine-shape; U.S. Navy — ORD 696(B), 1959, печатная стр. 127: Mk 52 Mod 0; U.S. Navy — ORD 696(B), 1959, печатная стр. 131: Mk 52 Mod 1; U.S. Navy — ORD 696(B), 1959, печатная стр. 135: Mk 52 Mod 2; U.S. Navy — ORD 696(B), 1959, печатная стр. 139: Mk 52 Mod 3; U.S. Navy — ORD 696(B), 1959, печатная стр. 143: Mk 52 Mod 4; U.S. Navy — ORD 696(B), 1959, печатная стр. 147: Mk 52 Mod 5; U.S. Navy — ORD 696(B), 1959, печатная стр. 151: Mk 52 Mod 6"
mine-audit-v25-us-mk-55,Mk 55,AMMUNITION,mines-naval,yes,yes,"U.S. Navy Bureau of Ordnance — Operational Characteristics of U.S. Naval Mines, ORD 696(B) (1959); U.S. Navy NAVEDTRA 14023 — Figure 5-11, Mk 55 service and exercise mine; U.S. Navy — NAVEDTRA 14313, Aviation Ordnanceman (July 2001), стр. 5-11, Figure 5-11; U.S. Navy — NAVEDTRA 14313, Aviation Ordnanceman (July 2001), печатная с. 5-11 / PDF 133, Figure 5-11"
mine-audit-v25-us-mk-56,Mk 56,AMMUNITION,mines-naval,yes,yes,"U.S. Navy Bureau of Ordnance — Operational Characteristics of U.S. Naval Mines, ORD 696(B) (1959); U.S. Pacific Air Forces — MK 56 Mine attached to B-52; U.S. Navy — All Hands, January 2002, №1017, Navy Weapons / MINES (стр. 46–47); данные Atlantic Ordnance Command; U.S. Navy — All Hands, January 2002, №1017, MINES, стр. 46–47: текст публичной копии"
mine-audit-v25-us-mk-57,Mk 57,AMMUNITION,mines-naval,yes,yes,"U.S. Navy Bureau of Ordnance — Operational Characteristics of U.S. Naval Mines, ORD 696(B) (1959); Повторная проверка модели и визуалов; фото не подтверждено; Повторная проверка модели и визуалов; фото не подтверждено; Повторная проверка модели и визуалов; точное фото не подтверждено; Русскоязычная перепроверка; точное фото не подтверждено; NavWeaps — фотография, подписанная Mark 57 Mine; U.S. Navy — All Hands, January 2002, №1017, Navy Weapons / MINES (стр. 46–47); данные Atlantic Ordnance Command; U.S. Navy — All Hands, January 2002, №1017, MINES, стр. 46–47: текст публичной копии"
mine-audit-v25-us-mk-64-mod-5-quickstrike-er,Mk 64 Mod 5 Quickstrike-ER,AMMUNITION,mines-naval,yes,no,"NAVSEA, программа Quickstrike Extended Range, 2025; NAVSEA — Quickstrike Extended Range Program and MK 64 MOD 5; NSWC PCD / DVIDS: собственная публикация о MK 64 MOD 5, 19.10.2025; опубликована 08.12.2025"
mine-audit-v25-fr-lance,Lance,AMMUNITION,mines-antibottom,yes,yes,"U.S. Department of the Army — FM 3-34.2 Combined-Arms Breaching Operations, Appendix B (2002); Повторная проверка модели и визуалов; фото не подтверждено; Повторная проверка модели и визуалов; фото не подтверждено; Повторная проверка в русскоязычном сегменте; точное фото не подтверждено; JMU / CISR, Munitions Reference Guide: собственная запись модели"
mine-audit-v25-fr-m-51,M-51,AMMUNITION,mines-antitank,yes,no,"Армия США, FM 3-34.2, приложение B, таблица B-2; U.S. Army, FM 3-34.2 (2002), B-2, физическая PDF-стр. 75"
mine-audit-v25-fr-m-52,M-52,AMMUNITION,mines-antitank,yes,no,"Армия США, FM 3-34.2, приложение B, таблица B-2; Повторная проверка модели и визуалов; фото не подтверждено; Повторная проверка модели и визуалов; фото не подтверждено; Повторная проверка в русскоязычном сегменте; точное фото не подтверждено; ORDATA archive — French Model 1952 anti-tank mine; U.S. Army, FM 3-34.2 (2002), B-2, физическая PDF-стр. 75"
mine-audit-v25-fr-mle-1951,Mle 1951,AMMUNITION,mines-antipersonnel,yes,yes,"U.S. Department of the Army — FM 3-34.2 Combined-Arms Breaching Operations, Appendix B (2002); US Army / Navy / Air Force — TM 5-280 (1971), стр. 9-43: Model 1951/55; US Army — FM 3-34.2 (2002), Appendix B, Table B-6; US Army / Navy / Air Force — TM 5-280 / OP 3121 Rev 1 / AFTO 60H-1-1-1 (1971), печатная с. 9-43, PDF 251: основное наполнение"
mine-audit-v25-fr-mle-1955,Mle 1955,AMMUNITION,mines-antipersonnel,yes,yes,"U.S. Department of the Army — FM 3-34.2 Combined-Arms Breaching Operations, Appendix B (2002); US Army / Navy / Air Force — TM 5-280 (1971), стр. 9-43: Model 1951/55; US Army — FM 3-34.2 (2002), Appendix B, Table B-6; US Army / Navy / Air Force — TM 5-280 / OP 3121 Rev 1 / AFTO 60H-1-1-1 (1971), печатная с. 9-43, PDF 251: основное наполнение"
mine-audit-v25-fr-model-1953,Model 1953,AMMUNITION,mines-antibottom,yes,yes,"U.S. Department of the Army — FM 3-34.2 Combined-Arms Breaching Operations, Appendix B (2002); Повторная проверка модели и визуалов; фото не подтверждено; Повторная проверка модели и визуалов; фото не подтверждено; Повторная проверка в русскоязычном сегменте; точное фото не подтверждено; U.S. Department of the Army — TM 5-280, Models 1953 and 1954 (France); US Army / Navy / Air Force — TM 5-280 / OP 3121 Rev 1 / AFTO 60H-1-1-1 (1971), стр. 9-35; US Army / Navy / Air Force — TM 5-280 / OP 3121 Rev 1 / AFTO 60H-1-1-1 (1971), печатная с. 9-35, PDF 243: основное наполнение"
mine-audit-v25-fr-model-1954,Model 1954,AMMUNITION,mines-antibottom,yes,yes,"U.S. Department of the Army — FM 3-34.2 Combined-Arms Breaching Operations, Appendix B (2002); Повторная проверка модели и визуалов; фото не подтверждено; Повторная проверка модели и визуалов; фото не подтверждено; Повторная проверка в русскоязычном сегменте; точное фото не подтверждено; U.S. Department of the Army — TM 5-280, Models 1953 and 1954 (France); US Army / Navy / Air Force — TM 5-280 / OP 3121 Rev 1 / AFTO 60H-1-1-1 (1971), стр. 9-35; US Army / Navy / Air Force — TM 5-280 / OP 3121 Rev 1 / AFTO 60H-1-1-1 (1971), печатная с. 9-35, PDF 243: основное наполнение"
mine-audit-v25-us-m23,M23,AMMUNITION,mines-special,yes,yes,"Армия США, TM 43-0001-36, с. 4-3; U.S. Army Chemical Materials Agency — Last M23 VX mine destruction at ANCDF; Армия США — TM 43-0001-36 (1994; Change 3, 2000), PDF 55: справочные сведения"
mine-audit-v26-su-pm-1,ПМ-1,AMMUNITION,mines-naval,yes,yes,"Allmines: «Подлодочная якорная неконтактная мина ПМ-1»; Оборонпром — хронология НИИ-400 / «Гидроприбора»; В. П. Кузин, В. И. Никольский — Военно-Морской Флот СССР 1945–1991, Историческое Морское Общество, 1996, с. 385, таблица 6.14"
mine-audit-v26-su-ksm,КСМ,AMMUNITION,mines-naval,yes,yes,"Allmines: «Корабельная средняя мина КСМ»; Оборонпром — хронология НИИ-400 / «Гидроприбора»; В. П. Кузин, В. И. Никольский — Военно-Морской Флот СССР 1945–1991, Историческое Морское Общество, 1996, с. 385, таблица 6.14"
mine-audit-v26-su-pm-2,ПМ-2,AMMUNITION,mines-naval,yes,yes,"Allmines: «Противолодочная подлёдная якорная мина ПМ-2»; Оборонпром — хронология НИИ-400 / «Гидроприбора»; Военная энциклопедия: противолодочная якорная антенная мина ПМ-2; В. П. Кузин, В. И. Никольский — Военно-Морской Флот СССР 1945–1991, Историческое Морское Общество, 1996, с. 385, таблица 6.14"
mine-audit-v26-su-pkm-25,ПКМ-25,AMMUNITION,mines-naval,yes,yes,"Allmines: «Диверсионные мины ВМФ СССР и России — ПКМ-25»; Оборонпром — хронология НИИ-400 / «Гидроприбора»; Центр исследований военной истории ВС Украины: официальный обзор за май 2023, таблица 5, стр. 180 — ПКМ-25"
mine-audit-v26-su-dm-1,ДМ-1,AMMUNITION,mines-naval,yes,no,Allmines: «Донная мина ДМ-1»; Оружие ВМФ — перечень обозначений ДМ/УДМ/МДМ; Оборонпром — хронология НИИ-400 / «Гидроприбора»
mine-audit-v26-su-udm,УДМ / УДМ-Э,AMMUNITION,mines-naval,yes,yes,"Оружие ВМФ — перечень обозначений ДМ/УДМ/МДМ; Allmines — универсальная донная мина УДМ-Э; Оборонпром — хронология НИИ-400 / «Гидроприбора»; Повторная проверка модели и визуалов; фото не подтверждено; Повторная проверка модели и визуалов; фото не подтверждено; Повторная проверка в русскоязычном сегменте; точное фото не подтверждено; Allmines — УДМ-Э в музее Морских сил самообороны Японии; NAVEODTECHDIV — Iraq Ordnance Identification Guide (2004), naval, PDF 4: UDM"
mine-audit-v26-su-udm-2,УДМ-2,AMMUNITION,mines-naval,yes,yes,"War-Russia: УДМ, УДМ-М и УДМ-2; Оборонпром — хронология НИИ-400 / «Гидроприбора»; Allmines Forum: архив экспортных буклетов МДМ; В. П. Кузин, В. И. Никольский — Военно-Морской Флот СССР 1945–1991, Историческое Морское Общество, 1996, с. 385, таблица 6.14"
mine-audit-v26-su-udm-500,УДМ-500,AMMUNITION,mines-naval,yes,no,"War-Russia: УДМ-500, УДМ-500М и МДМ-3; Оборонпром — хронология НИИ-400 / «Гидроприбора»; Allmines Forum: архив экспортных буклетов МДМ; Музейная запись № 24685866, ЦМ БТВТ-КП ОФ-381: перепубликация открытых данных МКРФ; конфликт УДМ-500 / ИГДМ-500; Центр исследований военной истории ВС Украины: официальный обзор за май 2023, таблица 5, стр. 180 — УДМ-500"
mine-audit-v26-su-udm-m,УДМ-М,AMMUNITION,mines-naval,yes,no,"War-Russia: УДМ, УДМ-М и УДМ-2; Оборонпром — хронология НИИ-400 / «Гидроприбора»; Повторная проверка модели и визуалов; фото не подтверждено; Повторная проверка модели и визуалов; фото не подтверждено; Повторная проверка в русскоязычном сегменте; точное фото не подтверждено; Allmines — УДМ-Э в музее Морских сил самообороны Японии"
mine-audit-v26-su-amd-2-1000,АМД-2-1000,AMMUNITION,mines-naval,yes,yes,"А. Артемьев — «Морские авиационные мины»; Allmines: «АМД-2»; Оборонпром — хронология НИИ-400 / «Гидроприбора»; Центр исследований военной истории ВС Украины: официальный обзор за май 2023, таблица 5, стр. 182 — АМД-2-1000"
mine-audit-v26-su-amd-2-500,АМД-2-500,AMMUNITION,mines-naval,yes,yes,"А. Артемьев — «Морские авиационные мины»; Allmines: «АМД-2»; Оборонпром — хронология НИИ-400 / «Гидроприбора»; Центр исследований военной истории ВС Украины: официальный обзор за май 2023, таблица 5, стр. 182 — АМД-2-500"
mine-audit-v26-su-amd-2m,АМД-2М,AMMUNITION,mines-naval,yes,yes,"А. Артемьев — «Морские авиационные мины»; Allmines: «АМД-2М»; Оборонпром — хронология НИИ-400 / «Гидроприбора»; В. П. Кузин, В. И. Никольский — Военно-Морской Флот СССР 1945–1991, Историческое Морское Общество, 1996, с. 385, таблица 6.14"
mine-audit-v26-su-amd-4-1000,АМД-4-1000,AMMUNITION,mines-naval,yes,yes,"А. Артемьев — «Морские авиационные мины»; Allmines: «АМД-4» и биография А. П. Будылина; Оборонпром — хронология НИИ-400 / «Гидроприбора»; В. П. Кузин, В. И. Никольский — Военно-Морской Флот СССР 1945–1991, Историческое Морское Общество, 1996, с. 385, таблица 6.14"
mine-audit-v26-su-amd-4-500,АМД-4-500,AMMUNITION,mines-naval,yes,yes,"А. Артемьев — «Морские авиационные мины»; Allmines: «АМД-4» и биография А. П. Будылина; Оборонпром — хронология НИИ-400 / «Гидроприбора»; В. П. Кузин, В. И. Никольский — Военно-Морской Флот СССР 1945–1991, Историческое Морское Общество, 1996, с. 385, таблица 6.14"
mine-audit-v26-su-gm,ГМ,AMMUNITION,mines-naval,yes,yes,"Allmines: «Якорные глубоководные мины ГМ и УГМ»; Оборонпром — хронология НИИ-400 / «Гидроприбора»; В. П. Кузин, В. И. Никольский — Военно-Морской Флот СССР 1945–1991, Историческое Морское Общество, 1996, с. 385, таблица 6.14"
mine-audit-v26-su-plt-6,ПЛТ-6 (опытная),AMMUNITION,mines-naval,yes,no,"Allmines Forum: ПЛТ-4М, ПЛТ-5 и ПЛТ-6; Оборонпром — хронология НИИ-400 / «Гидроприбора»; Повторная проверка модели и визуалов; фото не подтверждено; Повторная проверка модели и визуалов; фото не подтверждено; Повторная проверка в русскоязычном сегменте; точное фото не подтверждено; Allmines — Плавающая подлодочная трубная мина ПЛТ-2; СПбГМТУ: собственная запись о выпускнике А. Д. Ботове, главный конструктор ПЛТ-6"
mine-audit-v26-su-pmr-1,ПМР-1,AMMUNITION,mines-naval,yes,yes,"«МПО — Гидроприбор», научно-технический сборник 2020: «Кальмар» ПМР-1; «Морское минное оружие» — научная статья; НВО — обзор советского морского минного оружия; Wikimedia Commons: Мемориал - экспозиция военной техники. Мина-ракета.201206261920 IMAG0589.jpg; В. П. Кузин, В. И. Никольский — Военно-Морской Флот СССР 1945–1991, Историческое Морское Общество, 1996, с. 385, таблица 6.14"
mine-audit-v26-su-pmr-2,ПМР-2,AMMUNITION,mines-naval,yes,yes,"«МПО — Гидроприбор», научно-технический сборник 2020: «Голец» ПМР-2; Оборонпром — хронология НИИ-400 / «Гидроприбора»; В. П. Кузин, В. И. Никольский — Военно-Морской Флот СССР 1945–1991, Историческое Морское Общество, 1996, с. 385, таблица 6.14"
mine-audit-v26-su-pmr-2m,ПМР-2М,AMMUNITION,mines-naval,yes,no,"«МПО — Гидроприбор», научно-технический сборник 2020: ПМР-2М, 1981; Оборонпром — хронология НИИ-400 / «Гидроприбора»; Повторная проверка модели и визуалов; фото не подтверждено; Повторная проверка модели и визуалов; фото не подтверждено; Повторная проверка в русскоязычном сегменте; точное фото не подтверждено; Allmines — семейство ПМР-2, музейный макет ПМР-2Э; Л. М. Вольфсон: фрагмент собственных воспоминаний, издание «Гидроприбор» 2008; открытая публикация Allmines"
mine-audit-v26-su-pmr-2u,ПМР-2У (учебная),AMMUNITION,mines-naval,yes,no,"Allmines: воспоминания Л. М. Вольфсона / ПМР-2У; Оборонпром — хронология НИИ-400 / «Гидроприбора»; Повторная проверка модели и визуалов; фото не подтверждено; Повторная проверка модели и визуалов; фото не подтверждено; Повторная проверка в русскоязычном сегменте; точное фото не подтверждено; Allmines — семейство ПМР-2, музейный макет ПМР-2Э; Л. М. Вольфсон: собственные воспоминания 2008, история учебной ПМР-2У; фото ПМР-2Э отдельно"
mine-audit-v26-su-pmt-1,ПМТ-1,AMMUNITION,mines-naval,yes,yes,"«МПО — Гидроприбор», научно-технический сборник 2020: «Лоцман» ПМТ-1; Оборонпром — хронология НИИ-400 / «Гидроприбора»; Allmines Forum — МТПК-2 / экспортное обозначение ПМК-2; В. П. Кузин, В. И. Никольский — Военно-Морской Флот СССР 1945–1991, Историческое Морское Общество, 1996, с. 385, таблица 6.14"
mine-audit-v26-su-apm,АПМ,AMMUNITION,mines-naval,yes,yes,"Allmines: «Авиационная плавающая мина АПМ»; Оборонпром: хронология НИИ-400 / «Гидроприбора»; Оборонпром — хронология НИИ-400 / «Гидроприбора»; В. П. Кузин, В. И. Никольский — Военно-Морской Флот СССР 1945–1991, Историческое Морское Общество, 1996, с. 385, таблица 6.14"
mine-audit-v26-su-plt-4m,ПЛТ-4М (опытная),AMMUNITION,mines-naval,yes,no,"Allmines Forum: ПЛТ-4М, ПЛТ-5 и ПЛТ-6; Оборонпром — хронология НИИ-400 / «Гидроприбора»; Повторная проверка модели и визуалов; фото не подтверждено; Повторная проверка модели и визуалов; точное фото не подтверждено; Повторная проверка в русскоязычном сегменте; точное фото не подтверждено; Allmines — Плавающая подлодочная трубная мина ПЛТ-2"
mine-audit-v26-su-plt-5,ПЛТ-5 (опытная),AMMUNITION,mines-naval,yes,no,"Allmines Forum: ПЛТ-4М, ПЛТ-5 и ПЛТ-6; Оборонпром — хронология НИИ-400 / «Гидроприбора»; Повторная проверка модели и визуалов; фото не подтверждено; Повторная проверка модели и визуалов; точное фото не подтверждено; Повторная проверка в русскоязычном сегменте; точное фото не подтверждено; Allmines — Плавающая подлодочная трубная мина ПЛТ-2"
mine-audit-v26-su-mnp,МНП,AMMUNITION,mines-naval,yes,no,"Allmines — диверсионные мины ПКМ-100, ПКМ-25, МНП, МНП-2, УПМ; Оборонпром — хронология НИИ-400 / «Гидроприбора»; Повторная проверка модели и визуалов; фото не подтверждено; Повторная проверка модели и визуалов; точное фото не подтверждено; Повторная проверка в русскоязычном сегменте; точное фото не подтверждено"
mine-audit-v26-su-apdm,АПДМ,AMMUNITION,mines-antiland,yes,no,Allmines: «Авиационная противодесантная мина АПДМ»; Оборонпром — хронология НИИ-400 / «Гидроприбора»
mine-audit-v26-su-pdm-3ya,ПДМ-3Я,AMMUNITION,mines-antiland,yes,yes,"Allmines: «Противодесантная мина ПДМ-3Я»; Allmines — каталог мин России/СССР; Оборонпром — хронология НИИ-400 / «Гидроприбора»; МО СССР — Инженерные боеприпасы, книга 1, Воениздат 1976, печатная страница 158; проверен скан"
mine-audit-v26-su-krm,КРМ,AMMUNITION,mines-naval,yes,yes,"«МПО — Гидроприбор», научно-технический сборник 2020, таблица 1: КРМ; «Морское минное оружие» — научная статья; НВО — обзор советского морского минного оружия; Оборонпром — хронология НИИ-400 / «Гидроприбора»; В. П. Кузин, В. И. Никольский — Военно-Морской Флот СССР 1945–1991, Историческое Морское Общество, 1996, с. 385, таблица 6.14"
mine-audit-v26-su-prm,ПРМ,AMMUNITION,mines-naval,yes,no,Allmines: «Противолодочная реактивная мина ПРМ»; Оборонпром: отраслевая хронология; Allmines — каталог мин России/СССР; Оборонпром — хронология НИИ-400 / «Гидроприбора»
mine-audit-v26-su-rm-1,РМ-1,AMMUNITION,mines-naval,yes,yes,"«МПО — Гидроприбор», научно-технический сборник 2020, таблица 1: РМ-1; «Морское минное оружие» — научная статья; НВО — обзор советского морского минного оружия; В. П. Кузин, В. И. Никольский — Военно-Морской Флот СССР 1945–1991, Историческое Морское Общество, 1996, с. 385, таблица 6.14"
mine-audit-v26-su-rm-2,РМ-2,AMMUNITION,mines-naval,yes,yes,"«МПО — Гидроприбор», научно-технический сборник 2020, таблица 1: РМ-2/РМ-2Г; «Морское минное оружие» — научная статья; Оборонпром — хронология НИИ-400 / «Гидроприбора»; Wikimedia Commons: Экспонаты рядом с музеем Маринеско СПб 04.jpg; Литвиненко Е. Я., Сидоренков В. В. «Морское минное оружие», Россия и АТР, 2004; подпись РМ-2Г"
mine-audit-v26-su-rm-2g,РМ-2Г,AMMUNITION,mines-naval,yes,yes,"«МПО — Гидроприбор», научно-технический сборник 2020, таблица 1: РМ-2/РМ-2Г; «Морское минное оружие» — научная статья; Оборонпром — хронология НИИ-400 / «Гидроприбора»; В. П. Кузин, В. И. Никольский — Военно-Морской Флот СССР 1945–1991, Историческое Морское Общество, 1996, с. 385, таблица 6.14"
mine-audit-v26-su-smdm-1,СМДМ-1,AMMUNITION,mines-naval,yes,yes,"Allmines: «Самотранспортирующиеся донные мины МДС и СМДМ»; Оборонпром — хронология НИИ-400 / «Гидроприбора»; В. П. Кузин, В. И. Никольский — Военно-Морской Флот СССР 1945–1991, Историческое Морское Общество, 1996, с. 385, таблица 6.14"
mine-audit-v26-su-smdm-2,СМДМ-2,AMMUNITION,mines-naval,yes,yes,"Allmines: «Самотранспортирующиеся донные мины МДС и СМДМ»; Оборонпром — хронология НИИ-400 / «Гидроприбора»; Повторная проверка модели и визуалов; фото не подтверждено; Повторная проверка модели и визуалов; точное фото не подтверждено; Повторная проверка в русскоязычном сегменте; точное фото не подтверждено; Allmines — семейство морских донных мин СМДМ; В. П. Кузин, В. И. Никольский — Военно-Морской Флот СССР 1945–1991, Историческое Морское Общество, 1996, с. 385, таблица 6.14"
mine-audit-v26-su-mdt,МДТ,AMMUNITION,mines-naval,yes,yes,"Allmines: «МДТ»; Оборонпром — хронология НИИ-400 / «Гидроприбора»; В. П. Кузин, В. И. Никольский — Военно-Морской Флот СССР 1945–1991, Историческое Морское Общество, 1996, с. 385, таблица 6.14"
mine-audit-v26-su-mtpk-1,МТПК-1,AMMUNITION,mines-naval,yes,no,"Allmines: «Минно-торпедный противолодочный комплекс МТПК-1»; Оборонпром: отраслевая хронология; Allmines — каталог мин России/СССР; Оборонпром — хронология НИИ-400 / «Гидроприбора»; В. П. Кузин, В. И. Никольский — Военно-Морской Флот СССР 1945–1991, Историческое Морское Общество, 1996, с. 385, таблица 6.14"
mine-audit-v26-su-mtpk-2,МТПК-2,AMMUNITION,mines-naval,yes,no,Allmines — МТПК-1 и связь с МТПК-2; Allmines Forum — МТПК-2 / экспортное обозначение ПМК-2; Оборонпром — хронология НИИ-400 / «Гидроприбора»; War-Russia: МТПК-2 — перечень 1990 года
mine-audit-v26-su-mshm,МШМ,AMMUNITION,mines-naval,yes,no,"«МПО — Гидроприбор», экспозиция «Флот-2024»: МШМ; Оборонпром — хронология НИИ-400 / «Гидроприбора»; «МПО — Гидроприбор»: собственная публикация о МВМС-2023, отдельное упоминание МШМ"
mine-audit-v26-su-kpm,КПМ,AMMUNITION,mines-anchored,yes,yes,"Allmines: «Корабельная противодесантная мина КПМ»; Allmines — каталог мин России/СССР; Оборонпром — хронология НИИ-400 / «Гидроприбора»; В. П. Кузин, В. И. Никольский — Военно-Морской Флот СССР 1945–1991, Историческое Морское Общество, 1996, с. 385, таблица 6.14"
mine-audit-v26-su-uksm,УКСМ,AMMUNITION,mines-anchored,yes,no,"Allmines: «Унифицированная корабельная средняя мина УКСМ»; Оборонпром — хронология НИИ-400 / «Гидроприбора»; NATO UNCLASSIFIED: ANNEX A, DPAO/DPCD(2003)XXX, строка 427 UKSM; факсимиле в BICC paper 41 (2005), стр. 64"
mine-audit-v26-su-ugm,УГМ,AMMUNITION,mines-anchored,yes,no,"Allmines: «Якорные глубоководные мины ГМ и УГМ»; Оборонпром — хронология НИИ-400 / «Гидроприбора»; Центр исследований военной истории ВС Украины: официальный обзор за май 2023, таблица 5, стр. 181 — объединённая запись ГМ / УГМ"
mine-audit-v26-su-kam,КАМ,AMMUNITION,mines-anchored,yes,yes,"Allmines: «Корабельная акустическая мина КАМ»; Оборонпром — хронология НИИ-400 / «Гидроприбора»; В. П. Кузин, В. И. Никольский — Военно-Морской Флот СССР 1945–1991, Историческое Морское Общество, 1996, с. 385, таблица 6.14"
mine-audit-v26-su-lira,Лира,AMMUNITION,mines-anchored,yes,no,"«МПО — Гидроприбор», научно-технический сборник 2020, таблица 1: «Лира»; Allmines — каталог мин России/СССР; Оборонпром — хронология НИИ-400 / «Гидроприбора»; Литвиненко Е. Я., Сидоренков В. В. «Морское минное оружие: послевоенное развитие морских мин», Россия и АТР, 2003; собственный абзац «Лира»"
mine-audit-v26-su-ml-7,МЛ-7,AMMUNITION,mines-antipersonnel,yes,yes,"Weaponland / Ю. Г. Веремеев: «Мина-ловушка МЛ-7»; Пользовательское изображение — учебный 3D-макет МЛ-7; GICHD — Explosive Ordnance Guide for Ukraine, Third Edition (2025), PDF / печатная с. 270"
mine-audit-v26-su-ml-8,МЛ-8,AMMUNITION,mines-antipersonnel,yes,yes,"Weaponland / Ю. Г. Веремеев: «Мина-ловушка МЛ-8»; GICHD — Explosive Ordnance Guide for Ukraine, Third Edition (2025), PDF / печатная с. 271"
mine-audit-v26-su-ms-2,МС-2,AMMUNITION,mines-antipersonnel,yes,no,"Weaponland / Ю. Г. Веремеев: «Мина-ловушка МС-2»; И. Ю. Лепешинский и др. Военно-инженерная подготовка. ОмГТУ, 2013, с. 125 (копия учебника)"
mine-audit-v26-su-ms-3,МС-3,AMMUNITION,mines-antipersonnel,yes,yes,"Weaponland / Ю. Г. Веремеев: «Мина-сюрприз МС-3»; инженерный справочник; Пользовательское изображение — справочная фотография МС-3; Инженерный справочник: МС-3 — альтернативные массогабаритные данные; GICHD — Explosive Ordnance Guide for Ukraine, Third Edition (2025), PDF / печатная с. 268; European Commission / JRC — Metal Detector Handbook (2003), Annex C, печатная с. 152 / PDF 154: MS3"
mine-audit-v26-su-pmd-57,ПМД-57,AMMUNITION,mines-antipersonnel,yes,no,"Weaponland / Ю. Г. Веремеев: «Противопехотная мина ПМД-57»; Пользовательское изображение — справочная иллюстрация ПМД-57; Escola Prática de Engenharia / GASAP. Manual de Identificação de Minas, 2001, с. IV-8 (копия руководства); Koryo Pyrotechnics: каталог, PDF с. 82 — отдельная учебная PMD-57/KK15"
mine-audit-v26-us-hammerhead-encapsulated-effector,Hammerhead Encapsulated Effector,AMMUNITION,mines-naval,yes,no,"ВМС США, справка U.S. Navy Mines; «Национальная оборона» — русскоязычный обзор Hammerhead и подводных носителей; U.S. Navy Mines: собственная справка, редакция 05.05.2025; доступен индексируемый текст"
mine-audit-v26-us-mk-68-clandestine-delivered-mine,Mk 68 Clandestine Delivered Mine,AMMUNITION,mines-naval,yes,no,"ВМС США, справка U.S. Navy Mines; Русскоязычное профильное обсуждение Hammerhead и CDM; Точное фото в официальной презентации NAVSEA; перенос не выполнен; U.S. Navy fact file: Mk 68 Clandestine Delivered Mine; Mk 68 Clandestine Delivered Mine — NAVSEA Mine Warfare Programs; U.S. Navy Mines: собственная справка, редакция 05.05.2025; доступен индексируемый текст"
mine-audit-v26-su-pkm-100,ПКМ-100,AMMUNITION,mines-naval,yes,yes,"Allmines: «Диверсионные мины ВМФ СССР и России — ПКМ-100»; Оборонпром — хронология НИИ-400 / «Гидроприбора»; Центр исследований военной истории ВС Украины: официальный обзор за май 2023, таблица 5, стр. 181 — ПКМ-100"
mine-audit-v26-su-mds-1-omul,МДС-1 «Омуль»,AMMUNITION,mines-naval,yes,no,Allmines: «Самотранспортирующиеся донные мины МДС и СМДМ»; Оружие ВМФ — перечень обозначений ДМ/УДМ/МДМ; Оборонпром — хронология НИИ-400 / «Гидроприбора»
mine-audit-v26-su-tum-500,ТУМ-500,AMMUNITION,mines-anchored,yes,yes,"Allmines: «Телеуправляемые мины ТУМ-500 и ТУМ-1000»; Оборонпром — хронология НИИ-400 / «Гидроприбора»; В. П. Кузин, В. И. Никольский — Военно-Морской Флот СССР 1945–1991, Историческое Морское Общество, 1996, с. 385, таблица 6.14"
mine-audit-v26-su-tum-1000,ТУМ-1000,AMMUNITION,mines-anchored,yes,yes,"Allmines: «Телеуправляемые мины ТУМ-500 и ТУМ-1000»; Оборонпром — хронология НИИ-400 / «Гидроприбора»; Повторная проверка модели и визуалов; фото не подтверждено; Повторная проверка модели и визуалов; точное фото не подтверждено; Повторная проверка в русскоязычном сегменте; точное фото не подтверждено; Allmines — архивная техническая иллюстрация ТУМ-1000; В. П. Кузин, В. И. Никольский — Военно-Морской Флот СССР 1945–1991, Историческое Морское Общество, 1996, с. 385, таблица 6.14"
ordnance-v27-155-mm-m692-m731-adam,155-мм M692 / M731 ADAM,AMMUNITION,artillery,yes,yes,"GICHD — Explosive Ordnance Guide for Ukraine, Third Edition (2025), стр. 40; TM 43-0001-28 — Army Ammunition Data Sheets; GICHD — Explosive Ordnance Guide for Ukraine, Third Edition (2025), стр. 40: масса и габариты; Армия США — TM 43-0001-28 (28 April 1994; Change 11, 27 October 2003), печатные 3-127–3-128; 3-143–3-144, PDF 338–339; 354–355: наполнение и внешние параметры"
ordnance-v27-m131-mopms-sistema-rasseivaniya-min,M131 MOPMS — система рассеивания мин,AMMUNITION,mines-special,yes,yes,"GICHD — Explosive Ordnance Guide for Ukraine, Third Edition (2025), стр. 42; TM 43-0001-36 — Army Ammunition Data Sheets for Land Mines, физическая страница PDF 124; GICHD — Explosive Ordnance Guide for Ukraine, Third Edition (2025), стр. 42: масса и габариты; Армия США — TM 43-0001-36 (1 September 1994; Change 2, 15 September 1997), печатные 9-3–9-5, PDF 125: наполнение и физические характеристики"
ordnance-v27-m131-mopms-ap-mine,M131 MOPMS AP Mine,AMMUNITION,mines-antipersonnel,yes,yes,"GICHD — Explosive Ordnance Guide for Ukraine, Third Edition (2025), стр. 43; GICHD — Explosive Ordnance Guide for Ukraine, Third Edition (2025), стр. 43: масса и габариты; GICHD — Explosive Ordnance Guide for Ukraine, Third Edition (2025), стр. 43: наполнение и границы применимости"
ordnance-v27-m131-mopms-at-mine,M131 MOPMS AT Mine,AMMUNITION,mines-antivehicle,yes,yes,"GICHD — Explosive Ordnance Guide for Ukraine, Third Edition (2025), стр. 44; GICHD — Explosive Ordnance Guide for Ukraine, Third Edition (2025), стр. 44: масса и габариты; GICHD — Explosive Ordnance Guide for Ukraine, Third Edition (2025), стр. 44: наполнение и границы применимости"
ordnance-v27-m139-volcano-sistema-rasseivaniya-min,M139 Volcano — система рассеивания мин,AMMUNITION,mines-special,yes,yes,"GICHD — Explosive Ordnance Guide for Ukraine, Third Edition (2025), стр. 45; TM 43-0001-36 — Army Ammunition Data Sheets for Land Mines; U.S. Army DAC — Landmine drawings index; DVIDS — M139 Volcano Mine Dispenser, Photo ID 6138269; GICHD — Explosive Ordnance Guide for Ukraine, Third Edition (2025), стр. 45: масса и габариты; GICHD — Explosive Ordnance Guide for Ukraine, Third Edition, 2025, стр. 45"
ordnance-v27-m139-volcano-ap-mine,M139 Volcano AP Mine,AMMUNITION,mines-antipersonnel,yes,yes,"GICHD — Explosive Ordnance Guide for Ukraine, Third Edition (2025), стр. 46; GICHD — Explosive Ordnance Guide for Ukraine, Third Edition (2025), стр. 46: масса и габариты; GICHD — Explosive Ordnance Guide for Ukraine, Third Edition (2025), стр. 46: наполнение и границы применимости"
ordnance-v27-m139-volcano-at-mine,M139 Volcano AT Mine,AMMUNITION,mines-antivehicle,yes,yes,"GICHD — Explosive Ordnance Guide for Ukraine, Third Edition (2025), стр. 47; GICHD — Explosive Ordnance Guide for Ukraine, Third Edition (2025), стр. 47: масса и габариты; GICHD — Explosive Ordnance Guide for Ukraine, Third Edition (2025), стр. 47: наполнение и границы применимости"
ordnance-v27-rkg-3-rkg-3,РКГ-3 / RKG-3,AMMUNITION,grenades,yes,yes,"GICHD — Explosive Ordnance Guide for Ukraine, Third Edition (2025), стр. 53; Wikimedia Commons — RKG-3 hand grenade Navy.jpg; GICHD — Explosive Ordnance Guide for Ukraine, Third Edition (2025), стр. 53: масса и габариты; GICHD — Explosive Ordnance Guide for Ukraine, Third Edition (2025), стр. 53: наполнение и границы применимости"
ordnance-v27-vog-17-vog-17m,ВОГ-17 / ВОГ-17М,AMMUNITION,grenades,yes,yes,"GICHD — Explosive Ordnance Guide for Ukraine, Third Edition (2025), стр. 54; Wikimedia Commons — Explosive objects in War in Ukraine, 2022 (15); GICHD — Explosive Ordnance Guide for Ukraine, Third Edition (2025), стр. 54: масса и габариты; GICHD — Explosive Ordnance Guide for Ukraine, Third Edition (2025), стр. 54: наполнение и границы применимости"
ordnance-v27-vog-17-polevaya-aviatsionnaya-peredelka,ВОГ-17 — полевая авиационная переделка,AMMUNITION,grenades,yes,yes,"GICHD — Explosive Ordnance Guide for Ukraine, Third Edition (2025), стр. 55; GICHD — Explosive Ordnance Guide for Ukraine, Third Edition (2025), стр. 55: масса и габариты"
ordnance-v27-vog-25,ВОГ-25,AMMUNITION,grenades,yes,yes,"GICHD — Explosive Ordnance Guide for Ukraine, Third Edition (2025), стр. 56; Wikimedia Commons — Explosive objects in War in Ukraine, 2022 (15); GICHD — Explosive Ordnance Guide for Ukraine, Third Edition (2025), стр. 56: масса и габариты; GICHD — Explosive Ordnance Guide for Ukraine, Third Edition (2025), стр. 56: наполнение и границы применимости"
ordnance-v27-vog-25m,ВОГ-25М,AMMUNITION,grenades,yes,yes,"GICHD — Explosive Ordnance Guide for Ukraine, Third Edition (2025), стр. 57; Wikimedia Commons — VOG-25M 7P44 - MAKS2015part7-51.jpg; GICHD — Explosive Ordnance Guide for Ukraine, Third Edition (2025), стр. 57: масса и габариты; GICHD — Explosive Ordnance Guide for Ukraine, Third Edition (2025), стр. 57: наполнение и границы применимости"
ordnance-v27-vog-25m-polevaya-aviatsionnaya-peredelka,ВОГ-25М — полевая авиационная переделка,AMMUNITION,grenades,no,no,"GICHD — Explosive Ordnance Guide for Ukraine, Third Edition (2025), стр. 58"
ordnance-v27-m430a1-hedp,M430A1 HEDP,AMMUNITION,grenades,yes,yes,"GICHD — Explosive Ordnance Guide for Ukraine, Third Edition (2025), стр. 60; TM 43-0001-28 — Army Ammunition Data Sheets; GICHD — Explosive Ordnance Guide for Ukraine, Third Edition (2025), стр. 60: масса и габариты; Армия США — TM 43-0001-28 (28 April 1994; Change 11, 27 October 2003), печатные 6-25–6-26, PDF 596–597: наполнение и внешние параметры"
ordnance-v27-82-mm-o-832,82-мм О-832,AMMUNITION,mortars,yes,yes,"GICHD — Explosive Ordnance Guide for Ukraine, Third Edition (2025), стр. 62; Iraq Ordnance Identification Guide — U.S. DoD Humanitarian Mine Action Program, физическая страница PDF 181; GICHD — Explosive Ordnance Guide for Ukraine, Third Edition (2025), стр. 62: наполнение и границы применимости"
ordnance-v27-120-mm-of-843,120-мм ОФ-843,AMMUNITION,mortars,yes,yes,"GICHD — Explosive Ordnance Guide for Ukraine, Third Edition (2025), стр. 63; Afghanistan Ordnance Identification Guide — Naval EOD Technology Division, 2004, физическая страница PDF 432; Ammunition Identification Guide — Libya (2015), стр. 135, альтернативный размер ОФ-843; GICHD — Explosive Ordnance Guide for Ukraine, Third Edition (2025), стр. 63: наполнение и границы применимости"
ordnance-v27-120-mm-of-49,120-мм ОФ-49,AMMUNITION,mortars,yes,yes,"GICHD — Explosive Ordnance Guide for Ukraine, Third Edition (2025), стр. 64; GICHD — Explosive Ordnance Guide for Ukraine, Third Edition (2025), стр. 64: наполнение и границы применимости"
ordnance-v27-120-mm-3vz4,120-мм 3ВЗ4,AMMUNITION,mortars,yes,yes,"GICHD — Explosive Ordnance Guide for Ukraine, Third Edition (2025), стр. 65; GICHD — Explosive Ordnance Guide for Ukraine, Third Edition (2025), стр. 65: наполнение и границы применимости"
ordnance-v27-240-mm-f-864,240-мм Ф-864,AMMUNITION,mortars,yes,yes,"GICHD — Explosive Ordnance Guide for Ukraine, Third Edition (2025), стр. 66; Soviet 240mm mortar shell — Wikimedia Commons; GICHD — Explosive Ordnance Guide for Ukraine, Third Edition (2025), стр. 66: наполнение и границы применимости"
ordnance-v27-240-mm-3-o-8,240-мм 3-О-8,AMMUNITION,mortars,yes,yes,"GICHD — Explosive Ordnance Guide for Ukraine, Third Edition (2025), стр. 67; GICHD — Explosive Ordnance Guide for Ukraine, Third Edition (2025), стр. 67: наполнение и границы применимости; GICHD — Explosive Ordnance Guide for Ukraine, Third Edition (2025), стр. 150: наполнение и границы применимости"
ordnance-v27-m-50-120-mm-minometnaya-mina,M/50 — 120-мм миномётная мина,AMMUNITION,mortars,yes,yes,"GICHD — Explosive Ordnance Guide for Ukraine, Third Edition (2025), стр. 68; GICHD — Explosive Ordnance Guide for Ukraine, Third Edition (2025), стр. 68: наполнение и границы применимости"
ordnance-v27-of-17-100-mm-snaryad,ОФ-17 — 100-мм снаряд,AMMUNITION,artillery,yes,yes,"GICHD — Explosive Ordnance Guide for Ukraine, Third Edition (2025), стр. 70; GICHD — Explosive Ordnance Guide for Ukraine, Third Edition (2025), стр. 70: масса и габариты; GICHD — Explosive Ordnance Guide for Ukraine, Third Edition (2025), стр. 70: наполнение и границы применимости"
ordnance-v27-of-32-100-mm-snaryad,ОФ-32 — 100-мм снаряд,AMMUNITION,artillery,yes,yes,"GICHD — Explosive Ordnance Guide for Ukraine, Third Edition (2025), стр. 71; Afghanistan Ordnance Identification Guide, Volume 1 — Naval EOD Technology Division, 2004, с. 416; GICHD — Explosive Ordnance Guide for Ukraine, Third Edition (2025), стр. 71: масса и габариты; GICHD — Explosive Ordnance Guide for Ukraine, Third Edition (2025), стр. 71: наполнение и границы применимости"
ordnance-v27-bk-13m-122-mm-snaryad,БК-13М — 122-мм снаряд,AMMUNITION,artillery,yes,yes,"GICHD — Explosive Ordnance Guide for Ukraine, Third Edition (2025), стр. 73; GICHD — Explosive Ordnance Guide for Ukraine, Third Edition (2025), стр. 73: масса и габариты; GICHD — Explosive Ordnance Guide for Ukraine, Third Edition (2025), стр. 73: наполнение и границы применимости"
ordnance-v27-3sh1-122-mm-snaryad,3Ш1 — 122-мм снаряд,AMMUNITION,artillery,yes,yes,"GICHD — Explosive Ordnance Guide for Ukraine, Third Edition (2025), стр. 75; GICHD — Explosive Ordnance Guide for Ukraine, Third Edition (2025), стр. 75: масса и габариты; GICHD — Explosive Ordnance Guide for Ukraine, Third Edition (2025), стр. 75: наполнение и границы применимости"
ordnance-v27-of-19-125-mm-snaryad,ОФ-19 — 125-мм снаряд,AMMUNITION,artillery,yes,yes,"GICHD — Explosive Ordnance Guide for Ukraine, Third Edition (2025), стр. 76; GICHD — Explosive Ordnance Guide for Ukraine, Third Edition (2025), стр. 76: масса и габариты; GICHD — Explosive Ordnance Guide for Ukraine, Third Edition (2025), стр. 76: наполнение и границы применимости"
ordnance-v27-of-26-125-mm-snaryad,ОФ-26 — 125-мм снаряд,AMMUNITION,artillery,yes,yes,"GICHD — Explosive Ordnance Guide for Ukraine, Third Edition (2025), стр. 77; GICHD — Explosive Ordnance Guide for Ukraine, Third Edition (2025), стр. 77: масса и габариты; GICHD — Explosive Ordnance Guide for Ukraine, Third Edition (2025), стр. 77: наполнение и границы применимости"
ordnance-v27-bm-26-125-mm-snaryad,БМ-26 — 125-мм снаряд,AMMUNITION,artillery,yes,yes,"GICHD — Explosive Ordnance Guide for Ukraine, Third Edition (2025), стр. 78; GICHD — Explosive Ordnance Guide for Ukraine, Third Edition (2025), стр. 78: масса и габариты; GICHD — Explosive Ordnance Guide for Ukraine, Third Edition (2025), стр. 78: наполнение и границы применимости"
ordnance-v27-bm-32-125-mm-snaryad,БМ-32 — 125-мм снаряд,AMMUNITION,artillery,yes,yes,"GICHD — Explosive Ordnance Guide for Ukraine, Third Edition (2025), стр. 79; GICHD — Explosive Ordnance Guide for Ukraine, Third Edition (2025), стр. 79: масса и габариты; GICHD — Explosive Ordnance Guide for Ukraine, Third Edition (2025), стр. 79: наполнение и границы применимости"
ordnance-v27-bk-14-125-mm-snaryad,БК-14 — 125-мм снаряд,AMMUNITION,artillery,yes,yes,"GICHD — Explosive Ordnance Guide for Ukraine, Third Edition (2025), стр. 80; 125mm BK-14m HEAT — Wikimedia Commons; GICHD — Explosive Ordnance Guide for Ukraine, Third Edition (2025), стр. 80: масса и габариты; GICHD — Explosive Ordnance Guide for Ukraine, Third Edition (2025), стр. 80: наполнение и границы применимости"
ordnance-v27-bk-18-125-mm-snaryad,БК-18 — 125-мм снаряд,AMMUNITION,artillery,yes,yes,"GICHD — Explosive Ordnance Guide for Ukraine, Third Edition (2025), стр. 81; GICHD — Explosive Ordnance Guide for Ukraine, Third Edition (2025), стр. 81: масса и габариты; GICHD — Explosive Ordnance Guide for Ukraine, Third Edition (2025), стр. 81: наполнение и границы применимости"
ordnance-v27-of-29-152-mm-snaryad,ОФ-29 — 152-мм снаряд,AMMUNITION,artillery,yes,yes,"GICHD — Explosive Ordnance Guide for Ukraine, Third Edition (2025), стр. 83; GICHD — Explosive Ordnance Guide for Ukraine, Third Edition (2025), стр. 83: масса и габариты; GICHD — Explosive Ordnance Guide for Ukraine, Third Edition (2025), стр. 83: наполнение и границы применимости"
ordnance-v27-3-o-13-152-mm-kassetnyi-snaryad,3-О-13 — 152-мм кассетный снаряд,AMMUNITION,artillery,yes,yes,"GICHD — Explosive Ordnance Guide for Ukraine, Third Edition (2025), стр. 86; GICHD — Explosive Ordnance Guide for Ukraine, Third Edition (2025), стр. 86: масса и габариты; GICHD — Explosive Ordnance Guide for Ukraine, Third Edition (2025), стр. 86: наполнение и границы применимости; GICHD — Explosive Ordnance Guide for Ukraine, Third Edition (2025), стр. 151: наполнение и границы применимости"
ordnance-v27-m1-he-105-mm-snaryad,M1 HE — 105-мм снаряд,AMMUNITION,artillery,yes,yes,"GICHD — Explosive Ordnance Guide for Ukraine, Third Edition (2025), стр. 89; U.S. Army CPE — Artillery Ammo; TM 43-0001-28 — Army Ammunition Data Sheets; GICHD — Explosive Ordnance Guide for Ukraine, Third Edition (2025), стр. 89: масса и габариты; US Army — TM 43-0001-28 (April 1994, с поправками по Change 11), стр. 3-9–3-10, 105 mm M1 HE"
ordnance-v27-dm121-155-mm-snaryad,DM121 — 155-мм снаряд,AMMUNITION,artillery,yes,yes,"GICHD — Explosive Ordnance Guide for Ukraine, Third Edition (2025), стр. 90; DM121 — Wikimedia Commons; GICHD — Explosive Ordnance Guide for Ukraine, Third Edition (2025), стр. 90: масса и габариты; GICHD — Explosive Ordnance Guide for Ukraine, Third Edition (2025), стр. 90: наполнение и границы применимости; Rheinmetall — VJTF, 08 January 2020: масса ВВ описанного 155-мм DM121"
ordnance-v27-oe-155-f1-155-mm-snaryad,OE 155 F1 — 155-мм снаряд,AMMUNITION,artillery,yes,yes,"GICHD — Explosive Ordnance Guide for Ukraine, Third Edition (2025), стр. 91; GICHD — Explosive Ordnance Guide for Ukraine, Third Edition (2025), стр. 91: масса и габариты; GICHD — Explosive Ordnance Guide for Ukraine, Third Edition (2025), стр. 91: наполнение и границы применимости"
ordnance-v27-ofd-mkm-155-mm-snaryad,OFd MKM — 155-мм снаряд,AMMUNITION,artillery,yes,yes,"GICHD — Explosive Ordnance Guide for Ukraine, Third Edition (2025), стр. 93; Słowackie pociski OFd MKM 155mm na MSPO 2025 — Wikimedia Commons; GICHD — Explosive Ordnance Guide for Ukraine, Third Edition (2025), стр. 93: масса и габариты; GICHD — Explosive Ordnance Guide for Ukraine, Third Edition (2025), стр. 93: наполнение и границы применимости"
ordnance-v27-m549-hera-155-mm-snaryad,M549 HERA — 155-мм снаряд,AMMUNITION,artillery,yes,yes,"GICHD — Explosive Ordnance Guide for Ukraine, Third Edition (2025), стр. 96; TM 43-0001-28 — Army Ammunition Data Sheets; GICHD — Explosive Ordnance Guide for Ukraine, Third Edition (2025), стр. 96: масса и габариты; Армия США — TM 43-0001-28 (28 April 1994; Change 11, 27 October 2003), печатные 3-119–3-120, PDF 330–331: наполнение и внешние параметры"
ordnance-v27-m718-m741-raam-155-mm-snaryady,M718 / M741 RAAM — 155-мм снаряды,AMMUNITION,artillery,yes,yes,"GICHD — Explosive Ordnance Guide for Ukraine, Third Edition (2025), стр. 98; TM 43-0001-28 — Army Ammunition Data Sheets; GICHD — Explosive Ordnance Guide for Ukraine, Third Edition (2025), стр. 98: масса и габариты; Армия США — TM 43-0001-28 (28 April 1994; Change 11, 27 October 2003), печатные 3-135–3-136; 3-147–3-148, PDF 346–347; 358–359: наполнение и внешние параметры"
ordnance-v27-dm105-smoke-155-mm-snaryad,DM105 Smoke — 155-мм снаряд,AMMUNITION,artillery,yes,yes,"GICHD — Explosive Ordnance Guide for Ukraine, Third Edition (2025), стр. 99; GICHD — Explosive Ordnance Guide for Ukraine, Third Edition (2025), стр. 99: масса и габариты; GICHD — Explosive Ordnance Guide for Ukraine, Third Edition (2025), стр. 99: наполнение и границы применимости"
ordnance-v27-dm106-illuminating-155-mm-snaryad,DM106 Illuminating — 155-мм снаряд,AMMUNITION,artillery,yes,yes,"GICHD — Explosive Ordnance Guide for Ukraine, Third Edition (2025), стр. 100; GICHD — Explosive Ordnance Guide for Ukraine, Third Edition (2025), стр. 100: масса и габариты; GICHD — Explosive Ordnance Guide for Ukraine, Third Edition (2025), стр. 100: наполнение и границы применимости"
ordnance-v27-120-mm-boepripasy-leopard-2-m1-abrams,120-мм боеприпасы Leopard 2 / M1 Abrams,AMMUNITION,artillery,yes,yes,"GICHD — Explosive Ordnance Guide for Ukraine, Third Edition (2025), стр. 102; M1147 AMP Stowed — Wikimedia Commons; GICHD — Explosive Ordnance Guide for Ukraine, Third Edition (2025), стр. 102: масса и габариты; GICHD — Explosive Ordnance Guide for Ukraine, Third Edition (2025), стр. 102: наполнение и границы применимости"
ordnance-v27-120-mm-boepripasy-challenger-2,120-мм боеприпасы Challenger 2,AMMUNITION,artillery,yes,yes,"GICHD — Explosive Ordnance Guide for Ukraine, Third Edition (2025), стр. 103; GICHD — Explosive Ordnance Guide for Ukraine, Third Edition (2025), стр. 103: масса и габариты; GICHD — Explosive Ordnance Guide for Ukraine, Third Edition (2025), стр. 103: наполнение и границы применимости"
ordnance-v27-og-7v,ОГ-7В,AMMUNITION,rockets-recoilless,yes,yes,"GICHD — Explosive Ordnance Guide for Ukraine, Third Edition (2025), стр. 106; Wikimedia Commons: OG-7V round with fragmentation grenade at Interpolitex-2016 01 (cropped).jpg; GICHD — Explosive Ordnance Guide for Ukraine, Third Edition (2025), стр. 106: масса и габариты; GICHD — Explosive Ordnance Guide for Ukraine, Third Edition (2025), стр. 106: наполнение и границы применимости"
ordnance-v27-pg-7l,ПГ-7Л,AMMUNITION,rockets-recoilless,yes,yes,"GICHD — Explosive Ordnance Guide for Ukraine, Third Edition (2025), стр. 107; GICHD — Explosive Ordnance Guide for Ukraine, Third Edition (2025), стр. 107: масса и габариты; GICHD — Explosive Ordnance Guide for Ukraine, Third Edition (2025), стр. 107: наполнение и границы применимости"
ordnance-v27-pg-7m,ПГ-7М,AMMUNITION,rockets-recoilless,yes,yes,"GICHD — Explosive Ordnance Guide for Ukraine, Third Edition (2025), стр. 108; Afghanistan Ordnance Identification Guide, Volume 1 — Naval EOD Technology Division, 2004, с. 195; GICHD — Explosive Ordnance Guide for Ukraine, Third Edition (2025), стр. 108: масса и габариты; GICHD — Explosive Ordnance Guide for Ukraine, Third Edition (2025), стр. 108: наполнение и границы применимости"
ordnance-v27-pg-7v,ПГ-7В,AMMUNITION,rockets-recoilless,yes,yes,"GICHD — Explosive Ordnance Guide for Ukraine, Third Edition (2025), стр. 109; Protitankový komplet RPG-7 — Wikimedia Commons; GICHD — Explosive Ordnance Guide for Ukraine, Third Edition (2025), стр. 109: масса и габариты; GICHD — Explosive Ordnance Guide for Ukraine, Third Edition (2025), стр. 109: наполнение и границы применимости"
ordnance-v27-pg-7vl,ПГ-7ВЛ,AMMUNITION,rockets-recoilless,yes,yes,"GICHD — Explosive Ordnance Guide for Ukraine, Third Edition (2025), стр. 110; Afghanistan Ordnance Identification Guide, Volume 1 — Naval EOD Technology Division, 2004, с. 208; GICHD — Explosive Ordnance Guide for Ukraine, Third Edition (2025), стр. 110: масса и габариты; GICHD — Explosive Ordnance Guide for Ukraine, Third Edition (2025), стр. 110: наполнение и границы применимости"
ordnance-v27-pg-7r,ПГ-7Р,AMMUNITION,rockets-recoilless,yes,yes,"GICHD — Explosive Ordnance Guide for Ukraine, Third Edition (2025), стр. 111; RPG PG 7R — Wikimedia Commons; GICHD — Explosive Ordnance Guide for Ukraine, Third Edition (2025), стр. 111: масса и габариты; GICHD — Explosive Ordnance Guide for Ukraine, Third Edition (2025), стр. 111: наполнение и границы применимости"
ordnance-v27-tbg-7l,ТБГ-7Л,AMMUNITION,rockets-recoilless,yes,no,"GICHD — Explosive Ordnance Guide for Ukraine, Third Edition (2025), стр. 112; GICHD — Explosive Ordnance Guide for Ukraine, Third Edition (2025), стр. 112: масса и габариты; GICHD — Explosive Ordnance Guide for Ukraine, Third Edition (2025), стр. 112: наполнение и границы применимости"
ordnance-v27-og-9v,ОГ-9В,AMMUNITION,rockets-recoilless,yes,yes,"GICHD — Explosive Ordnance Guide for Ukraine, Third Edition (2025), стр. 113; GICHD — Explosive Ordnance Guide for Ukraine, Third Edition (2025), стр. 113: масса и габариты; GICHD — Explosive Ordnance Guide for Ukraine, Third Edition (2025), стр. 113: наполнение и границы применимости"
ordnance-v27-pg-9v,ПГ-9В,AMMUNITION,rockets-recoilless,yes,yes,"GICHD — Explosive Ordnance Guide for Ukraine, Third Edition (2025), стр. 114; Afghanistan Ordnance Identification Guide, Volume 1 — Naval EOD Technology Division, 2004, с. 182; GICHD — Explosive Ordnance Guide for Ukraine, Third Edition (2025), стр. 114: масса и габариты; GICHD — Explosive Ordnance Guide for Ukraine, Third Edition (2025), стр. 114: наполнение и границы применимости"
ordnance-v27-og-15,ОГ-15,AMMUNITION,rockets-recoilless,yes,yes,"GICHD — Explosive Ordnance Guide for Ukraine, Third Edition (2025), стр. 115; GICHD — Explosive Ordnance Guide for Ukraine, Third Edition (2025), стр. 115: масса и габариты; GICHD — Explosive Ordnance Guide for Ukraine, Third Edition (2025), стр. 115: наполнение и границы применимости"
ordnance-v27-pg-15,ПГ-15,AMMUNITION,rockets-recoilless,yes,yes,"GICHD — Explosive Ordnance Guide for Ukraine, Third Edition (2025), стр. 116; GICHD — Explosive Ordnance Guide for Ukraine, Third Edition (2025), стр. 116: масса и габариты; GICHD — Explosive Ordnance Guide for Ukraine, Third Edition (2025), стр. 116: наполнение и границы применимости"
ordnance-v27-pg-18,ПГ-18,AMMUNITION,rockets-recoilless,yes,yes,"GICHD — Explosive Ordnance Guide for Ukraine, Third Edition (2025), стр. 117; Afghanistan Ordnance Identification Guide — Naval EOD Technology Division, 2004, физическая страница PDF 215; GICHD — Explosive Ordnance Guide for Ukraine, Third Edition (2025), стр. 117: масса и габариты; GICHD — Explosive Ordnance Guide for Ukraine, Third Edition (2025), стр. 117: наполнение и границы применимости"
ordnance-v27-pg-22,ПГ-22,AMMUNITION,rockets-recoilless,yes,yes,"GICHD — Explosive Ordnance Guide for Ukraine, Third Edition (2025), стр. 118; GICHD — Explosive Ordnance Guide for Ukraine, Third Edition (2025), стр. 118: масса и габариты; GICHD — Explosive Ordnance Guide for Ukraine, Third Edition (2025), стр. 118: наполнение и границы применимости"
ordnance-v27-pg-26,ПГ-26,AMMUNITION,rockets-recoilless,yes,yes,"GICHD — Explosive Ordnance Guide for Ukraine, Third Edition (2025), стр. 119; GICHD — Explosive Ordnance Guide for Ukraine, Third Edition (2025), стр. 119: масса и габариты; GICHD — Explosive Ordnance Guide for Ukraine, Third Edition (2025), стр. 119: наполнение и границы применимости"
ordnance-v27-pg-27,ПГ-27,AMMUNITION,rockets-recoilless,yes,yes,"GICHD — Explosive Ordnance Guide for Ukraine, Third Edition (2025), стр. 120; GICHD — Explosive Ordnance Guide for Ukraine, Third Edition (2025), стр. 120: масса и габариты; GICHD — Explosive Ordnance Guide for Ukraine, Third Edition (2025), стр. 120: наполнение и границы применимости"
ordnance-v27-pg-29,ПГ-29,AMMUNITION,rockets-recoilless,yes,yes,"GICHD — Explosive Ordnance Guide for Ukraine, Third Edition (2025), стр. 121; GICHD — Explosive Ordnance Guide for Ukraine, Third Edition (2025), стр. 121: масса и габариты; GICHD — Explosive Ordnance Guide for Ukraine, Third Edition (2025), стр. 121: наполнение и границы применимости"
ordnance-v27-rpg-30,РПГ-30,AMMUNITION,rockets-recoilless,yes,yes,"GICHD — Explosive Ordnance Guide for Ukraine, Third Edition (2025), стр. 122; Wikimedia Commons: РПГ-30-Крюк.jpg; GICHD — Explosive Ordnance Guide for Ukraine, Third Edition (2025), стр. 122: масса и габариты; GICHD — Explosive Ordnance Guide for Ukraine, Third Edition (2025), стр. 122: наполнение и границы применимости"
ordnance-v27-rpo-a,РПО-А,AMMUNITION,rockets-recoilless,yes,yes,"GICHD — Explosive Ordnance Guide for Ukraine, Third Edition (2025), стр. 123; Wikimedia Commons: RPO-A missile and launcher.jpg; GICHD — Explosive Ordnance Guide for Ukraine, Third Edition (2025), стр. 123: масса и габариты; GICHD — Explosive Ordnance Guide for Ukraine, Third Edition (2025), стр. 123: наполнение и границы применимости"
ordnance-v27-9m22-122-mm-raketa-grad,9М22 — 122-мм ракета «Град»,AMMUNITION,rockets-recoilless,yes,yes,"GICHD — Explosive Ordnance Guide for Ukraine, Third Edition (2025), стр. 124; GICHD — Explosive Ordnance Guide for Ukraine, Third Edition (2025), стр. 124: масса и габариты; GICHD — Explosive Ordnance Guide for Ukraine, Third Edition (2025), стр. 124: наполнение и границы применимости"
ordnance-v27-9m27-220-mm-rakety-uragan,9М27 — 220-мм ракеты «Ураган»,AMMUNITION,rockets-recoilless,yes,no,"GICHD — Explosive Ordnance Guide for Ukraine, Third Edition (2025), стр. 125; Rocket from BM-27 Uragan in Babai, Kharkiv Oblast (1) — Wikimedia Commons; GICHD — Explosive Ordnance Guide for Ukraine, Third Edition (2025), стр. 125: масса и габариты; GICHD — Explosive Ordnance Guide for Ukraine, Third Edition (2025), стр. 125: наполнение и границы применимости"
ordnance-v27-9m55-300-mm-rakety-smerch,9М55 — 300-мм ракеты «Смерч»,AMMUNITION,rockets-recoilless,yes,yes,"GICHD — Explosive Ordnance Guide for Ukraine, Third Edition (2025), стр. 126; BM-30 Smerch 9A52 at ARMY-2016 — Wikimedia Commons; GICHD — Explosive Ordnance Guide for Ukraine, Third Edition (2025), стр. 126: масса и габариты; GICHD — Explosive Ordnance Guide for Ukraine, Third Edition (2025), стр. 126: наполнение и границы применимости"
ordnance-v27-tg-73,TG-73,AMMUNITION,rockets-recoilless,yes,no,"GICHD — Explosive Ordnance Guide for Ukraine, Third Edition (2025), стр. 127; GICHD — Explosive Ordnance Guide for Ukraine, Third Edition (2025), стр. 127: масса и габариты; GICHD — Explosive Ordnance Guide for Ukraine, Third Edition (2025), стр. 127: наполнение и границы применимости"
ordnance-v27-bullspike-pg-22,Bullspike PG-22,AMMUNITION,rockets-recoilless,yes,yes,"GICHD — Explosive Ordnance Guide for Ukraine, Third Edition (2025), стр. 128; GICHD — Explosive Ordnance Guide for Ukraine, Third Edition (2025), стр. 128: масса и габариты; GICHD — Explosive Ordnance Guide for Ukraine, Third Edition (2025), стр. 128: наполнение и границы применимости"
ordnance-v27-rpg-75,RPG-75,AMMUNITION,rockets-recoilless,yes,yes,"GICHD — Explosive Ordnance Guide for Ukraine, Third Edition (2025), стр. 129; Wikimedia Commons: RPG-75.JPG; GICHD — Explosive Ordnance Guide for Ukraine, Third Edition (2025), стр. 129: масса и габариты; GICHD — Explosive Ordnance Guide for Ukraine, Third Edition (2025), стр. 129: наполнение и границы применимости"
ordnance-v27-rgw-90-hh,RGW 90 HH,AMMUNITION,rockets-recoilless,yes,yes,"GICHD — Explosive Ordnance Guide for Ukraine, Third Edition (2025), стр. 130; GICHD — Explosive Ordnance Guide for Ukraine, Third Edition (2025), стр. 130: масса и габариты; GICHD — Explosive Ordnance Guide for Ukraine, Third Edition (2025), стр. 130: наполнение и границы применимости"
ordnance-v27-panzerfaust-3,Panzerfaust 3,AMMUNITION,rockets-recoilless,yes,yes,"GICHD — Explosive Ordnance Guide for Ukraine, Third Edition (2025), стр. 131; Wikimedia Commons: Panzerfaust3.jpg; Bundeswehr — Panzerfaust 3, Technische Daten; GICHD — Explosive Ordnance Guide for Ukraine, Third Edition (2025), стр. 131: наполнение и границы применимости"
ordnance-v27-rpg-76-komar,RPG-76 Komar,AMMUNITION,rockets-recoilless,yes,yes,"GICHD — Explosive Ordnance Guide for Ukraine, Third Edition (2025), стр. 132; Wikimedia Commons: Allied Spirit 200613-A-WC633-007.jpg; GICHD — Explosive Ordnance Guide for Ukraine, Third Edition (2025), стр. 132: масса и габариты; GICHD — Explosive Ordnance Guide for Ukraine, Third Edition (2025), стр. 132: наполнение и границы применимости"
ordnance-v27-m80-zolja-64-mm,M80 Zolja — 64-мм,AMMUNITION,rockets-recoilless,yes,yes,"GICHD — Explosive Ordnance Guide for Ukraine, Third Edition (2025), стр. 133; Wikimedia Commons: M80 Zolja.JPG; GICHD — Explosive Ordnance Guide for Ukraine, Third Edition (2025), стр. 133: масса и габариты; GICHD — Explosive Ordnance Guide for Ukraine, Third Edition (2025), стр. 133: наполнение и границы применимости"
ordnance-v27-c90-cr-am-m3,C90-CR-AM (M3),AMMUNITION,rockets-recoilless,yes,yes,"GICHD — Explosive Ordnance Guide for Ukraine, Third Edition (2025), стр. 134; GICHD — Explosive Ordnance Guide for Ukraine, Third Edition (2025), стр. 134: масса и габариты; GICHD — Explosive Ordnance Guide for Ukraine, Third Edition (2025), стр. 134: наполнение и границы применимости"
ordnance-v27-at4-heat-hesh,AT4 HEAT / HESH,AMMUNITION,rockets-recoilless,yes,yes,"GICHD — Explosive Ordnance Guide for Ukraine, Third Edition (2025), стр. 135; Wikimedia Commons: FFV AT4.jpg; GICHD — Explosive Ordnance Guide for Ukraine, Third Edition (2025), стр. 135: масса и габариты; GICHD — Explosive Ordnance Guide for Ukraine, Third Edition (2025), стр. 135: наполнение и границы применимости"
ordnance-v27-m72-law,M72 LAW,AMMUNITION,rockets-recoilless,yes,yes,"GICHD — Explosive Ordnance Guide for Ukraine, Third Edition (2025), стр. 136; Wikimedia Commons: M72A2 LAW.png; GICHD — Explosive Ordnance Guide for Ukraine, Third Edition (2025), стр. 136: масса и габариты; GICHD — Explosive Ordnance Guide for Ukraine, Third Edition (2025), стр. 136: наполнение и границы применимости"
ordnance-v27-3ubr6-30-165-mm,3УБР6 — 30×165 мм,AMMUNITION,cannon-ammunition,yes,yes,"GICHD — Explosive Ordnance Guide for Ukraine, Third Edition (2025), стр. 138; GICHD — Explosive Ordnance Guide for Ukraine, Third Edition (2025), стр. 138: масса и габариты; GICHD — Explosive Ordnance Guide for Ukraine, Third Edition (2025), стр. 138: наполнение и границы применимости"
ordnance-v27-3uof8-30-165-mm,3УОФ8 — 30×165 мм,AMMUNITION,cannon-ammunition,yes,yes,"GICHD — Explosive Ordnance Guide for Ukraine, Third Edition (2025), стр. 139; GICHD — Explosive Ordnance Guide for Ukraine, Third Edition (2025), стр. 139: масса и габариты; GICHD — Explosive Ordnance Guide for Ukraine, Third Edition (2025), стр. 139: наполнение и границы применимости"
ordnance-v27-bushmaster-25-137-mm,Bushmaster — 25×137 мм,AMMUNITION,cannon-ammunition,yes,yes,"GICHD — Explosive Ordnance Guide for Ukraine, Third Edition (2025), стр. 140; M919cutawayview — Wikimedia Commons; GICHD — Explosive Ordnance Guide for Ukraine, Third Edition (2025), стр. 140: масса и габариты; GICHD — Explosive Ordnance Guide for Ukraine, Third Edition (2025), стр. 140: наполнение и границы применимости"
ordnance-v27-gepard-35-228-mm,Gepard — 35×228 мм,AMMUNITION,cannon-ammunition,yes,yes,"GICHD — Explosive Ordnance Guide for Ukraine, Third Edition (2025), стр. 141; FLAK-Panzer Gepard 35mm Übungs-Munition 1987 Todendorf — Wikimedia Commons; GICHD — Explosive Ordnance Guide for Ukraine, Third Edition (2025), стр. 141: масса и габариты; GICHD — Explosive Ordnance Guide for Ukraine, Third Edition (2025), стр. 141: наполнение и границы применимости"
ordnance-v27-rarden-30-mm,RARDEN — 30 мм,AMMUNITION,cannon-ammunition,yes,yes,"GICHD — Explosive Ordnance Guide for Ukraine, Third Edition (2025), стр. 142; GICHD — Explosive Ordnance Guide for Ukraine, Third Edition (2025), стр. 142: масса и габариты; GICHD — Explosive Ordnance Guide for Ukraine, Third Edition (2025), стр. 142: наполнение и границы применимости"
ordnance-v27-3b30,3Б30,AMMUNITION,submunitions,yes,yes,"GICHD — Explosive Ordnance Guide for Ukraine, Third Edition (2025), стр. 144; Cluster bomblets in Mykolaiv Oblast, 2026-01-13 (01) — Wikimedia Commons; GICHD — Explosive Ordnance Guide for Ukraine, Third Edition (2025), стр. 144: масса и габариты; GICHD — Explosive Ordnance Guide for Ukraine, Third Edition (2025), стр. 144: наполнение и границы применимости"
ordnance-v27-9n24,9Н24,AMMUNITION,submunitions,yes,yes,"GICHD — Explosive Ordnance Guide for Ukraine, Third Edition (2025), стр. 145; 9N123K canister and 9N24 submunition remnants (2) — Wikimedia Commons; GICHD — Explosive Ordnance Guide for Ukraine, Third Edition (2025), стр. 145: масса и габариты; GICHD — Explosive Ordnance Guide for Ukraine, Third Edition (2025), стр. 145: наполнение и границы применимости"
ordnance-v27-ptab-1m,ПТАБ-1М,AMMUNITION,submunitions,yes,yes,"GICHD — Explosive Ordnance Guide for Ukraine, Third Edition (2025), стр. 146; Afghanistan Ordnance Identification Guide, Volume 1 — Naval EOD Technology Division, 2004, с. 461; GICHD — Explosive Ordnance Guide for Ukraine, Third Edition (2025), стр. 146: масса и габариты; GICHD — Explosive Ordnance Guide for Ukraine, Third Edition (2025), стр. 146: наполнение и границы применимости"
ordnance-v27-spbe-spbe,СПБЭ / SPBE,AMMUNITION,submunitions,yes,yes,"GICHD — Explosive Ordnance Guide for Ukraine, Third Edition (2025), стр. 147; Боевой элемент СПБЭ-Д - МАКС-2009 01 — Wikimedia Commons; GICHD — Explosive Ordnance Guide for Ukraine, Third Edition (2025), стр. 147: масса и габариты; GICHD — Explosive Ordnance Guide for Ukraine, Third Edition (2025), стр. 147: наполнение и границы применимости"
ordnance-v27-9n210,9Н210,AMMUNITION,submunitions,yes,yes,"GICHD — Explosive Ordnance Guide for Ukraine, Third Edition (2025), стр. 148; GICHD — Explosive Ordnance Guide for Ukraine, Third Edition (2025), стр. 148: масса и габариты; GICHD — Explosive Ordnance Guide for Ukraine, Third Edition (2025), стр. 148: наполнение и границы применимости"
ordnance-v27-9n235,9Н235,AMMUNITION,submunitions,yes,yes,"GICHD — Explosive Ordnance Guide for Ukraine, Third Edition (2025), стр. 149; Кассета 9Н235 реактивного кассетного снаряда — Wikimedia Commons; GICHD — Explosive Ordnance Guide for Ukraine, Third Edition (2025), стр. 149: масса и габариты; GICHD — Explosive Ordnance Guide for Ukraine, Third Edition (2025), стр. 149: наполнение и границы применимости"
ordnance-v27-3-o-10,3-О-10,AMMUNITION,submunitions,yes,yes,"GICHD — Explosive Ordnance Guide for Ukraine, Third Edition (2025), стр. 150; GICHD — Explosive Ordnance Guide for Ukraine, Third Edition (2025), стр. 150: масса и габариты; GICHD — Explosive Ordnance Guide for Ukraine, Third Edition (2025), стр. 150: наполнение и границы применимости"
ordnance-v27-3-o-16,3-О-16,AMMUNITION,submunitions,yes,yes,"GICHD — Explosive Ordnance Guide for Ukraine, Third Edition (2025), стр. 151; GICHD — Explosive Ordnance Guide for Ukraine, Third Edition (2025), стр. 151: масса и габариты; GICHD — Explosive Ordnance Guide for Ukraine, Third Edition (2025), стр. 151: наполнение и границы применимости"
ordnance-v27-subboepripas-h-101-soobschaemyi-variant,Суббоеприпас Х-101 — сообщаемый вариант,AMMUNITION,submunitions,yes,yes,"GICHD — Explosive Ordnance Guide for Ukraine, Third Edition (2025), стр. 152; GICHD — Explosive Ordnance Guide for Ukraine, Third Edition (2025), стр. 152: масса и габариты; GICHD — Explosive Ordnance Guide for Ukraine, Third Edition (2025), стр. 152: наполнение и границы применимости"
ordnance-v27-m74-subboepripas,M74 — суббоеприпас,AMMUNITION,submunitions,yes,yes,"GICHD — Explosive Ordnance Guide for Ukraine, Third Edition (2025), стр. 153; TM 43-0001-36 — Army Ammunition Data Sheets for Land Mines, физическая страница PDF 42; GICHD — Explosive Ordnance Guide for Ukraine, Third Edition (2025), стр. 153: масса и габариты; GICHD — Explosive Ordnance Guide for Ukraine, Third Edition (2025), стр. 153: наполнение и границы применимости"
ordnance-v27-blu-97,BLU-97,AMMUNITION,submunitions,yes,yes,"GICHD — Explosive Ordnance Guide for Ukraine, Third Edition (2025), стр. 155; Wikimedia Commons: BLU-97.jpg; GICHD — Explosive Ordnance Guide for Ukraine, Third Edition (2025), стр. 155: масса и габариты; GICHD — Explosive Ordnance Guide for Ukraine, Third Edition (2025), стр. 155: наполнение и границы применимости"
ordnance-v27-rbk-250-rbk-275,РБК-250 / РБК-275,AMMUNITION,air-munitions,yes,yes,"GICHD — Explosive Ordnance Guide for Ukraine, Third Edition (2025), стр. 158; Wikimedia Commons: RBK250 cassette bomb G1.jpg; GICHD — Explosive Ordnance Guide for Ukraine, Third Edition (2025), стр. 158: масса и габариты; GICHD — Explosive Ordnance Guide for Ukraine, Third Edition (2025), стр. 158: наполнение"
ordnance-v27-rbk-500,РБК-500,AMMUNITION,air-munitions,yes,yes,"GICHD — Explosive Ordnance Guide for Ukraine, Third Edition (2025), стр. 159; Afghanistan Ordnance Identification Guide, Volume 1 — Naval EOD Technology Division, 2004, с. 94; GICHD — Explosive Ordnance Guide for Ukraine, Third Edition (2025), стр. 159: масса и габариты; GICHD — Explosive Ordnance Guide for Ukraine, Third Edition (2025), стр. 159: наполнение"
ordnance-v27-fab-500-m-62,ФАБ-500 М-62,AMMUNITION,air-munitions,yes,yes,"GICHD — Explosive Ordnance Guide for Ukraine, Third Edition (2025), стр. 160; Bomb FAB-500 M62 2008 G1 — Wikimedia Commons; GICHD — Explosive Ordnance Guide for Ukraine, Third Edition (2025), стр. 160: масса и габариты; GICHD — Explosive Ordnance Guide for Ukraine, Third Edition (2025), стр. 160: наполнение"
ordnance-v27-ofzab-500,ОФЗАБ-500,AMMUNITION,air-munitions,yes,yes,"GICHD — Explosive Ordnance Guide for Ukraine, Third Edition (2025), стр. 161; ОФЗАБ-500 - МАКС-2009 01 — Wikimedia Commons; GICHD — Explosive Ordnance Guide for Ukraine, Third Edition (2025), стр. 161: масса и габариты; GICHD — Explosive Ordnance Guide for Ukraine, Third Edition (2025), стр. 161: наполнение"
ordnance-v27-s-5ko-57-mm-raketa,С-5КО — 57-мм ракета,AMMUNITION,air-munitions,yes,yes,"GICHD — Explosive Ordnance Guide for Ukraine, Third Edition (2025), стр. 162; S-5MO-KO — Wikimedia Commons; GICHD — Explosive Ordnance Guide for Ukraine, Third Edition (2025), стр. 162: масса и габариты; GICHD — Explosive Ordnance Guide for Ukraine, Third Edition (2025), стр. 162: наполнение"
ordnance-v27-s-8ko-80-mm-raketa,С-8КО — 80-мм ракета,AMMUNITION,air-munitions,yes,yes,"GICHD — Explosive Ordnance Guide for Ukraine, Third Edition (2025), стр. 163; GICHD — Explosive Ordnance Guide for Ukraine, Third Edition (2025), стр. 163: масса и габариты; GICHD — Explosive Ordnance Guide for Ukraine, Third Edition (2025), PDF 163: справочные сведения"
ordnance-v27-s-24-240-mm-raketa,С-24 — 240-мм ракета,AMMUNITION,air-munitions,yes,yes,"GICHD — Explosive Ordnance Guide for Ukraine, Third Edition (2025), стр. 164; Wikimedia Commons: S-24B unguided missile in Park Patriot 01.jpg; GICHD — Explosive Ordnance Guide for Ukraine, Third Edition (2025), стр. 164: масса и габариты; GICHD — Explosive Ordnance Guide for Ukraine, Third Edition (2025), стр. 164: наполнение"
ordnance-v27-s-25-o,С-25-О,AMMUNITION,air-munitions,yes,yes,"GICHD — Explosive Ordnance Guide for Ukraine, Third Edition (2025), стр. 165; S-25 rocket — Wikimedia Commons; GICHD — Explosive Ordnance Guide for Ukraine, Third Edition (2025), стр. 165: масса и габариты; GICHD — Explosive Ordnance Guide for Ukraine, Third Edition (2025), PDF 165: справочные сведения"
ordnance-v27-umpb-d-30sn,УМПБ Д-30СН,AMMUNITION,air-munitions,yes,yes,"GICHD — Explosive Ordnance Guide for Ukraine, Third Edition (2025), стр. 166; GICHD — Explosive Ordnance Guide for Ukraine, Third Edition (2025), стр. 166: масса и габариты; GICHD — Explosive Ordnance Guide for Ukraine, Third Edition (2025), стр. 166: наполнение"
ordnance-v27-umpk-modul-planirovaniya-i-korrektsii,УМПК — модуль планирования и коррекции,AMMUNITION,air-munitions,yes,no,"GICHD — Explosive Ordnance Guide for Ukraine, Third Edition (2025), стр. 167; Wikimedia Commons: FAB-250 bomb with UMPK kit - 2024.jpg; GICHD — Explosive Ordnance Guide for Ukraine, Third Edition (2025), стр. 167: масса и габариты; GICHD — Explosive Ordnance Guide for Ukraine, Third Edition (2025), стр. 167: наполнение"
ordnance-v27-h-31p-kh-31-arm,Х-31П / Kh-31 ARM,AMMUNITION,air-munitions,yes,yes,"GICHD — Explosive Ordnance Guide for Ukraine, Third Edition (2025), стр. 168; Х-31П - МАКС-2009 01 — Wikimedia Commons; GICHD — Explosive Ordnance Guide for Ukraine, Third Edition (2025), стр. 168: масса и габариты; GICHD — Explosive Ordnance Guide for Ukraine, Third Edition (2025), PDF 168: справочные сведения"
ordnance-v27-brimstone,Brimstone,AMMUNITION,air-munitions,yes,yes,"GICHD — Explosive Ordnance Guide for Ukraine, Third Edition (2025), стр. 169; Wikimedia Commons: Brimstone missile at RAF Museum London.JPG; GICHD — Explosive Ordnance Guide for Ukraine, Third Edition (2025), стр. 169: масса и габариты; GICHD — Explosive Ordnance Guide for Ukraine, Third Edition (2025), стр. 169: наполнение"
ordnance-v27-gbu-39-sdb,GBU-39 SDB,AMMUNITION,air-munitions,yes,yes,"GICHD — Explosive Ordnance Guide for Ukraine, Third Edition (2025), стр. 170; Wikimedia Commons: Boeing GBU-39 Small Diameter Bomb.jpg; GICHD — Explosive Ordnance Guide for Ukraine, Third Edition (2025), стр. 170: масса и габариты; GICHD — Explosive Ordnance Guide for Ukraine, Third Edition (2025), стр. 170: наполнение"
ordnance-v27-mk-80-semeistvo-aviatsionnyh-bomb,Mk 80 — семейство авиационных бомб,AMMUNITION,air-munitions,yes,yes,"GICHD — Explosive Ordnance Guide for Ukraine, Third Edition (2025), стр. 171; Wikimedia Commons: Mk-82 xxl.jpg; GICHD — Explosive Ordnance Guide for Ukraine, Third Edition (2025), стр. 171: масса и габариты; GICHD — Explosive Ordnance Guide for Ukraine, Third Edition (2025), стр. 171: наполнение"
ordnance-v27-jdam,JDAM,AMMUNITION,air-munitions,yes,yes,"GICHD — Explosive Ordnance Guide for Ukraine, Third Edition (2025), стр. 172; Wikimedia Commons: GBU-31 xxl.jpg; GICHD — Explosive Ordnance Guide for Ukraine, Third Edition (2025), стр. 172: масса и габариты; GICHD — Explosive Ordnance Guide for Ukraine, Third Edition (2025), стр. 172: наполнение"
ordnance-v27-agm-88-harm,AGM-88 HARM,AMMUNITION,air-munitions,yes,yes,"GICHD — Explosive Ordnance Guide for Ukraine, Third Edition (2025), стр. 173; Wikimedia Commons: AGM-88 HARM on F-4G (cropped).jpg; GICHD — Explosive Ordnance Guide for Ukraine, Third Edition (2025), стр. 173: масса и габариты; GICHD — Explosive Ordnance Guide for Ukraine, Third Edition (2025), PDF 173: справочные сведения"
ordnance-v27-agm-154-jsow,AGM-154 JSOW,AMMUNITION,air-munitions,yes,yes,"GICHD — Explosive Ordnance Guide for Ukraine, Third Edition (2025), стр. 174; Wikimedia Commons: AGM-154 JSOW 01.jpg; GICHD — Explosive Ordnance Guide for Ukraine, Third Edition (2025), стр. 174: масса и габариты; GICHD — Explosive Ordnance Guide for Ukraine, Third Edition (2025), PDF 174: справочные сведения"
ordnance-v27-m-6-vzryvatel,М-6 — взрыватель,AMMUNITION,artillery-fuzes,yes,yes,"GICHD — Explosive Ordnance Guide for Ukraine, Third Edition (2025), стр. 236; Afghanistan Ordnance Identification Guide — Naval EOD Technology Division, 2004, физическая страница PDF 264; GICHD — Explosive Ordnance Guide for Ukraine, Third Edition (2025), стр. 236: масса и габариты; GICHD — Explosive Ordnance Guide for Ukraine, Third Edition (2025), PDF 236: M-6 — сверка наружных данных"
ordnance-v27-m-12-vzryvatel,М-12 — взрыватель,AMMUNITION,artillery-fuzes,yes,yes,"GICHD — Explosive Ordnance Guide for Ukraine, Third Edition (2025), стр. 237; Afghanistan Ordnance Identification Guide, Volume 1 — Naval EOD Technology Division, 2004, с. 278; GICHD — Explosive Ordnance Guide for Ukraine, Third Edition (2025), стр. 237: масса и габариты; GICHD — Explosive Ordnance Guide for Ukraine, Third Edition (2025), PDF 237: M-12 — сверка наружных данных"
ordnance-v27-gpv-3,ГПВ-3,AMMUNITION,artillery-fuzes,yes,no,"GICHD — Explosive Ordnance Guide for Ukraine, Third Edition (2025), стр. 239; GICHD — Explosive Ordnance Guide for Ukraine, Third Edition (2025), стр. 239: масса и габариты; GICHD — Explosive Ordnance Guide for Ukraine, Third Edition (2025), PDF 239: GPV-3 — сверка наружных данных"
ordnance-v27-t-7-vzryvatel,Т-7 — взрыватель,AMMUNITION,artillery-fuzes,yes,yes,"GICHD — Explosive Ordnance Guide for Ukraine, Third Edition (2025), стр. 241; Afghanistan Ordnance Identification Guide — Naval EOD Technology Division, 2004, физическая страница PDF 310; GICHD — Explosive Ordnance Guide for Ukraine, Third Edition (2025), стр. 241: масса и габариты; GICHD — Explosive Ordnance Guide for Ukraine, Third Edition (2025), PDF 241: T-7 — сверка наружных данных"
ordnance-v27-mrv,МРВ,AMMUNITION,artillery-fuzes,yes,yes,"GICHD — Explosive Ordnance Guide for Ukraine, Third Edition (2025), стр. 242; Afghanistan Ordnance Identification Guide, Volume 1 — Naval EOD Technology Division, 2004, с. 311; GICHD — Explosive Ordnance Guide for Ukraine, Third Edition (2025), стр. 242: масса и габариты; GICHD — Explosive Ordnance Guide for Ukraine, Third Edition (2025), PDF 242: MRV — сверка наружных данных"
ordnance-v27-tm-120-vzryvatel,ТМ-120 — взрыватель,AMMUNITION,artillery-fuzes,yes,yes,"GICHD — Explosive Ordnance Guide for Ukraine, Third Edition (2025), стр. 243; Iraq Ordnance Identification Guide — U.S. DoD Humanitarian Mine Action Program, физическая страница PDF 431; GICHD — Explosive Ordnance Guide for Ukraine, Third Edition (2025), стр. 243: масса и габариты; GICHD — Explosive Ordnance Guide for Ukraine, Third Edition (2025), PDF 243: TM-120 — сверка наружных данных"
ordnance-v27-atk-mt,АТК МТ,AMMUNITION,artillery-fuzes,yes,no,"GICHD — Explosive Ordnance Guide for Ukraine, Third Edition (2025), стр. 244; GICHD — Explosive Ordnance Guide for Ukraine, Third Edition (2025), стр. 244: масса и габариты; GICHD — Explosive Ordnance Guide for Ukraine, Third Edition (2025), PDF 244: ATK MT — сверка наружных данных"
ordnance-v27-avu,АВУ,AMMUNITION,artillery-fuzes,yes,yes,"GICHD — Explosive Ordnance Guide for Ukraine, Third Edition (2025), стр. 245; Afghanistan Ordnance Identification Guide, Volume 1 — Naval EOD Technology Division, 2004, с. 295; GICHD — Explosive Ordnance Guide for Ukraine, Third Edition (2025), стр. 245: масса и габариты; GICHD — Explosive Ordnance Guide for Ukraine, Third Edition, 2025, стр. 245"
ordnance-v27-a-670m,А-670М,AMMUNITION,artillery-fuzes,yes,yes,"GICHD — Explosive Ordnance Guide for Ukraine, Third Edition (2025), стр. 247; Afghanistan Ordnance Identification Guide, Volume 1 — Naval EOD Technology Division, 2004, с. 242; GICHD — Explosive Ordnance Guide for Ukraine, Third Edition (2025), стр. 247: масса и габариты; GICHD — Explosive Ordnance Guide for Ukraine, Third Edition (2025), PDF 247: A-670M — сверка наружных данных"
ordnance-v27-9e246m,9Э246М,AMMUNITION,artillery-fuzes,yes,no,"GICHD — Explosive Ordnance Guide for Ukraine, Third Edition (2025), стр. 248; GICHD — Explosive Ordnance Guide for Ukraine, Third Edition, 2025, стр. 248"
ordnance-v27-9e272,9Э272,AMMUNITION,artillery-fuzes,yes,no,"GICHD — Explosive Ordnance Guide for Ukraine, Third Edition (2025), стр. 249; GICHD — Explosive Ordnance Guide for Ukraine, Third Edition, 2025, стр. 249"
ordnance-v27-go-2,ГО-2,AMMUNITION,artillery-fuzes,yes,yes,"GICHD — Explosive Ordnance Guide for Ukraine, Third Edition (2025), стр. 250; Afghanistan Ordnance Identification Guide, Volume 1 — Naval EOD Technology Division, 2004, с. 273; GICHD — Explosive Ordnance Guide for Ukraine, Third Edition (2025), стр. 250: масса и габариты; GICHD — Explosive Ordnance Guide for Ukraine, Third Edition (2025), PDF 250: GO-2 — сверка наружных данных"
ordnance-v27-dtm-75,ДТМ-75,AMMUNITION,artillery-fuzes,yes,yes,"GICHD — Explosive Ordnance Guide for Ukraine, Third Edition (2025), стр. 251; GICHD — Explosive Ordnance Guide for Ukraine, Third Edition (2025), стр. 251: масса и габариты; GICHD — Explosive Ordnance Guide for Ukraine, Third Edition (2025), PDF 251: DTM-75 — сверка наружных данных"
ordnance-v27-m-5m-vzryvatel,М-5М — взрыватель,AMMUNITION,artillery-fuzes,yes,yes,"GICHD — Explosive Ordnance Guide for Ukraine, Third Edition (2025), стр. 252; Afghanistan Ordnance Identification Guide, Volume 1 — Naval EOD Technology Division, 2004, с. 278; GICHD — Explosive Ordnance Guide for Ukraine, Third Edition (2025), стр. 252: масса и габариты; GICHD — Explosive Ordnance Guide for Ukraine, Third Edition (2025), PDF 252: M-5M — сверка наружных данных"
ordnance-v27-t90-vzryvatel,Т90 — взрыватель,AMMUNITION,artillery-fuzes,yes,yes,"GICHD — Explosive Ordnance Guide for Ukraine, Third Edition (2025), стр. 254; GICHD — Explosive Ordnance Guide for Ukraine, Third Edition (2025), стр. 254: масса и габариты; GICHD — Explosive Ordnance Guide for Ukraine, Third Edition (2025), PDF 254: T90 — сверка наружных данных"
ordnance-v27-v-24a,В-24А,AMMUNITION,artillery-fuzes,yes,yes,"GICHD — Explosive Ordnance Guide for Ukraine, Third Edition (2025), стр. 255; Afghanistan Ordnance Identification Guide, Volume 1 — Naval EOD Technology Division, 2004, с. 318; GICHD — Explosive Ordnance Guide for Ukraine, Third Edition (2025), стр. 255: масса и габариты; GICHD — Explosive Ordnance Guide for Ukraine, Third Edition (2025), PDF 255: V-24A — сверка наружных данных"
ordnance-v27-rv-25,РВ-25,AMMUNITION,artillery-fuzes,yes,yes,"GICHD — Explosive Ordnance Guide for Ukraine, Third Edition (2025), стр. 256; GICHD — Explosive Ordnance Guide for Ukraine, Third Edition (2025), стр. 256: масса и габариты; GICHD — Explosive Ordnance Guide for Ukraine, Third Edition (2025), PDF 256: RV-25 — сверка наружных данных"
ordnance-v27-vp-7m,ВП-7М,AMMUNITION,artillery-fuzes,yes,yes,"GICHD — Explosive Ordnance Guide for Ukraine, Third Edition (2025), стр. 257; GICHD — Explosive Ordnance Guide for Ukraine, Third Edition (2025), стр. 257: масса и габариты; GICHD — Explosive Ordnance Guide for Ukraine, Third Edition (2025), PDF 257: VP-7M — сверка наружных данных"
ordnance-v27-vp-22,ВП-22,AMMUNITION,artillery-fuzes,yes,yes,"GICHD — Explosive Ordnance Guide for Ukraine, Third Edition (2025), стр. 258; Afghanistan Ordnance Identification Guide, Volume 1 — Naval EOD Technology Division, 2004, с. 234; GICHD — Explosive Ordnance Guide for Ukraine, Third Edition (2025), стр. 258: масса и габариты; GICHD — Explosive Ordnance Guide for Ukraine, Third Edition (2025), PDF 258: VP-22 — сверка наружных данных"
ordnance-v27-v5-k,В5-К,AMMUNITION,artillery-fuzes,yes,yes,"GICHD — Explosive Ordnance Guide for Ukraine, Third Edition (2025), стр. 259; Afghanistan Ordnance Identification Guide, Volume 1 — Naval EOD Technology Division, 2004, с. 266; GICHD — Explosive Ordnance Guide for Ukraine, Third Edition (2025), стр. 259: масса и габариты; GICHD — Explosive Ordnance Guide for Ukraine, Third Edition (2025), PDF 259: V5-K — сверка наружных данных"
ordnance-v27-ralec-f3,RALEC F3,AMMUNITION,artillery-fuzes,yes,yes,"GICHD — Explosive Ordnance Guide for Ukraine, Third Edition (2025), стр. 260; GICHD — Explosive Ordnance Guide for Ukraine, Third Edition (2025), стр. 260: масса и габариты; GICHD — Explosive Ordnance Guide for Ukraine, Third Edition (2025), PDF 260: RALEC F3 — сверка наружных данных"
ordnance-v27-kz-984,KZ 984,AMMUNITION,artillery-fuzes,yes,yes,"GICHD — Explosive Ordnance Guide for Ukraine, Third Edition (2025), стр. 261; GICHD — Explosive Ordnance Guide for Ukraine, Third Edition (2025), стр. 261: масса и габариты; GICHD — Explosive Ordnance Guide for Ukraine, Third Edition (2025), PDF 261: KZ 984 — сверка наружных данных"
ordnance-v27-m-49-minometnyi-vzryvatel,M/49 — миномётный взрыватель,AMMUNITION,artillery-fuzes,yes,no,"GICHD — Explosive Ordnance Guide for Ukraine, Third Edition (2025), стр. 262; GICHD: Explosive Ordnance Guide for Ukraine, Third Edition, стр. 262 — M/49, прочитана таблица"
ordnance-v27-m557,M557,AMMUNITION,artillery-fuzes,yes,yes,"GICHD — Explosive Ordnance Guide for Ukraine, Third Edition (2025), стр. 263; Afghanistan Ordnance Identification Guide, Volume 1 — Naval EOD Technology Division, 2004, с. 297; GICHD — Explosive Ordnance Guide for Ukraine, Third Edition (2025), стр. 263: масса и габариты; GICHD — Explosive Ordnance Guide for Ukraine, Third Edition (2025), PDF 263: M557 — сверка наружных данных"
ordnance-v27-ms-4,МС-4,AMMUNITION,mines-antipersonnel,yes,yes,"GICHD — Explosive Ordnance Guide for Ukraine, Third Edition (2025), стр. 269; Пользовательское изображение — аннотированная справочная фотография МС-4; GICHD — Explosive Ordnance Guide for Ukraine, Third Edition (2025), стр. 269: масса и габариты; GICHD — Explosive Ordnance Guide for Ukraine, Third Edition (2025), PDF / печатная с. 269"
ordnance-v27-kz-6,КЗ-6,AMMUNITION,charges,yes,yes,"GICHD, Explosive Ordnance Guide for Ukraine, 3rd ed., с. 274; GICHD — Explosive Ordnance Guide for Ukraine, Third Edition (2025), PDF / печатная с. 274"
ordnance-v27-md-5m,МД-5М,AMMUNITION,detonators-nonelectric,yes,yes,"GICHD, Explosive Ordnance Guide for Ukraine, 3rd ed., с. 275; GICHD — Explosive Ordnance Guide for Ukraine, Third Edition (2025), PDF / печатная с. 275"
ordnance-v27-initsiator-nm,Инициатор НМ,AMMUNITION,detonators-electronic,yes,no,"GICHD, Explosive Ordnance Guide for Ukraine, 3rd ed., с. 277; GICHD — Explosive Ordnance Guide for Ukraine, Third Edition (2025), PDF / печатная с. 277"
ordnance-v27-nvu-pm-vp-13,НВУ-ПМ / ВП-13,AMMUNITION,mine-fuzes,yes,yes,"GICHD, Explosive Ordnance Guide for Ukraine, 3rd ed., с. 278; GICHD — Explosive Ordnance Guide for Ukraine, Third Edition (2025), PDF / печатная с. 278"
ordnance-v27-sm-320,СМ-320,AMMUNITION,mines-special,yes,yes,"GICHD — Explosive Ordnance Guide for Ukraine, Third Edition (2025), стр. 279; GICHD — Explosive Ordnance Guide for Ukraine, Third Edition (2025), стр. 279: масса и габариты; GICHD — Explosive Ordnance Guide for Ukraine, Third Edition (2025), PDF / печатная с. 279"
ordnance-v27-sz-6,СЗ-6,AMMUNITION,charges,yes,yes,"GICHD, Explosive Ordnance Guide for Ukraine, 3rd ed., с. 280; GICHD — Explosive Ordnance Guide for Ukraine, Third Edition (2025), PDF / печатная с. 280"
ordnance-v27-oz-1,ОЗ-1,AMMUNITION,charges,yes,yes,"GICHD, Explosive Ordnance Guide for Ukraine, 3rd ed., с. 281; GICHD — Explosive Ordnance Guide for Ukraine, Third Edition (2025), PDF / печатная с. 281"
ordnance-v27-pmfc-1-kuba,PMFC-1 (Куба),AMMUNITION,mines-antipersonnel,yes,no,"Landmine Monitor 1999, Cuba: PMFC-1; JMU/CISR — Munitions Reference Guide, PMFC-1; Повторная проверка модели и визуалов; фото не подтверждено; Повторная проверка модели и визуалов; точное фото не подтверждено; Повторная проверка в русскоязычном сегменте; точное фото не подтверждено; CAT-UXO — Stockmine / Cuban PMFC-1 copy; JMU / CISR, Munitions Reference Guide: собственная строка модели"
ordnance-v27-pmfh-1-kuba,PMFH-1 (Куба),AMMUNITION,mines-antipersonnel,yes,yes,"Landmine Monitor 1999, Cuba: PMFH-1; JMU / CISR, Munitions Reference Guide: собственная строка модели"
ordnance-v27-pmm-1-kuba,PMM-1 (Куба),AMMUNITION,mines-antipersonnel,yes,yes,"Landmine Monitor 1999, Cuba: PMM-1; Повторная проверка модели и визуалов; фото не подтверждено; Повторная проверка модели и визуалов; точное фото не подтверждено; Повторная проверка в русскоязычном сегменте; точное фото не подтверждено; JMU / CISR, Munitions Reference Guide: собственная строка модели"
ordnance-v27-m57-app-m57-kuba,M57 (Куба),AMMUNITION,mines-antipersonnel,yes,no,"Landmine Monitor 1999, Cuba: M57 in Angola; Повторная проверка модели и визуалов; фото не подтверждено; Повторная проверка модели и визуалов; точное фото не подтверждено; Повторная проверка в русскоязычном сегменте; точное фото не подтверждено; Landmine Monitor Report 1999, Cuba, Transfer: собственное упоминание M57"
ordnance-v30-app-m57-kndr,APP M57 (КНДР),AMMUNITION,mines-antipersonnel,yes,yes,"Landmine Monitor: производство APP M-57 в КНДР; HALO Land Mines Identification Guide; Landmine Monitor — North Korea mine ban policy; JMU CISR — Munitions Reference Guide; Landmine Monitor — APP M-57 как производство КНДР; HALO Land Mines Identification Guide — APP M-57; European Commission / JRC — Metal Detector Handbook for Humanitarian Demining (2003), Annex C, печатная с. 152 / PDF 154"
ordnance-v27-mm1-myanma,MM1 (Мьянма),AMMUNITION,mines-antipersonnel,yes,no,"Landmine Monitor, Myanmar: production and mine types, MM1; ICBL-CMC Monitor: Myanmar/Burma, Production, transfer and stockpiling; перечень и примечание 14"
ordnance-v27-mm2-myanma,MM2 (Мьянма),AMMUNITION,mines-antipersonnel,yes,no,"Landmine Monitor, Myanmar: production and mine types, MM2; ICBL-CMC Monitor: Myanmar/Burma, Production, transfer and stockpiling; перечень и примечание 14"
ordnance-v27-mm5-myanma,MM5 (Мьянма),AMMUNITION,mines-antipersonnel,yes,no,"Landmine Monitor, Myanmar: production and mine types, MM5; ICBL-CMC Monitor: Myanmar/Burma, Production, transfer and stockpiling; перечень и примечание 14"
ordnance-v27-mm6-myanma,MM6 (Мьянма),AMMUNITION,mines-antipersonnel,yes,no,"Landmine Monitor, Myanmar: production and mine types, MM6; ICBL-CMC Monitor: Myanmar/Burma, Production, transfer and stockpiling; перечень и примечание 14"
ordnance-v27-alcm-82-alcm-83-kndr,ALCM-82 / ALCM-83 (КНДР),AMMUNITION,mines-antiland,yes,no,"JMU CISR, Munitions Reference Guide: ALCM-82 heading / ALCM-83 text; JMU / CISR, Munitions Reference Guide: собственная строка модели"
ordnance-v27-atm-41-kndr,ATM-41 (КНДР),AMMUNITION,mines-antitank,yes,yes,"JMU CISR, Munitions Reference Guide, ATM-41; Повторная проверка модели и визуалов; фото не подтверждено; Повторная проверка модели и визуалов; точное фото не подтверждено; Повторная проверка в русскоязычном сегменте; точное фото не подтверждено; Wikimedia Commons — TM-41 ORDATA photograph; JMU / CISR, Munitions Reference Guide: собственная строка модели"
ordnance-v27-atm-44-kndr,ATM-44 (КНДР),AMMUNITION,mines-antitank,yes,yes,"JMU CISR, Munitions Reference Guide, ATM-44; HRW, memorandum 2001; Повторная проверка модели и визуалов; фото не подтверждено; Повторная проверка модели и визуалов; точное фото не подтверждено; Повторная проверка в русскоязычном сегменте; точное фото не подтверждено; HALO Trust — Land Mines Identification Guide, TMD-44; Human Rights Watch, Memorandum for CCW Review Conference, 2001, таблица мин; JMU / CISR, Munitions Reference Guide: собственная строка модели"
ordnance-v27-atm-46-kndr,ATM-46 (КНДР),AMMUNITION,mines-antitank,yes,yes,"JMU CISR, Munitions Reference Guide, ATM-46; Повторная проверка модели и визуалов; фото не подтверждено; Повторная проверка модели и визуалов; точное фото не подтверждено; Русскоязычная перепроверка; точное фото не подтверждено; Wikimedia Commons — TM-46, US DoD photograph; JMU / CISR, Munitions Reference Guide: собственная строка модели"
ordnance-v27-atm-46n-kndr,ATM-46N (КНДР),AMMUNITION,mines-antitank,yes,yes,"JMU CISR, Munitions Reference Guide, ATM-46N; Повторная проверка модели и визуалов; фото не подтверждено; Повторная проверка модели и визуалов; точное фото не подтверждено; Русскоязычная перепроверка; точное фото не подтверждено; IMFDB — TMN-46 marked training specimen; JMU / CISR, Munitions Reference Guide: собственная строка модели"
ordnance-v27-atm-72-kndr,ATM-72 (КНДР),AMMUNITION,mines-antitank,yes,yes,"JMU CISR, Munitions Reference Guide, ATM-72; Wikimedia Commons — ATM-72 antitank mine (MCIA handbook); JMU / CISR, Munitions Reference Guide: собственная строка модели"
ordnance-v27-atm-6-kndr,ATM-6 (Австрия),AMMUNITION,mines-antivehicle,yes,yes,"JMU CISR, Munitions Reference Guide, ATM-6; METIS — ATM-6; Iraq Ordnance Identification Guide — U.S. DoD Humanitarian Mine Action Program, физическая страница PDF 596; NAVEODTECHDIV — Iraq Ordnance Identification Guide (2004), land, PDF 22: ATM-6"
ordnance-v27-atm-7-kndr,ATM-7 (Австрия),AMMUNITION,mines-antivehicle,yes,yes,"JMU CISR, Munitions Reference Guide, ATM-7; Military Periscope — ATM-7 overview; JMU / CISR, Munitions Reference Guide: собственная строка модели"
ordnance-v27-100-mm-at-mine-vetnam,100-mm AT Mine (Вьетнам),AMMUNITION,mines-antitank,yes,yes,"JMU CISR, Munitions Reference Guide, 100-MM; Повторная проверка модели и визуалов; фото не подтверждено; Повторная проверка модели и визуалов; точное фото не подтверждено; Русскоязычная перепроверка; точное фото не подтверждено; JMU / CISR, Munitions Reference Guide: собственная строка модели"
ordnance-v27-150-mm-at-mine-vetnam,150-mm AT Mine (Вьетнам),AMMUNITION,mines-antitank,yes,yes,"JMU CISR, Munitions Reference Guide, 150-MM; Повторная проверка модели и визуалов; фото не подтверждено; Повторная проверка модели и визуалов; точное фото не подтверждено; Русскоязычная перепроверка; точное фото не подтверждено; JMU / CISR, Munitions Reference Guide: собственная строка модели"
ordnance-v27-200-mm-at-mine-vetnam,200-mm AT Mine (Вьетнам),AMMUNITION,mines-antitank,yes,no,"JMU CISR, Munitions Reference Guide, 200-MM; Повторная проверка модели и визуалов; фото не подтверждено; Повторная проверка модели и визуалов; точное фото не подтверждено; Русскоязычная перепроверка; точное фото не подтверждено; JMU / CISR, Munitions Reference Guide: собственная строка модели"
ordnance-v27-model-1948-ap-mine-vetnam,Model 1948 AP Mine (Вьетнам),AMMUNITION,mines-antipersonnel,yes,no,"JMU CISR, Munitions Reference Guide, 1948 APERS LANDMINE; JMU / CISR, Munitions Reference Guide: собственная строка модели"
ordnance-v27-min-grenade-shaped-vetnam,MIN grenade-shaped (Вьетнам),AMMUNITION,mines-antipersonnel,yes,yes,"JMU CISR, Munitions Reference Guide, MIN (grenade shaped); Точное фото найдено; перенос не выполнен из-за неустановленных прав; JMU / CISR, Munitions Reference Guide: собственная строка модели"
ordnance-v27-ym-ii-iran,YM-II (Иран),AMMUNITION,mines-antitank,yes,no,"JMU CISR, Munitions Reference Guide, YM II; Afghanistan Ordnance Identification Guide — Naval EOD Technology Division, 2004, физическая страница PDF 139; NAVEODTECHDIV — Iraq Ordnance Identification Guide (2004), land, PDF 26: YM-II"
ordnance-v27-ym-iii-ym-3-iran,YM-III / YM-3 (Иран),AMMUNITION,mines-antitank,yes,no,"JMU CISR, Munitions Reference Guide, YM-III (YM-3); Iraq Ordnance Identification Guide — U.S. DoD Humanitarian Mine Action Program, физическая страница PDF 604; NAVEODTECHDIV — Iraq Ordnance Identification Guide (2004), land, PDF 30: YM-III"
ordnance-v27-ym-4-iran,YM-4 (Иран),AMMUNITION,mines-antipersonnel,yes,yes,"Landmine Monitor: YM-IV в экспортном буклете Iran Ammunition Industries; Afghanistan Mine Ban Treaty Article 7 Report: Mine YM4; CAT-UXO: Iranian YM-4 / YM-IV; MINDEX / Ministry of Defence export center: YM-IV, собственная колонка паспорта изделия"
ordnance-v27-km14-respublika-koreya,KM14 (Республика Корея),AMMUNITION,mines-antipersonnel,yes,yes,"Koryo Pyrotechnics: учебная KM14; U.S. Army FM 20-32: M14 — справочные характеристики прототипа; Koryo Pyrotechnics — учебный корпус KM14, заводские спецификации"
ordnance-v27-km16-respublika-koreya,KM16 (Республика Корея),AMMUNITION,mines-antipersonnel,yes,yes,"US Marine Forces Pacific — ROK KM16 practice mine (2024); Wikimedia Commons — ROK KM16 anti-personnel practice mine (USMC); Koryo Pyrotechnics: учебная KM16; Koryo Pyrotechnics — учебный корпус KM16, заводские спецификации"
ordnance-v27-km18a1-respublika-koreya,KM18A1 (Республика Корея),AMMUNITION,mines-antipersonnel,yes,no,"Landmine Monitor 2001: производство KM18A1; Повторная проверка модели и визуалов; фото не подтверждено; Koryo Pyrotechnics: учебная KM18A1 — корейская спецификация; Русскоязычная перепроверка; точное фото не подтверждено; Koryo Pyrotechnics: учебная KM18A1 — английская спецификация; Koryo Pyrotechnics — учебный KM18A1, корейская версия; Koryo Pyrotechnics — Mine, Claymore, Practice KM18A1, английская версия"
ordnance-v27-z-001m-armeniya,Z-001M (Армения),AMMUNITION,mines-antipersonnel,yes,no,"Landmine Monitor: Armenia — производство и атрибуция мин; CAT-UXO: Z-001M — техническая карточка; Monitor: собственное исследование Mine Ban Policy — Armenia, редакция 21.11.2025; обсуждение PMN-E"
ordnance-v27-pmn-e-armeniya,ПМН-Э (Армения),AMMUNITION,mines-antipersonnel,yes,no,"Landmine Monitor, Armenia: unresolved origin of PMN-E; ICBL-CMC Monitor: Armenia, собственный раздел PMN-E; обновление 21.11.2025"
ordnance-v27-p3-jumping-pakistan,P3 Jumping (Пакистан),AMMUNITION,mines-antipersonnel,yes,no,"Landmine Monitor, Pakistan: P3 Jumping in reported stockpile destruction; Повторная проверка модели и визуалов; фото не подтверждено; Повторная проверка модели и визуалов; точное фото не подтверждено; Русскоязычная перепроверка; точное фото не подтверждено; Иностранные мины 1 — P3 Mk2, PDF-стр. 49; ICBL-CMC Monitor: Pakistan, примечание 50 к календарному 2016 году; сопоставление с предоставленной книгой"
ordnance-v27-udm-3-oboznachenie-ne-podtverzhdeno,УДМ-3,AMMUNITION,audit-candidates,yes,no,Оборонпром — исторический перечень разработок предприятия; Повторная проверка модели и визуалов; фото не подтверждено; Повторная проверка модели и визуалов; точное фото не подтверждено; Русскоязычная перепроверка; точное фото не подтверждено
ordnance-v27-prm-2m-oboznachenie-ne-podtverzhdeno,ПРМ-2М,AMMUNITION,audit-candidates,yes,no,"Оборонпром — исторический перечень разработок предприятия; Повторная проверка модели и визуалов; фото не подтверждено; Повторная проверка модели и визуалов; точное фото не подтверждено; Русскоязычная перепроверка; точное фото не подтверждено; Allmines: подтверждённая ПРМ — отдельная модель, не доказательство ПРМ-2М"
ordnance-v27-krab-m-oboznachenie-ne-podtverzhdeno,КРАБ-М,AMMUNITION,audit-candidates,yes,no,"Оборонпром — исторический перечень разработок предприятия; Повторная проверка модели и визуалов; фото не подтверждено; Повторная проверка модели и визуалов; точное фото не подтверждено; Русскоязычная перепроверка; точное фото не подтверждено; Allmines: КБ-КРАБ — отдельная модель, не доказательство КРАБ-М"
ordnance-v29-ga-0001,155 mm BAE artillery family,AMMUNITION,artillery,yes,yes,"BAE Systems — 155mm Artillery Ammunition; BAE Systems — 155mm Artillery Ammunition (February 2026), PDF 3: справочные сведения"
ordnance-v29-ga-0002,Assegai 155 мм HE,AMMUNITION,artillery,yes,yes,"Rheinmetall — Assegai projectile suite, 3 июля 2025 г.; Точный внешний визуал; права на перенос в APK не подтверждены; Rheinmetall — Assegai projectile family (July 2021), PDF 3: справочные сведения"
ordnance-v29-ga-0003,Assegai 155 мм illumination,AMMUNITION,artillery,yes,yes,"Rheinmetall — Assegai projectile suite, 3 июля 2025 г.; Точный внешний визуал; права на перенос в APK не подтверждены; Rheinmetall — Assegai projectile family (July 2021), PDF 3: справочные сведения; Rheinmetall: Assegai projectile family, B171e07.21, PDF 3 — общая физическая таблица BT/BB"
ordnance-v29-ga-0004,Assegai 155 мм IR illumination,AMMUNITION,artillery,yes,yes,"Rheinmetall — Assegai projectile suite, 3 июля 2025 г.; Точный внешний визуал; права на перенос в APK не подтверждены; Rheinmetall — Assegai projectile family (July 2021), PDF 3: справочные сведения; Rheinmetall: Assegai projectile family, B171e07.21, PDF 3 — общая физическая таблица BT/BB"
ordnance-v29-ga-0005,Assegai 155 мм PFF,AMMUNITION,artillery,yes,yes,"Rheinmetall — Assegai projectile suite, 3 июля 2025 г.; Rheinmetall — Assegai projectile family (July 2021), PDF 3: справочные сведения; Rheinmetall: Assegai projectile family, B171e07.21, PDF 3 — общая физическая таблица BT/BB"
ordnance-v29-ga-0006,Assegai 155 мм smoke,AMMUNITION,artillery,yes,yes,"Rheinmetall — Assegai projectile suite, 3 июля 2025 г.; Повторная проверка модели и визуалов; фото не подтверждено; Повторная проверка модели и визуалов; точное фото не подтверждено; FMV — артиллерийские боеприпасы семейства Assegai; Rheinmetall — Assegai projectile family (July 2021), PDF 3: справочные сведения; Rheinmetall: Assegai projectile family, B171e07.21, PDF 3 — общая физическая таблица BT/BB"
ordnance-v29-ga-0007,Assegai 155 мм V-LAP,AMMUNITION,artillery,yes,yes,"Rheinmetall — Assegai projectile suite, 3 июля 2025 г.; Rheinmetall — Assegai projectile family (July 2021), PDF 3: справочные сведения"
ordnance-v29-ga-0008,M107A3,AMMUNITION,artillery,yes,yes,"Elbit Systems — M107A3 155 mm HE Projectile; Заводской паспорт m107-a3, PDF 2: справочные сведения"
ordnance-v29-ga-0009,M150 smoke,AMMUNITION,artillery,yes,yes,"Elbit Systems — M150 155 mm HC Smoke Projectile; Заводской паспорт m150, PDF 2: справочные сведения"
ordnance-v29-ga-0010,M401,AMMUNITION,artillery,yes,yes,"Elbit Systems, Artillery Ammunition Portfolio: M401; Elbit Systems — Artillery Ammunition Portfolio (2019), PDF 4: справочные сведения"
ordnance-v29-ga-0011,M454,AMMUNITION,artillery,yes,yes,"Elbit Systems — M454 155 mm HE-S Projectile; Заводской паспорт m454, PDF 2: справочные сведения"
ordnance-v29-ga-0012,M481,AMMUNITION,artillery,yes,yes,"Elbit Systems — M481 155 mm HE-ER Projectile; Заводской паспорт m481, PDF 2: справочные сведения"
ordnance-v29-ga-0013,M482,AMMUNITION,artillery,yes,yes,"Elbit Systems — M482 155 mm HE-ER Projectile; Заводской паспорт m482, PDF 2: справочные сведения"
ordnance-v29-ga-0015,M662 — модульный метательный заряд,AMMUNITION,charges,yes,yes,"Elbit Systems — M662 155 mm Modular Charge System; Elbit Systems — M662 UMACS, заводская брошюра, стр. 2, Technical Data"
ordnance-v29-ga-0016,T82M — артиллерийский капсюль,AMMUNITION,primers,yes,yes,"Elbit Systems — T82M Primer for 155 mm Artillery; Elbit Systems — M82T, полученная заводская брошюра, страница 2"
ordnance-v29-ga-0017,M910 — артиллерийский взрыватель,AMMUNITION,artillery-fuzes,yes,yes,"Elbit Systems — M910 Electronic Time Fuze; Elbit Systems — M910, полученная заводская брошюра, страница 2"
ordnance-v29-ga-0018,M920 — артиллерийский взрыватель,AMMUNITION,artillery-fuzes,yes,yes,"Elbit Systems — M920 Electronic Point-Detonating Fuze; Elbit Systems — M920, полученная заводская брошюра, страница 2"
ordnance-v29-ga-0019,M950 — артиллерийский взрыватель,AMMUNITION,artillery-fuzes,yes,yes,"Elbit Systems — M950 Multifunction Electronic Fuze; Elbit Systems — M950, полученная заводская брошюра, страница 2"
ordnance-v29-ga-0020,155 мм HE,AMMUNITION,artillery,yes,yes,"Nammo Ammunition Handbook 2024, с. 121 — 155 mm HE; Nammo — Ammunition Handbook, Edition 7 (August 2024), стр. 121"
ordnance-v29-ga-0021,155 мм HE-ER,AMMUNITION,artillery,yes,yes,"Nammo — 155 mm High Explosive Extended Range; Nammo — Ammunition Handbook, Edition 7 (August 2024), стр. 119"
ordnance-v29-ga-0022,155 мм IM HE-ER,AMMUNITION,artillery,yes,yes,"Nammo — 155 mm IM High Explosive Extended Range; Nammo — Ammunition Handbook, Edition 7 (August 2024), стр. 118"
ordnance-v29-ga-0023,155 мм TP-ER,AMMUNITION,artillery,yes,yes,"Nammo — 155 mm Target Practice Extended Range; Nammo — Ammunition Handbook, Edition 7 (August 2024), стр. 120"
ordnance-v29-ga-0024,OFdMKM BB,AMMUNITION,artillery,yes,yes,"Dezamet — 155 mm Artillery Ammunition; Dezamet — каталог производителя, PDF 1: справочные сведения"
ordnance-v29-ga-0025,OFdMKM HB,AMMUNITION,artillery,yes,yes,"Dezamet — 155 mm Artillery Ammunition; Dezamet — каталог производителя, PDF 1: справочные сведения"
ordnance-v29-ga-0026,155 mm ZVS family,AMMUNITION,artillery,yes,yes,"MSM Group, ZVS holding: история и ассортимент; MSM Group / ZVS — 155 mm HE MKM, заводская таблица; MSM Group / ZVS — 155 mm HE MKM-DV, заводская таблица; MSM Group / ZVS — 155 mm HE M3, заводская таблица; MSM Group / ZVS — 155 mm HE M3-DV, заводская таблица"
ordnance-v29-ga-0027,105 мм M1,AMMUNITION,artillery,yes,yes,"TM 43-0001-28, Army Ammunition Data Sheets (1994, с последующими поправками); TM 43-0001-28 — Army Ammunition Data Sheets; Армия США — TM 43-0001-28 (1994), печатная с. 3-9: масса и длина; US Army — TM 43-0001-28 (April 1994, с поправками по Change 11), стр. 3-9–3-10, 105 mm M1 HE"
ordnance-v29-ga-0028,105 мм M1130 PFF,AMMUNITION,artillery,yes,yes,"U.S. Army JPEO A&A, Portfolio Book 2025; U.S. Army JPEO A&A — Portfolio Book 2025, CAS-12, PDF 39: физические характеристики и наполнение"
ordnance-v29-ga-0029,105 мм M913,AMMUNITION,artillery,yes,yes,"TM 43-0001-28, Army Ammunition Data Sheets (1994, с последующими поправками); TM 43-0001-28 — Army Ammunition Data Sheets; Армия США — TM 43-0001-28 (1994), печатная с. 3-65: масса и длина; Армия США — TM 43-0001-28 (28 April 1994; Change 11, 27 October 2003), печатная 3-65 и следующая страница (PDF 270–271): наполнение и внешние параметры"
ordnance-v29-ga-0030,105 мм M927,AMMUNITION,artillery,yes,yes,"TM 43-0001-28, Army Ammunition Data Sheets (1994, с последующими поправками); TM 43-0001-28 — Army Ammunition Data Sheets; US Army — TM 43-0001-28, стр. 3-68.1–3-68.2; US Army — JPEOAA Portfolio Book 2025, CAS-14, лист PDF 41"
ordnance-v29-ga-0031,105 мм PGU-44/B,AMMUNITION,artillery,yes,yes,"U.S. Army JPEO A&A, Portfolio Book 2025; U.S. Army JPEO A&A — Portfolio Book 2025, CAS-16, PDF 43: физические характеристики и наполнение"
ordnance-v29-ga-0032,105 мм PGU-45/B,AMMUNITION,artillery,yes,yes,"U.S. Army JPEO A&A, Portfolio Book 2025; U.S. Army JPEO A&A — Portfolio Book 2025, CAS-16, PDF 43: физические характеристики и наполнение"
ordnance-v29-ga-0034,105 мм M314,AMMUNITION,artillery,yes,yes,"TM 43-0001-28 — Army Ammunition Data Sheets; Армия США — TM 43-0001-28 (1994), печатная с. 3-33: масса и длина; Армия США — TM 43-0001-28 (28 April 1994; Change 11, 27 October 2003), печатная 3-33 и следующая страница (PDF 238–239): наполнение и внешние параметры"
ordnance-v29-ga-0035,105 мм M314A2,AMMUNITION,artillery,yes,yes,"TM 43-0001-28 — Army Ammunition Data Sheets; Армия США — TM 43-0001-28 (1994), печатная с. 3-33: масса и длина; Армия США — TM 43-0001-28 (28 April 1994; Change 11, 27 October 2003), печатная 3-33 и следующая страница (PDF 238–239): наполнение и внешние параметры"
ordnance-v29-ga-0036,105 мм M314A3,AMMUNITION,artillery,yes,yes,"TM 43-0001-28 — Army Ammunition Data Sheets; Армия США — TM 43-0001-28 (1994), печатная с. 3-37: масса и длина; US Army — JPEOAA Portfolio Book 2025, CAS-10, лист PDF 37"
ordnance-v29-ga-0037,105 мм M327,AMMUNITION,artillery,yes,yes,"TM 43-0001-28 — Army Ammunition Data Sheets; Армия США — TM 43-0001-28 (1994), печатная с. 3-41: масса и длина; Армия США — TM 43-0001-28 (28 April 1994; Change 11, 27 October 2003), печатная 3-41 и следующая страница (PDF 246–247): наполнение и внешние параметры"
ordnance-v29-ga-0038,105 мм M413,AMMUNITION,artillery,yes,yes,"TM 43-0001-28 — Army Ammunition Data Sheets; Армия США — TM 43-0001-28 (1994), печатная с. 3-49: масса и длина; Армия США — TM 43-0001-28 (28 April 1994; Change 11, 27 October 2003), печатная 3-49 и следующая страница (PDF 254–255): наполнение и внешние параметры"
ordnance-v29-ga-0039,105 мм M444,AMMUNITION,artillery,yes,yes,"TM 43-0001-28 — Army Ammunition Data Sheets; Армия США — TM 43-0001-28 (1994), печатная с. 3-53: масса и длина; Армия США — TM 43-0001-28 (28 April 1994; Change 11, 27 October 2003), печатная 3-53 и следующая страница (PDF 258–259): наполнение и внешние параметры"
ordnance-v29-ga-0040,105 мм M546,AMMUNITION,artillery,yes,yes,"TM 43-0001-28 — Army Ammunition Data Sheets; Армия США — TM 43-0001-28 (1994), печатная с. 3-57: масса и длина; Армия США — TM 43-0001-28 (28 April 1994; Change 11, 27 October 2003), печатная 3-57 и следующая страница (PDF 262–263): наполнение и внешние параметры"
ordnance-v29-ga-0041,105 мм M548,AMMUNITION,artillery,yes,yes,"TM 43-0001-28 — Army Ammunition Data Sheets; US Army — TM 43-0001-28, стр. 3-61–3-62; Армия США — TM 43-0001-28 (28 April 1994; Change 11, 27 October 2003), печатная 3-61 и следующая страница (PDF 266–267): наполнение и внешние параметры"
ordnance-v29-ga-0042,105 мм M60 series,AMMUNITION,artillery,yes,yes,"TM 43-0001-28 — Army Ammunition Data Sheets; US Army — TM 43-0001-28, стр. 3-15–3-16; Армия США — TM 43-0001-28 (28 April 1994; Change 11, 27 October 2003), печатная 3-15 и следующая страница (PDF 220–221): наполнение и внешние параметры"
ordnance-v29-ga-0043,105 мм M662,AMMUNITION,artillery,yes,yes,"TM 43-0001-28 — Army Ammunition Data Sheets; Армия США — TM 43-0001-28 (1994), печатная с. 3-29: масса и длина; Армия США — TM 43-0001-28 (28 April 1994; Change 11, 27 October 2003), печатная 3-29 и следующая страница (PDF 234–235): наполнение и внешние параметры"
ordnance-v29-ga-0044,105 мм M67,AMMUNITION,artillery,yes,yes,"TM 43-0001-28 — Army Ammunition Data Sheets; Армия США — TM 43-0001-28 (1994), печатная с. 3-23: масса и длина; Армия США — TM 43-0001-28 (28 April 1994; Change 11, 27 October 2003), печатная 3-23 и следующая страница (PDF 228–229): наполнение и внешние параметры"
ordnance-v29-ga-0045,105 мм M760,AMMUNITION,artillery,yes,yes,"TM 43-0001-28 — Army Ammunition Data Sheets; US Army — TM 43-0001-28, табличные характеристики, стр. 3-73–3-74; US Army — TM 43-0001-28 (April 1994, с поправками по Change 11), стр. 3-73–3-74, M760"
ordnance-v29-ga-0046,105 мм M84 series,AMMUNITION,artillery,yes,yes,"TM 43-0001-28 — Army Ammunition Data Sheets; Армия США — TM 43-0001-28 (1994), печатная с. 3-25: масса и длина; Армия США — TM 43-0001-28 (28 April 1994; Change 11, 27 October 2003), печатная 3-25 и следующая страница (PDF 230–231): наполнение и внешние параметры"
ordnance-v29-ga-0049,105 мм M1064 illuminating,AMMUNITION,artillery,yes,yes,"U.S. Army, Picatinny delivers infrared capability (2011); U.S. Army JPEO A&A — Portfolio Book 2025, M1064, CAS-13; лист PDF 40"
ordnance-v29-ga-0050,155 мм M1066 illuminating,AMMUNITION,artillery,yes,yes,"U.S. Army, Picatinny delivers infrared capability (2011); U.S. Army JPEO A&A — Portfolio Book 2025, M1066, CAS-35; лист PDF 62"
ordnance-v29-ga-0051,155 мм M110A2 smoke,AMMUNITION,artillery,yes,yes,"TM 43-0001-28, Army Ammunition Data Sheets (1994, с последующими поправками); US Army — TM 43-0001-28, табличные характеристики, стр. 3-89–3-90; US Army — JPEOAA Portfolio Book 2025, CAS-34, лист PDF 61"
ordnance-v29-ga-0052,155 мм M1121 smoke,AMMUNITION,artillery,yes,no,"U.S. Army, Procurement of Ammunition FY 2022, M1121; U.S. Army JPEO A&A — Portfolio Book 2025, CAS-31, PDF 58: физические характеристики и наполнение"
ordnance-v29-ga-0053,155 мм M1122 training,AMMUNITION,artillery,yes,yes,"U.S. Army JPEO A&A, Portfolio Book 2025; DVIDS — M1122 projectiles at Camp Ripley (Photo ID 7820540); U.S. Army JPEO A&A — Portfolio Book 2025, M1122, CAS-37; лист PDF 64"
ordnance-v29-ga-0054,155 мм M1123 illuminating,AMMUNITION,artillery,yes,yes,"U.S. Army JPEO A&A, Portfolio Book 2025; U.S. Army JPEO A&A — Portfolio Book 2025, M1123, CAS-29; лист PDF 56"
ordnance-v29-ga-0055,155 мм M1124 illuminating,AMMUNITION,artillery,yes,yes,"U.S. Army JPEO A&A, Portfolio Book 2025; U.S. Army JPEO A&A — Portfolio Book 2025, M1124, CAS-30; лист PDF 57"
ordnance-v29-ga-0056,155 мм M485A2 illuminating,AMMUNITION,artillery,yes,yes,"TM 43-0001-28, Army Ammunition Data Sheets (1994, с последующими поправками); US Army — TM 43-0001-28, табличные характеристики, стр. 3-115–3-116; Армия США — TM 43-0001-28 (28 April 1994; Change 11, 27 October 2003), печатная 3-115 и следующая страница (PDF 326–327): наполнение и внешние параметры"
ordnance-v29-ga-0057,105 мм M60A2 smoke,AMMUNITION,artillery,yes,yes,"TM 43-0001-28, Army Ammunition Data Sheets (1994, с последующими поправками); US Army — TM 43-0001-28, табличные характеристики, стр. 3-15–3-16; Армия США — TM 43-0001-28 (28 April 1994; Change 11, 27 October 2003), печатная 3-15 и следующая страница (PDF 220–221): наполнение и внешние параметры"
ordnance-v29-ga-0059,155 мм M825A1 smoke,AMMUNITION,artillery,yes,yes,"TM 43-0001-28, Army Ammunition Data Sheets (1994, с последующими поправками); Армия США — TM 43-0001-28 (1994), печатная с. 3-165: масса и длина; Армия США — TM 43-0001-28 (28 April 1994; Change 11, 27 October 2003), печатная 3-165 и следующая страница (PDF 376–377): наполнение и внешние параметры"
ordnance-v29-ga-0060,105 мм M84A1 smoke,AMMUNITION,artillery,yes,yes,"TM 43-0001-28, Army Ammunition Data Sheets (1994, с последующими поправками); Армия США — TM 43-0001-28 (1994), печатная с. 3-25: масса и длина; Армия США — TM 43-0001-28 (28 April 1994; Change 11, 27 October 2003), печатная 3-25 и следующая страница (PDF 230–231): наполнение и внешние параметры"
ordnance-v29-ga-0064,155 мм M110,AMMUNITION,artillery,yes,yes,"Армия США, TM 43-0001-28, с. 3-81, 3-85, 3-89; U.S. Army — TM 43-0001-28 (1994, изменения до 2003), PDF 296, 297"
ordnance-v29-ga-0065,155 мм M116,AMMUNITION,artillery,yes,yes,"TM 43-0001-28 — Army Ammunition Data Sheets; US Army — TM 43-0001-28, табличные характеристики, стр. 3-93–3-94; Армия США — TM 43-0001-28 (28 April 1994; Change 11, 27 October 2003), печатная 3-93 и следующая страница (PDF 304–305): наполнение и внешние параметры"
ordnance-v29-ga-0066,155 мм M118,AMMUNITION,artillery,yes,yes,"TM 43-0001-28 — Army Ammunition Data Sheets; Армия США — TM 43-0001-28 (1994), печатная с. 3-101: масса и длина; Армия США — TM 43-0001-28 (28 April 1994; Change 11, 27 October 2003), печатная 3-101 и следующая страница (PDF 312–313): наполнение и внешние параметры"
ordnance-v29-ga-0067,155 мм M121A1,AMMUNITION,artillery,yes,yes,"Армия США, TM 43-0001-28, с. 3-105; U.S. Army — TM 43-0001-28 (1994, изменения до 2003), PDF 316, 317"
ordnance-v29-ga-0068,155 мм M449,AMMUNITION,artillery,yes,yes,"TM 43-0001-28 — Army Ammunition Data Sheets; US Army — TM 43-0001-28, табличные характеристики, стр. 3-109–3-110; Армия США — TM 43-0001-28 (28 April 1994; Change 11, 27 October 2003), печатная с. 3-110, PDF 321: целевое наполнение"
ordnance-v29-ga-0070,155 мм M485,AMMUNITION,artillery,yes,yes,"TM 43-0001-28 — Army Ammunition Data Sheets; US Army — TM 43-0001-28, табличные характеристики, стр. 3-115–3-116; Армия США — TM 43-0001-28 (28 April 1994; Change 11, 27 October 2003), печатная 3-115 и следующая страница (PDF 326–327): наполнение и внешние параметры"
ordnance-v29-ga-0071,155 мм M549,AMMUNITION,artillery,yes,yes,"TM 43-0001-28 — Army Ammunition Data Sheets; Армия США — TM 43-0001-28 (1994), печатная с. 3-119: масса и длина; Армия США — TM 43-0001-28 (28 April 1994; Change 11, 27 October 2003), печатная 3-119 и следующая страница (PDF 330–331): наполнение и внешние параметры"
ordnance-v29-ga-0072,155 мм M549A1,AMMUNITION,artillery,yes,yes,"TM 43-0001-28 — Army Ammunition Data Sheets; Армия США — TM 43-0001-28 (1994), печатная с. 3-119: масса и длина; US Army — JPEOAA Portfolio Book 2025, CAS-27, лист PDF 54"
ordnance-v29-ga-0073,155 мм M692,AMMUNITION,artillery,yes,yes,"Армия США, TM 43-0001-28, с. 3-127; Армия США — TM 43-0001-28 (28 April 1994; Change 11, 27 October 2003), печатные 3-127–3-128, PDF 338–339: наполнение и внешние параметры"
ordnance-v29-ga-0074,155 мм M712,AMMUNITION,artillery,yes,yes,"TM 43-0001-28 — Army Ammunition Data Sheets; US Army — TM 43-0001-28, табличные характеристики, стр. 3-131–3-132; US Army — TM 43-0001-28, табличные характеристики M712, стр. 3-132"
ordnance-v29-ga-0076,155 мм M718A1,AMMUNITION,artillery,yes,yes,"Армия США, TM 43-0001-28, с. 3-139; Армия США — TM 43-0001-28 (28 April 1994; Change 11, 27 October 2003), печатные 3-139–3-140, PDF 350–351: наполнение и внешние параметры"
ordnance-v29-ga-0077,155 мм M731,AMMUNITION,artillery,yes,yes,"Армия США, TM 43-0001-28, с. 3-143; Армия США — TM 43-0001-28 (28 April 1994; Change 11, 27 October 2003), печатные 3-143–3-144, PDF 354–355: наполнение и внешние параметры"
ordnance-v29-ga-0078,155 мм M741,AMMUNITION,artillery,yes,yes,"Армия США, TM 43-0001-28, с. 3-147; Армия США — TM 43-0001-28 (28 April 1994; Change 11, 27 October 2003), печатные 3-147–3-148, PDF 358–359: наполнение и внешние параметры"
ordnance-v29-ga-0079,155 мм M741A1,AMMUNITION,artillery,yes,yes,"Армия США, TM 43-0001-28, с. 3-151; TM 43-0001-28 — Projectile, 155 Millimeter: M741A1, page 3-147; Bulletpicker — M741/M741A1 figure from TM 43-0001-28; Армия США — TM 43-0001-28 (28 April 1994; Change 11, 27 October 2003), печатные 3-151–3-152, PDF 362–363: наполнение и внешние параметры"
ordnance-v29-ga-0081,155 мм M804,AMMUNITION,artillery,yes,yes,"TM 43-0001-28 — Army Ammunition Data Sheets; US Army — TM 43-0001-28, табличные характеристики, стр. 3-159–3-160; Армия США — TM 43-0001-28 (28 April 1994; Change 11, 27 October 2003), печатная 3-159 и следующая страница (PDF 370–371): наполнение и внешние параметры"
ordnance-v29-ga-0082,155 мм M804A1,AMMUNITION,artillery,yes,yes,"TM 43-0001-28 — Army Ammunition Data Sheets; US Army — TM 43-0001-28, табличные характеристики, стр. 3-159–3-160; Армия США — TM 43-0001-28 (28 April 1994; Change 11, 27 October 2003), печатная 3-159 и следующая страница (PDF 370–371): наполнение и внешние параметры"
ordnance-v29-ga-0083,155 мм M823,AMMUNITION,artillery,yes,yes,"TM 43-0001-28 — Army Ammunition Data Sheets; US Army — TM 43-0001-28, табличные характеристики, стр. 3-163–3-164; Армия США — TM 43-0001-28 (28 April 1994; Change 11, 27 October 2003), печатная 3-163 и следующая страница (PDF 374–375): наполнение и внешние параметры"
ordnance-v29-ga-0084,155 мм M825,AMMUNITION,artillery,yes,yes,"TM 43-0001-28 — Army Ammunition Data Sheets; Армия США — TM 43-0001-28 (1994), печатная с. 3-165: масса и длина; Армия США — TM 43-0001-28 (28 April 1994; Change 11, 27 October 2003), печатная 3-165 и следующая страница (PDF 376–377): наполнение и внешние параметры"
ordnance-v29-ga-0085,155 мм M825A1,AMMUNITION,artillery,yes,yes,"TM 43-0001-28 — Army Ammunition Data Sheets; Армия США — TM 43-0001-28 (1994), печатная с. 3-165: масса и длина; Армия США — TM 43-0001-28 (28 April 1994; Change 11, 27 October 2003), печатная 3-165 и следующая страница (PDF 376–377): наполнение и внешние параметры"
ordnance-v29-ga-0086,105 мм MKE howitzer family,AMMUNITION,artillery,yes,yes,"MKE, Ammunition Catalogue, PDF-стр. 11; MKE — Ammunition Catalogue, PDF 11: справочные сведения"
ordnance-v29-ga-0087,155 мм MKE howitzer family,AMMUNITION,artillery,yes,yes,"MKE, Ammunition Catalogue, PDF-стр. 14–15; MKE — Ammunition Catalogue, PDF 14: справочные сведения; MKE — Ammunition Catalogue, отдельная PDF 15: модели семейства"
ordnance-v29-ga-0088,175 мм MKE gun family,AMMUNITION,artillery,yes,no,"MKE, Ammunition Factory, перечень продукции; Точный внешний визуал; права на перенос в APK не подтверждены; MKE: Ammunition Factory, перечень продукции 175 mm gun ammunition"
ordnance-v29-ga-0089,122 мм боеприпас совместного производства — индекс не опубликован,AMMUNITION,artillery,yes,no,"«Укроборонпром», сообщение о 122-мм боеприпасе; Повторная проверка модели и визуалов; фото не подтверждено; Точная фотография первой совместно произведённой партии; перенос не выполнен до проверки прав; «Укроборонпром»: собственное сообщение 21.03.2023 о совместном выпуске 122-мм снаряда; полный текст"
ordnance-v29-ga-0090,105 mm ER G3,AMMUNITION,artillery,yes,yes,KNDS — 105MM ER G3; KNDS — 105-mm-er-g3: отдельные характеристики исполнения и наполнение
ordnance-v29-ga-0091,155 KATANA,AMMUNITION,artillery,yes,yes,"KNDS — 155 KATANA; KNDS — 155-katana: отдельные характеристики исполнения и наполнение; KNDS — 155mm-ammunition: отдельные таблицы исполнений, 5 октября 2026"
ordnance-v29-ga-0092,155 LU220,AMMUNITION,artillery,yes,yes,"KNDS — 155 LU220; KNDS — 155-lu-220: отдельные характеристики исполнения и наполнение; KNDS — 155mm-ammunition: отдельные таблицы исполнений, 5 октября 2026"
ordnance-v29-ga-0093,155 mm BONUS,AMMUNITION,artillery,yes,yes,"KNDS — 155mm BONUS; 155 bonus — Wikimedia Commons; KNDS — 155mm-bonus: отдельные характеристики исполнения и наполнение; KNDS — 155mm-ammunition: отдельные таблицы исполнений, 5 октября 2026"
ordnance-v29-ga-0094,GH S&F-1-01,AMMUNITION,grenades,yes,yes,"Arsenal JSCo — Sound and Flash Hand Grenades; Arsenal JSCo — About Us, development 1989–1999; BIEM: собственная таблица GH S&F-1-01, исполнение с AF14; Atlas Internazionale: собственная таблица GH S&F-1-01 и GH S&F-13; BULCOMERS KS: собственная таблица GH S&F-1-01"
ordnance-v29-ga-0095,GH S&F-13,AMMUNITION,grenades,yes,yes,"Arsenal JSCo — Sound and Flash Hand Grenades; Arsenal JSCo — About Us, development 1989–1999; BIEM: собственная таблица GH S&F-13; Atlas Internazionale: собственная таблица GH S&F-1-01 и GH S&F-13"
ordnance-v29-ga-0096,GH S&F-7,AMMUNITION,grenades,yes,yes,Arsenal JSCo — Sound and Flash Hand Grenades; BIEM: собственная таблица GH-S&F-7; строка размеров неразборчива
ordnance-v29-ga-0097,GH S&F-CS,AMMUNITION,grenades,yes,yes,Arsenal JSCo — Sound and Flash Hand Grenades; BIEM: собственная раздельная таблица GH-S&F-CS и GH-S&F-CS-7
ordnance-v29-ga-0098,GH S&F-CS-7,AMMUNITION,grenades,yes,yes,Arsenal JSCo — Sound and Flash Hand Grenades; BIEM: собственная раздельная таблица GH-S&F-CS и GH-S&F-CS-7
ordnance-v29-ga-0099,40×46 mm Rheinmetall LV family,AMMUNITION,grenades,yes,yes,"Rheinmetall Waffe Munition ARGES; Rheinmetall — Infantry Guide (June 2019): 40×46 LV Target Practice Marker, PDF 15"
ordnance-v29-ga-0100,Rheinmetall combat/practice hand-grenade families,AMMUNITION,grenades,yes,yes,"Rheinmetall Waffe Munition ARGES; Rheinmetall — Infantry Guide B092e0619 (2019), стр. 42–43; Rheinmetall — Infantry Guide (June 2019), SHGR 07, PDF 46"
ordnance-v29-ga-0101,HGF165-3.5,AMMUNITION,grenades,yes,yes,"Nammo Ammunition Handbook 2024; Nammo — Ammunition Handbook, Edition 7 (August 2024), стр. 145; Nammo — Ammunition Handbook, Edition 7 (August 2024), стр. 145, HGF165-3.5"
ordnance-v29-ga-0102,HGO225-3.5,AMMUNITION,grenades,yes,yes,"Nammo Ammunition Handbook 2024; Nammo — Ammunition Handbook, Edition 7 (August 2024), стр. 142; Nammo — Ammunition Handbook, Edition 7 (August 2024), стр. 142, HGO225-3.5"
ordnance-v29-ga-0103,HGO50-3.5,AMMUNITION,grenades,yes,yes,"Nammo Ammunition Handbook 2024; Nammo — Ammunition Handbook, Edition 7 (August 2024), стр. 141; Nammo — Ammunition Handbook, Edition 7 (August 2024), стр. 141, HGO50-3.5"
ordnance-v29-ga-0105,Nammo training hand grenade,AMMUNITION,grenades,yes,no,"Nammo Ammunition Handbook 2024; Nammo — Ammunition Handbook, Edition 7 (August 2024), стр. 146: наполнение и массы"
ordnance-v29-ga-0106,SOHG,AMMUNITION,grenades,yes,yes,"Nammo Ammunition Handbook 2024; Nammo — Ammunition Handbook, Edition 7 (August 2024), стр. 140; Nammo — Ammunition Handbook, Edition 7 (August 2024), стр. 140, SOHG"
ordnance-v29-ga-0107,TTC Smoke,AMMUNITION,grenades,yes,yes,"Nammo Ammunition Handbook 2024; Nammo — Ammunition Handbook, Edition 7 (August 2024), стр. 148; Nammo — Ammunition Handbook, Edition 7 (August 2024), стр. 148: наполнение и массы"
ordnance-v29-ga-0108,GNPO,AMMUNITION,grenades,yes,yes,"Dezamet — Rifle Grenades; Wikimedia Commons — Granaty-nasadkowe-01.jpg; Dezamet — prizes and awards; Dezamet — каталог производителя, стр. 2, таблица винтовочных гранат; Dezamet — каталог производителя, винтовочные гранаты, PDF 2: GNPO"
ordnance-v29-ga-0109,NGD-93,AMMUNITION,grenades,yes,yes,"Dezamet — Rifle Grenades; Dezamet — каталог производителя, стр. 2, таблица винтовочных гранат; Dezamet — каталог производителя, винтовочные гранаты, PDF 2: NGD-93"
ordnance-v29-ga-0110,NGOS-93,AMMUNITION,grenades,yes,yes,"Dezamet — Rifle Grenades; Wikimedia Commons — Granaty-nasadkowe-01.jpg; Dezamet — 2024 deliveries; Dezamet — каталог производителя, стр. 2, таблица винтовочных гранат; Dezamet — каталог производителя, винтовочные гранаты, PDF 2: NGOs-93"
ordnance-v29-ga-0111,NGZ-93,AMMUNITION,grenades,yes,yes,"Dezamet — Rifle Grenades; Wikimedia Commons — Granaty-nasadkowe-01.jpg; Dezamet — 2024 deliveries; Dezamet — каталог производителя, стр. 2, таблица винтовочных гранат; Dezamet — каталог производителя, винтовочные гранаты, PDF 2: NGZ-93"
ordnance-v29-ga-0112,RGO-88,AMMUNITION,grenades,yes,yes,"Dezamet — Hand Grenades; Wikimedia Commons — RGO-88 grenade.png; Dezamet — каталог производителя, стр. 2, таблица ручных гранат; Dezamet — каталог производителя, стр. 2, таблица ручных гранат, RGO-88"
ordnance-v29-ga-0113,RGZ-89,AMMUNITION,grenades,yes,yes,"Dezamet — Hand Grenades; Wikimedia Commons — Gr zacz1(cropped).jpg; Dezamet — каталог производителя, стр. 2, таблица ручных гранат; Dezamet — каталог производителя, стр. 2, таблица ручных гранат, RGZ-89"
ordnance-v29-ga-0114,M1006,AMMUNITION,grenades,yes,yes,"TM 43-0001-28 — Army Ammunition Data Sheets; US Army — TM 43-0001-28, табличные характеристики, стр. 6-59–6-60; Армия США — TM 43-0001-28 (28 April 1994; Change 11, 27 October 2003), печатная 6-59 и следующая страница (PDF 632–633): наполнение и внешние параметры"
ordnance-v29-ga-0115,M1029,AMMUNITION,grenades,yes,yes,"TM 43-0001-28 — Army Ammunition Data Sheets; US Army — TM 43-0001-28, табличные характеристики, стр. 6-61; Армия США — TM 43-0001-28 (28 April 1994; Change 11, 27 October 2003), печатная 6-61 и следующая страница (PDF 634–635): наполнение и внешние параметры"
ordnance-v29-ga-0116,M381,AMMUNITION,grenades,yes,yes,"TM 43-0001-28 — Army Ammunition Data Sheets; Армия США — TM 43-0001-28 (1994), печатная с. 6-3: масса и длина; Армия США — TM 43-0001-28 (28 April 1994; Change 11, 27 October 2003), печатная 6-3 и следующая страница (PDF 574–575): наполнение и внешние параметры"
ordnance-v29-ga-0117,M382,AMMUNITION,grenades,yes,yes,"TM 43-0001-28 — Army Ammunition Data Sheets; Армия США — TM 43-0001-28 (1994), печатная с. 6-5: масса и длина; Армия США — TM 43-0001-28 (28 April 1994; Change 11, 27 October 2003), печатная 6-5 и следующая страница (PDF 576–577): наполнение и внешние параметры"
ordnance-v29-ga-0118,M383,AMMUNITION,grenades,yes,yes,"TM 43-0001-28 — Army Ammunition Data Sheets; Армия США — TM 43-0001-28 (1994), печатная с. 6-7: масса и длина; Армия США — TM 43-0001-28 (28 April 1994; Change 11, 27 October 2003), печатная 6-7 и следующая страница (PDF 578–579): наполнение и внешние параметры"
ordnance-v29-ga-0119,M384,AMMUNITION,grenades,yes,yes,"TM 43-0001-28 — Army Ammunition Data Sheets; Армия США — TM 43-0001-28 (1994), печатная с. 6-9: масса и длина; Армия США — TM 43-0001-28 (28 April 1994; Change 11, 27 October 2003), печатная 6-9 и следующая страница (PDF 580–581): наполнение и внешние параметры"
ordnance-v29-ga-0120,M385,AMMUNITION,grenades,yes,yes,"TM 43-0001-28 — Army Ammunition Data Sheets; US Army — TM 43-0001-28, табличные характеристики, стр. 6-11; Армия США — TM 43-0001-28 (28 April 1994; Change 11, 27 October 2003), печатная 6-11 и следующая страница (PDF 582–583): наполнение и внешние параметры"
ordnance-v29-ga-0121,M385A1,AMMUNITION,grenades,yes,yes,"TM 43-0001-28 — Army Ammunition Data Sheets; Армия США — TM 43-0001-28 (1994), печатная с. 6-13: масса и длина; Армия США — TM 43-0001-28 (28 April 1994; Change 11, 27 October 2003), печатная 6-13 и следующая страница (PDF 584–585): наполнение и внешние параметры"
ordnance-v29-ga-0122,M386,AMMUNITION,grenades,yes,yes,"TM 43-0001-28 — Army Ammunition Data Sheets; Армия США — TM 43-0001-28 (1994), печатная с. 6-15: масса и длина; Армия США — TM 43-0001-28 (28 April 1994; Change 11, 27 October 2003), печатная 6-15 и следующая страница (PDF 586–587): наполнение и внешние параметры"
ordnance-v29-ga-0123,M397,AMMUNITION,grenades,yes,yes,"TM 43-0001-28 — Army Ammunition Data Sheets; US Army — TM 43-0001-28, стр. 6-19–6-20; Армия США — TM 43-0001-28 (28 April 1994; Change 11, 27 October 2003), печатная 6-19 и следующая страница (PDF 590–591): наполнение и внешние параметры"
ordnance-v29-ga-0124,M397A1,AMMUNITION,grenades,yes,yes,"TM 43-0001-28 — Army Ammunition Data Sheets; Армия США — TM 43-0001-28 (1994), печатная с. 6-17: масса и длина; Армия США — TM 43-0001-28 (28 April 1994; Change 11, 27 October 2003), печатная 6-17 и следующая страница (PDF 588–589): наполнение и внешние параметры"
ordnance-v29-ga-0125,M406,AMMUNITION,grenades,yes,yes,"TM 43-0001-28 — Army Ammunition Data Sheets; Армия США — TM 43-0001-28 (1994), печатная с. 6-21: масса и длина; Армия США — TM 43-0001-28 (28 April 1994; Change 11, 27 October 2003), печатная 6-21 и следующая страница (PDF 592–593): наполнение и внешние параметры"
ordnance-v29-ga-0126,M407A1,AMMUNITION,grenades,yes,yes,"TM 43-0001-28 — Army Ammunition Data Sheets; US Army — TM 43-0001-28, табличные характеристики, стр. 6-23–6-24; Армия США — TM 43-0001-28 (28 April 1994; Change 11, 27 October 2003), печатная 6-23 и следующая страница (PDF 594–595): наполнение и внешние параметры"
ordnance-v29-ga-0127,M430,AMMUNITION,grenades,yes,yes,"TM 43-0001-28 — Army Ammunition Data Sheets; Армия США — TM 43-0001-28 (1994), печатная с. 6-25: масса и длина; Армия США — TM 43-0001-28 (28 April 1994; Change 11, 27 October 2003), печатная 6-25 и следующая страница (PDF 596–597): наполнение и внешние параметры"
ordnance-v29-ga-0128,M430A1,AMMUNITION,grenades,yes,yes,"TM 43-0001-28 — Army Ammunition Data Sheets; Армия США — TM 43-0001-28 (1994), печатная с. 6-25: масса и длина; Армия США — TM 43-0001-28 (28 April 1994; Change 11, 27 October 2003), печатная 6-25 и следующая страница (PDF 596–597): наполнение и внешние параметры"
ordnance-v29-ga-0129,M433,AMMUNITION,grenades,yes,yes,"TM 43-0001-28 — Army Ammunition Data Sheets; Армия США — TM 43-0001-28 (1994), печатная с. 6-29: масса и длина; Армия США — TM 43-0001-28 (28 April 1994; Change 11, 27 October 2003), печатная 6-29 и следующая страница (PDF 600–601): наполнение и внешние параметры"
ordnance-v29-ga-0130,M441,AMMUNITION,grenades,yes,yes,"TM 43-0001-28 — Army Ammunition Data Sheets; Армия США — TM 43-0001-28 (1994), печатная с. 6-31: масса и длина; Армия США — TM 43-0001-28 (28 April 1994; Change 11, 27 October 2003), печатная 6-31 и следующая страница (PDF 602–603): наполнение и внешние параметры"
ordnance-v29-ga-0131,M576,AMMUNITION,grenades,yes,yes,"TM 43-0001-28 — Army Ammunition Data Sheets; Армия США — TM 43-0001-28 (1994), печатная с. 6-33: масса и длина; Армия США — TM 43-0001-28 (28 April 1994; Change 11, 27 October 2003), печатная 6-33 и следующая страница (PDF 604–605): наполнение и внешние параметры"
ordnance-v29-ga-0132,M583A1,AMMUNITION,grenades,yes,yes,"TM 43-0001-28 — Army Ammunition Data Sheets; US Army — TM 43-0001-28, табличные характеристики, стр. 6-35–6-36; Армия США — TM 43-0001-28 (28 April 1994; Change 11, 27 October 2003), печатная 6-35 и следующая страница (PDF 606–607): наполнение и внешние параметры"
ordnance-v29-ga-0133,M585,AMMUNITION,grenades,yes,yes,"TM 43-0001-28 — Army Ammunition Data Sheets; Армия США — TM 43-0001-28 (1994), печатная с. 6-37: масса и длина; Армия США — TM 43-0001-28 (28 April 1994; Change 11, 27 October 2003), печатная 6-37 и следующая страница (PDF 608–609): наполнение и внешние параметры"
ordnance-v29-ga-0134,M661,AMMUNITION,grenades,yes,yes,"TM 43-0001-28 — Army Ammunition Data Sheets; US Army — TM 43-0001-28, табличные характеристики, стр. 6-35–6-36; Армия США — TM 43-0001-28 (28 April 1994; Change 11, 27 October 2003), печатная 6-35 и следующая страница (PDF 606–607): наполнение и внешние параметры"
ordnance-v29-ga-0135,M662,AMMUNITION,grenades,yes,yes,"TM 43-0001-28 — Army Ammunition Data Sheets; US Army — TM 43-0001-28, табличные характеристики, стр. 6-35–6-36; Армия США — TM 43-0001-28 (28 April 1994; Change 11, 27 October 2003), печатная 6-35 и следующая страница (PDF 606–607): наполнение и внешние параметры"
ordnance-v29-ga-0136,M676,AMMUNITION,grenades,yes,yes,"TM 43-0001-28 — Army Ammunition Data Sheets; Армия США — TM 43-0001-28 (1994), печатная с. 6-39: масса и длина; Армия США — TM 43-0001-28 (28 April 1994; Change 11, 27 October 2003), печатная 6-39 и следующая страница (PDF 610–611): наполнение и внешние параметры"
ordnance-v29-ga-0137,M677,AMMUNITION,grenades,yes,yes,"TM 43-0001-28 — Army Ammunition Data Sheets; US Army — TM 43-0001-28, табличные характеристики, стр. 6-41–6-42; Армия США — TM 43-0001-28 (1994; Change 11, 2003), с. 6-42, PDF 613: наполнение"
ordnance-v29-ga-0138,M680,AMMUNITION,grenades,yes,yes,"TM 43-0001-28 — Army Ammunition Data Sheets; US Army — TM 43-0001-28, табличные характеристики, стр. 6-43–6-44; Армия США — TM 43-0001-28 (1994; Change 11, 2003), с. 6-44, PDF 615: наполнение"
ordnance-v29-ga-0139,M682,AMMUNITION,grenades,yes,yes,"TM 43-0001-28 — Army Ammunition Data Sheets; US Army — TM 43-0001-28, табличные характеристики, стр. 6-45–6-46; Армия США — TM 43-0001-28 (28 April 1994; Change 11, 27 October 2003), печатная 6-45 и следующая страница (PDF 616–617): наполнение и внешние параметры"
ordnance-v29-ga-0140,M684,AMMUNITION,grenades,yes,yes,"TM 43-0001-28 — Army Ammunition Data Sheets; US Army — TM 43-0001-28, табличные характеристики, стр. 6-47–6-48; Армия США — TM 43-0001-28 (28 April 1994; Change 11, 27 October 2003), печатная 6-47 и следующая страница (PDF 618–619): наполнение и внешние параметры"
ordnance-v29-ga-0141,M713,AMMUNITION,grenades,yes,yes,"TM 43-0001-28 — Army Ammunition Data Sheets; Армия США — TM 43-0001-28 (1994), печатная с. 6-49: масса и длина; Армия США — TM 43-0001-28 (28 April 1994; Change 11, 27 October 2003), печатная 6-49 и следующая страница (PDF 620–621): наполнение и внешние параметры"
ordnance-v29-ga-0142,M715,AMMUNITION,grenades,yes,yes,"TM 43-0001-28 — Army Ammunition Data Sheets; Армия США — TM 43-0001-28 (1994), печатная с. 6-49: масса и длина; Армия США — TM 43-0001-28 (28 April 1994; Change 11, 27 October 2003), печатная 6-49 и следующая страница (PDF 620–621): наполнение и внешние параметры"
ordnance-v29-ga-0143,M716,AMMUNITION,grenades,yes,yes,"TM 43-0001-28 — Army Ammunition Data Sheets; Армия США — TM 43-0001-28 (1994), печатная с. 6-49: масса и длина; Армия США — TM 43-0001-28 (28 April 1994; Change 11, 27 October 2003), печатная 6-49 и следующая страница (PDF 620–621): наполнение и внешние параметры"
ordnance-v29-ga-0144,M781,AMMUNITION,grenades,yes,yes,"TM 43-0001-28 — Army Ammunition Data Sheets; US Army — TM 43-0001-28, табличные характеристики, стр. 6-51; Армия США — TM 43-0001-28 (28 April 1994; Change 11, 27 October 2003), печатная 6-51 и следующая страница (PDF 622–623): наполнение и внешние параметры"
ordnance-v29-ga-0145,M918,AMMUNITION,grenades,yes,yes,"TM 43-0001-28 — Army Ammunition Data Sheets; US Army — TM 43-0001-28, табличные характеристики, стр. 6-53–6-54; Армия США — TM 43-0001-28 (28 April 1994; Change 11, 27 October 2003), печатная 6-53 и следующая страница (PDF 624–625): наполнение и внешние параметры"
ordnance-v29-ga-0146,M922,AMMUNITION,grenades,yes,yes,"TM 43-0001-28 — Army Ammunition Data Sheets; US Army — TM 43-0001-28, табличные характеристики, стр. 6-55; Армия США — TM 43-0001-28 (28 April 1994; Change 11, 27 October 2003), печатная 6-55 и следующая страница (PDF 626–627): наполнение и внешние параметры"
ordnance-v29-ga-0147,M922A1,AMMUNITION,grenades,yes,yes,"TM 43-0001-28 — Army Ammunition Data Sheets; TM 43-0001-28 — Army Ammunition Data Sheets, физическая страница PDF 628; US Army — TM 43-0001-28, табличные характеристики, стр. 6-57 (Change 3); Армия США — TM 43-0001-28 (28 April 1994; Change 11, 27 October 2003), печатная 6-57 и следующая страница (PDF 628–629): наполнение и внешние параметры"
ordnance-v29-ga-0148,M100 entry,AMMUNITION,grenades,yes,yes,"TM 43-0001-29 — Army Ammunition Data Sheets: Grenades; US Army — TM 43-0001-29, поправки до Change 4 (2002), стр. 3-13–3-14; Армия США — TM 43-0001-29 (30 June 1994; Change 4, 22 November 2002), печатная с. 3-14, PDF 89: основное / целевое наполнение"
ordnance-v29-ga-0149,M19A1 WP,AMMUNITION,grenades,yes,yes,"TM 43-0001-29 — Army Ammunition Data Sheets: Grenades; Армия США — TM 43-0001-29 (1994), печатная с. 3-7: таблица характеристик изделия; Армия США — TM 43-0001-29 (30 June 1994; Change 4, 22 November 2002), печатная с. 3-7, PDF 82: основное / целевое наполнение"
ordnance-v29-ga-0150,M22,AMMUNITION,grenades,yes,yes,"TM 43-0001-29 — Army Ammunition Data Sheets: Grenades; Армия США — TM 43-0001-29 (1994), печатная с. 3-9: таблица характеристик изделия; Армия США — TM 43-0001-29 (30 June 1994; Change 4, 22 November 2002), печатная с. 3-9, PDF 84: основное / целевое наполнение"
ordnance-v29-ga-0151,M22A2,AMMUNITION,grenades,yes,yes,"TM 43-0001-29 — Army Ammunition Data Sheets: Grenades; Армия США — TM 43-0001-29 (1994), печатная с. 3-9: таблица характеристик изделия; Армия США — TM 43-0001-29 (30 June 1994; Change 4, 22 November 2002), печатная с. 3-9, PDF 84: основное / целевое наполнение"
ordnance-v29-ga-0152,M23,AMMUNITION,grenades,yes,yes,"TM 43-0001-29 — Army Ammunition Data Sheets: Grenades; Армия США — TM 43-0001-29 (1994), печатная с. 3-11: таблица характеристик изделия; Армия США — TM 43-0001-29 (30 June 1994; Change 4, 22 November 2002), печатная с. 3-11, PDF 86: основное / целевое наполнение"
ordnance-v29-ga-0153,M23A1,AMMUNITION,grenades,yes,yes,"TM 43-0001-29 — Army Ammunition Data Sheets: Grenades; Армия США — TM 43-0001-29 (1994), печатная с. 3-11: таблица характеристик изделия; Армия США — TM 43-0001-29 (30 June 1994; Change 4, 22 November 2002), печатная с. 3-11, PDF 86: основное / целевое наполнение"
ordnance-v29-ga-0154,M31 HEAT,AMMUNITION,grenades,yes,yes,"TM 43-0001-29 — Army Ammunition Data Sheets: Grenades; Армия США — TM 43-0001-29 (1994), печатная с. 3-3: таблица характеристик изделия; Армия США — TM 43-0001-29 (30 June 1994; Change 4, 22 November 2002), печатная с. 3-3, PDF 78: основное / целевое наполнение"
ordnance-v29-ga-0155,AN-M14,AMMUNITION,grenades,yes,yes,"TM 43-0001-29 — Army Ammunition Data Sheets: Grenades; U.S. Army CPE — Lethal Hand Grenades; Армия США — TM 43-0001-29 (1994), печатная с. 2-35: таблица характеристик изделия; Армия США — TM 43-0001-29 (30 June 1994; Change 4, 22 November 2002), печатная с. 2-35, PDF 46: основное / целевое наполнение"
ordnance-v29-ga-0156,AN-M8,AMMUNITION,grenades,yes,yes,"TM 43-0001-29 — Army Ammunition Data Sheets: Grenades; Армия США — TM 43-0001-29 (1994), печатная с. 2-23: таблица характеристик изделия; Армия США — TM 43-0001-29 (30 June 1994; Change 4, 22 November 2002), печатная с. 2-23, PDF 34: основное / целевое наполнение"
ordnance-v29-ga-0157,M15 WP,AMMUNITION,grenades,yes,yes,"TM 43-0001-29 — Army Ammunition Data Sheets: Grenades; Армия США — TM 43-0001-29 (1994), печатная с. 2-25: таблица характеристик изделия; Армия США — TM 43-0001-29 (30 June 1994; Change 4, 22 November 2002), печатная с. 2-25, PDF 36: основное / целевое наполнение"
ordnance-v29-ga-0158,M18,AMMUNITION,grenades,yes,yes,"TM 43-0001-29 — Army Ammunition Data Sheets: Grenades; DVIDS — 48th CES conducts smoke grenade training, Photo ID 6435412; Армия США — TM 43-0001-29 (1994), печатная с. 2-27: таблица характеристик изделия; Армия США — TM 43-0001-29 (30 June 1994; Change 4, 22 November 2002), печатная с. 2-27, PDF 38: основное / целевое наполнение"
ordnance-v29-ga-0159,M34,AMMUNITION,grenades,yes,yes,"TM 43-0001-29 — Army Ammunition Data Sheets: Grenades; Армия США — TM 43-0001-29 (1994), печатная с. 2-31: таблица характеристик изделия; Армия США — TM 43-0001-29 (30 June 1994; Change 4, 22 November 2002), печатная с. 2-31, PDF 42: основное / целевое наполнение"
ordnance-v29-ga-0160,M48,AMMUNITION,grenades,yes,yes,"TM 43-0001-29 — Army Ammunition Data Sheets: Grenades; US Army — TM 43-0001-29, поправки до Change 4 (2002), стр. 2-29; Армия США — TM 43-0001-29 (30 June 1994; Change 4, 22 November 2002), печатная с. 2-29, PDF 40: основное / целевое наполнение"
ordnance-v29-ga-0161,ABC-M25A1,AMMUNITION,grenades,yes,yes,"TM 43-0001-29 — Army Ammunition Data Sheets: Grenades; Армия США — TM 43-0001-29 (1994), печатная с. 2-49: таблица характеристик изделия; Армия США — TM 43-0001-29 (30 June 1994; Change 4, 22 November 2002), печатная с. 2-49, PDF 60: внешние характеристики"
ordnance-v29-ga-0162,ABC-M25A2,AMMUNITION,grenades,yes,yes,"TM 43-0001-29 — Army Ammunition Data Sheets: Grenades; Армия США — TM 43-0001-29 (1994), печатная с. 2-51: таблица характеристик изделия; Армия США — TM 43-0001-29 (30 June 1994; Change 4, 22 November 2002), печатная с. 2-51, PDF 62: внешние характеристики"
ordnance-v29-ga-0163,M111,AMMUNITION,grenades,yes,no,"U.S. Army DEVCOM Armaments Center, объявление M111, март 2026; U.S. Army CPE — Lethal Hand Grenades; U.S. Army DEVCOM Armaments Center: Army approves M111, март 2026"
ordnance-v29-ga-0164,M47,AMMUNITION,grenades,yes,yes,"TM 43-0001-29 — Army Ammunition Data Sheets: Grenades; Армия США — TM 43-0001-29 (1994), печатная с. 2-47: таблица характеристик изделия; Армия США — TM 43-0001-29 (30 June 1994; Change 4, 22 November 2002), печатная с. 2-47, PDF 58: внешние характеристики"
ordnance-v29-ga-0165,M58,AMMUNITION,grenades,yes,yes,"TM 43-0001-29 — Army Ammunition Data Sheets: Grenades; Армия США — TM 43-0001-29 (1994), печатная с. 2-53: таблица характеристик изделия; Армия США — TM 43-0001-29 (30 June 1994; Change 4, 22 November 2002), печатная с. 2-53, PDF 64: внешние характеристики"
ordnance-v29-ga-0166,M7,AMMUNITION,grenades,yes,yes,"TM 43-0001-29 — Army Ammunition Data Sheets: Grenades; Армия США — TM 43-0001-29 (1994), печатная с. 2-43: таблица характеристик изделия; Армия США — TM 43-0001-29 (30 June 1994; Change 4, 22 November 2002), печатная с. 2-43, PDF 54: внешние характеристики"
ordnance-v29-ga-0167,M7A1,AMMUNITION,grenades,yes,yes,"TM 43-0001-29 — Army Ammunition Data Sheets: Grenades; Армия США — TM 43-0001-29 (1994), печатная с. 2-43: таблица характеристик изделия; Армия США — TM 43-0001-29 (30 June 1994; Change 4, 22 November 2002), печатная с. 2-43, PDF 54: внешние характеристики"
ordnance-v29-ga-0168,M7A3,AMMUNITION,grenades,yes,yes,"TM 43-0001-29 — Army Ammunition Data Sheets: Grenades; Армия США — TM 43-0001-29 (1994), печатная с. 2-45: таблица характеристик изделия; Армия США — TM 43-0001-29 (30 June 1994; Change 4, 22 November 2002), печатная с. 2-45, PDF 56: внешние характеристики"
ordnance-v29-ga-0169,M84,AMMUNITION,grenades,yes,yes,"TM 43-0001-29 — Army Ammunition Data Sheets: Grenades; DVIDS — 2nd Recon BN Close Quarters Tactical Training Exercise, Photo ID 642144; US Army — TM 43-0001-29, поправки до Change 4 (2002), стр. 2-61–2-62; Армия США — TM 43-0001-29 (30 June 1994; Change 4, 22 November 2002), печатная с. 2-62, PDF 73: основное / целевое наполнение"
ordnance-v29-ga-0170,Mk 1 illuminating,AMMUNITION,grenades,yes,yes,"TM 43-0001-29 — Army Ammunition Data Sheets: Grenades; Армия США — TM 43-0001-29 (1994), печатная с. 2-57: таблица характеристик изделия; Армия США — TM 43-0001-29 (30 June 1994; Change 4, 22 November 2002), печатная с. 2-57, PDF 68: основное / целевое наполнение"
ordnance-v29-ga-0171,Mk 3A2,AMMUNITION,grenades,yes,yes,"TM 43-0001-29 — Army Ammunition Data Sheets: Grenades; Армия США — TM 43-0001-29 (1994), печатная с. 2-39: таблица характеристик изделия; US Army — TM 43-0001-29 (June 1994, с поправками по November 2002), стр. 2-39, Mk 3A2"
ordnance-v29-ga-0172,M26,AMMUNITION,grenades,yes,yes,"TM 43-0001-29 — Army Ammunition Data Sheets: Grenades; Wikimedia Commons — JGSDF M26 grenade at Camp Shinodayama, April 16, 2017; Армия США — TM 43-0001-29 (1994), печатная с. 2-5: таблица характеристик изделия; US Army — TM 43-0001-29 (June 1994, с поправками по November 2002), стр. 2-5, M26"
ordnance-v29-ga-0173,M26A1,AMMUNITION,grenades,yes,yes,"TM 43-0001-29 — Army Ammunition Data Sheets: Grenades; Армия США — TM 43-0001-29 (1994), печатная с. 2-5: таблица характеристик изделия; US Army — TM 43-0001-29 (June 1994, с поправками по November 2002), стр. 2-5, M26A1"
ordnance-v29-ga-0174,M26A2,AMMUNITION,grenades,yes,yes,"TM 43-0001-29 — Army Ammunition Data Sheets: Grenades; Армия США — TM 43-0001-29 (1994), печатная с. 2-3: таблица характеристик изделия; US Army — TM 43-0001-29 (June 1994, с поправками по November 2002), стр. 2-3, M26A2"
ordnance-v29-ga-0175,M33,AMMUNITION,grenades,yes,yes,"TM 43-0001-29 — Army Ammunition Data Sheets: Grenades; Армия США — TM 43-0001-29 (1994), печатная с. 2-7: таблица характеристик изделия; US Army — TM 43-0001-29 (June 1994, с поправками по November 2002), стр. 2-7, M33"
ordnance-v29-ga-0176,M33A1,AMMUNITION,grenades,yes,yes,"TM 43-0001-29 — Army Ammunition Data Sheets: Grenades; Армия США — TM 43-0001-29 (1994), печатная с. 2-11: таблица характеристик изделия; US Army — TM 43-0001-29 (June 1994, с поправками по November 2002), стр. 2-11, M33A1 / M59"
ordnance-v29-ga-0177,M57,AMMUNITION,grenades,yes,yes,"TM 43-0001-29 — Army Ammunition Data Sheets: Grenades; Армия США — TM 43-0001-29 (1994), печатная с. 2-9: таблица характеристик изделия; US Army — TM 43-0001-29 (June 1994, с поправками по November 2002), стр. 2-9, M57"
ordnance-v29-ga-0178,M59,AMMUNITION,grenades,yes,yes,"TM 43-0001-29 — Army Ammunition Data Sheets: Grenades; Армия США — TM 43-0001-29 (1994), печатная с. 2-11: таблица характеристик изделия; US Army — TM 43-0001-29 (June 1994, с поправками по November 2002), стр. 2-11, M59 (M33A1)"
ordnance-v29-ga-0179,M61,AMMUNITION,grenades,yes,yes,"TM 43-0001-29 — Army Ammunition Data Sheets: Grenades; Wikimedia Commons — M-61Grenade.jpg; U.S. Air Force public-domain photograph; Армия США — TM 43-0001-29 (1994), печатная с. 2-13: таблица характеристик изделия; US Army — TM 43-0001-29 (June 1994, с поправками по November 2002), стр. 2-13, M61"
ordnance-v29-ga-0181,M68,AMMUNITION,grenades,yes,yes,"TM 43-0001-29 — Army Ammunition Data Sheets: Grenades; Армия США — TM 43-0001-29 (1994), печатная с. 2-17: таблица характеристик изделия; US Army — TM 43-0001-29 (June 1994, с поправками по November 2002), стр. 2-17, M68"
ordnance-v29-ga-0182,Mk 2,AMMUNITION,grenades,yes,yes,"TM 43-0001-29 — Army Ammunition Data Sheets: Grenades; Wikimedia Commons — MkII 07.JPG; public-domain photograph by Jean-Louis Dubois; Армия США — TM 43-0001-29 (1994), печатная с. 2-19: таблица характеристик изделия; Армия США — TM 43-0001-29 (30 June 1994; Change 4, 22 November 2002), печатная с. 2-19, PDF 30: основное / целевое наполнение"
ordnance-v29-ga-0186,L97A1 practice,AMMUNITION,grenades,yes,yes,"TM 43-0001-29 — Army Ammunition Data Sheets: Grenades; US Army — TM 43-0001-29, поправки до Change 4 (2002), стр. 4-15; Армия США — TM 43-0001-29 (30 June 1994; Change 4, 22 November 2002), печатная с. 4-15, PDF 104: основное / целевое наполнение"
ordnance-v29-ga-0187,M101 practice,AMMUNITION,grenades,yes,yes,"TM 43-0001-29 — Army Ammunition Data Sheets: Grenades; US Army — TM 43-0001-29, поправки до Change 4 (2002), стр. 4-17–4-18; Армия США — TM 43-0001-29 (30 June 1994; Change 4, 22 November 2002), печатная с. 4-18, PDF 107: основное / целевое наполнение"
ordnance-v29-ga-0188,M29 practice,AMMUNITION,grenades,yes,yes,"TM 43-0001-29 — Army Ammunition Data Sheets: Grenades; Армия США — TM 43-0001-29 (1994), печатная с. 4-5: таблица характеристик изделия; Армия США — TM 43-0001-29 (30 June 1994; Change 4, 22 November 2002), печатная с. 4-5, PDF 94: основное / целевое наполнение"
ordnance-v29-ga-0189,M30 practice,AMMUNITION,grenades,yes,yes,"TM 43-0001-29 — Army Ammunition Data Sheets: Grenades; Армия США — TM 43-0001-29 (1994), печатная с. 4-7: таблица характеристик изделия; Армия США — TM 43-0001-29 (30 June 1994; Change 4, 22 November 2002), печатная с. 4-7, PDF 96: основное / целевое наполнение"
ordnance-v29-ga-0190,M62 practice,AMMUNITION,grenades,yes,yes,"TM 43-0001-29 — Army Ammunition Data Sheets: Grenades; Армия США — TM 43-0001-29 (1994), печатная с. 4-9: таблица характеристик изделия; Армия США — TM 43-0001-29 (30 June 1994; Change 4, 22 November 2002), печатная с. 4-9, PDF 98: основное / целевое наполнение"
ordnance-v29-ga-0191,M69 practice,AMMUNITION,grenades,yes,yes,"TM 43-0001-29 — Army Ammunition Data Sheets: Grenades; DVIDS — The M69 practice hand grenade, Photo ID 3341499; Армия США — TM 43-0001-29 (1994), печатная с. 4-11: таблица характеристик изделия; Армия США — TM 43-0001-29 (30 June 1994; Change 4, 22 November 2002), печатная с. 4-11, PDF 100: основное / целевое наполнение"
ordnance-v29-ga-0192,M83 practice,AMMUNITION,grenades,yes,yes,"TM 43-0001-29 — Army Ammunition Data Sheets: Grenades; US Army — TM 43-0001-29, поправки до Change 4 (2002), стр. 4-13; Армия США — TM 43-0001-29 (30 June 1994; Change 4, 22 November 2002), печатная с. 4-13, PDF 102: основное / целевое наполнение"
ordnance-v29-ga-0193,Mk 1A1 practice,AMMUNITION,grenades,yes,yes,"TM 43-0001-29 — Army Ammunition Data Sheets: Grenades; Армия США — TM 43-0001-29 (1994), печатная с. 4-3: таблица характеристик изделия; Армия США — TM 43-0001-29 (30 June 1994; Change 4, 22 November 2002), печатная с. 4-3, PDF 92: основное / целевое наполнение"
ordnance-v29-ga-0194,HE 120,AMMUNITION,mortars,yes,yes,"Arsenal JSCo — 120 mm HE 120; Kintex: собственный каталог HE-120 и PRACT120, таблица исполнения с M-12"
ordnance-v29-ga-0195,PRACT 120,AMMUNITION,mortars,yes,yes,"Arsenal JSCo — Company: перечень продукции, PRACT 120 и PRACT 120TM; Arsenal JSCo — Company: перечень продукции, PRACT 120 и PRACT 120TM"
ordnance-v29-ga-0196,120 mm BAE mortar family,AMMUNITION,mortars,yes,no,BAE Systems — Munitions; Повторная проверка модели и визуалов; фото не подтверждено; BAE Systems — 81mm Mortar Ammunition; подтверждение разработки 120-мм семейства; Повторная проверка модели и визуалов; точное фото не подтверждено; BAE Systems — опубликовано только сообщение о разработке 120-мм семейства; BAE Systems: текущая собственная страница 81mm Mortar Ammunition и связанный буклет февраля 2026 года
ordnance-v29-ga-0197,81 mm BAE mortar family,AMMUNITION,mortars,yes,yes,"BAE Systems — 81mm mortar ammunition; BAE Systems — 81mm Mortar Ammunition brochure, February 2026, PDF 3, печатные 4–5; BAE Systems — 81mm Mortar Ammunition, February 2026: раздельные размеры и массы L41, L54, L58, RO 04-04"
ordnance-v29-ga-0198,120 мм Nammo HE,AMMUNITION,mortars,yes,yes,"Nammo Ammunition Handbook 2023; Nammo — Ammunition Handbook, Edition 7 (August 2024), стр. 127"
ordnance-v29-ga-0199,120 мм Nammo illuminating,AMMUNITION,mortars,yes,yes,"Nammo Ammunition Handbook 2023; Nammo — Ammunition Handbook, Edition 7 (August 2024), стр. 129, 120 mm Illuminating"
ordnance-v29-ga-0200,120 мм Nammo IR-smoke,AMMUNITION,mortars,yes,yes,"Nammo Ammunition Handbook 2023; Nammo — Ammunition Handbook, Edition 7 (August 2024), стр. 128, 120 mm IR-SMK"
ordnance-v29-ga-0201,120 мм Nammo practice,AMMUNITION,mortars,yes,no,"Nammo Ammunition Handbook 2023; Nammo — Ammunition Handbook, Edition 7 (August 2024), стр. 123: наполнение и массы"
ordnance-v29-ga-0202,60 мм Nammo practice,AMMUNITION,mortars,yes,no,"Nammo Ammunition Handbook 2023; Nammo — Ammunition Handbook, Edition 7 (August 2024), стр. 123: наполнение и массы"
ordnance-v29-ga-0203,81 мм Nammo HE,AMMUNITION,mortars,yes,yes,"Nammo Ammunition Handbook 2023; Nammo — Ammunition Handbook, Edition 7 (August 2024), стр. 124"
ordnance-v29-ga-0204,81 мм Nammo illuminating,AMMUNITION,mortars,yes,yes,"Nammo Ammunition Handbook 2023; Nammo — Ammunition Handbook, Edition 7 (August 2024), стр. 126, 81 mm Illuminating"
ordnance-v29-ga-0205,81 мм Nammo IR-smoke,AMMUNITION,mortars,yes,yes,"Nammo Ammunition Handbook 2023; Nammo — Ammunition Handbook, Edition 7 (August 2024), стр. 125, 81 mm IR-SMK"
ordnance-v29-ga-0206,81 мм Nammo practice,AMMUNITION,mortars,yes,no,"Nammo Ammunition Handbook 2023; Nammo — Ammunition Handbook, Edition 7 (August 2024), стр. 123: наполнение и массы"
ordnance-v29-ga-0207,RAK 120 мм illumination,AMMUNITION,mortars,yes,yes,"Dezamet — Mortar Ammunition; Dezamet — каталог производителя, 120-мм миномётная таблица, PDF 1"
ordnance-v29-ga-0208,RAK 120 мм smoke,AMMUNITION,mortars,yes,yes,"Dezamet — Mortar Ammunition; Dezamet — каталог производителя, 120-мм миномётная таблица, PDF 1"
ordnance-v29-ga-0209,RAK-HE-1 120 мм,AMMUNITION,mortars,yes,yes,"Dezamet — Mortar Ammunition; Dezamet — RAK-HE-1, награда 2021; Dezamet — каталог производителя, 120-мм миномётная таблица, PDF 1"
ordnance-v29-ga-0210,120 мм M929,AMMUNITION,mortars,yes,yes,"U.S. Army CPE — Mortar Ammo; TM 43-0001-28 — Army Ammunition Data Sheets; Армия США — TM 43-0001-28 (28 April 1994; Change 11, 27 October 2003), печатная с. 4-112.1, PDF 526: целевое наполнение"
ordnance-v29-ga-0211,120 мм M930,AMMUNITION,mortars,yes,yes,"U.S. Army CPE — Mortar Ammo; Армия США — TM 43-0001-28 (28 April 1994; Change 11, 27 October 2003), печатная с. 4-115, PDF 530: целевое наполнение"
ordnance-v29-ga-0212,120 мм M931,AMMUNITION,mortars,yes,yes,"U.S. Army CPE — Mortar Ammo; Армия США — TM 43-0001-28 (28 April 1994; Change 11, 27 October 2003), печатная с. 4-117, PDF 532: целевое наполнение"
ordnance-v29-ga-0213,120 мм M933,AMMUNITION,mortars,yes,yes,"U.S. Army CPE — Mortar Ammo; TM 43-0001-28 — Army Ammunition Data Sheets; US Army — TM 43-0001-28 (April 1994, с поправками по Change 11), стр. 4-103, M933"
ordnance-v29-ga-0214,120 мм M934A1,AMMUNITION,mortars,yes,yes,"U.S. Army CPE — Mortar Ammo; TM 43-0001-28 — Army Ammunition Data Sheets; TM 43-0001-28 — Army Ammunition Data Sheets, физическая страница PDF 518; Армия США — TM 43-0001-28 (28 April 1994; Change 11, 27 October 2003), печатная с. 4-106.1, PDF 518: целевое наполнение"
ordnance-v29-ga-0215,120 мм M983,AMMUNITION,mortars,yes,yes,"U.S. Army CPE — Mortar Ammo; Армия США — TM 43-0001-28 (28 April 1994; Change 11, 27 October 2003), печатная с. 4-119, PDF 534: целевое наполнение"
ordnance-v29-ga-0216,120 мм M57,AMMUNITION,mortars,yes,yes,"TM 43-0001-28 — Army Ammunition Data Sheets; Армия США — TM 43-0001-28 (1994; Change 11, 2003), с. 4-107, PDF 520: наполнение"
ordnance-v29-ga-0217,120 мм M68,AMMUNITION,mortars,yes,yes,"TM 43-0001-28 — Army Ammunition Data Sheets; Армия США — TM 43-0001-28 (1994; Change 11, 2003), с. 4-109, PDF 522: наполнение"
ordnance-v29-ga-0218,120 мм M91,AMMUNITION,mortars,yes,yes,"TM 43-0001-28 — Army Ammunition Data Sheets; Армия США — TM 43-0001-28 (1994; Change 11, 2003), с. 4-113, PDF 528: наполнение"
ordnance-v29-ga-0221,120 мм M934,AMMUNITION,mortars,yes,yes,"TM 43-0001-28 — Army Ammunition Data Sheets; US Army — TM 43-0001-28 (April 1994, с поправками по Change 11), стр. 4-105, M934"
ordnance-v29-ga-0223,120 мм XM930,AMMUNITION,mortars,yes,yes,"TM 43-0001-28 — Army Ammunition Data Sheets; Армия США — бюджетное обоснование XM930/M930 (2005); U.S. Army — TM 43-0001-28, Change 11, лист 4-115 / PDF-стр. 530: M930"
ordnance-v29-ga-0224,4.2-inch M2,AMMUNITION,mortars,yes,yes,"TM 43-0001-28 — Army Ammunition Data Sheets; U.S. Army — TM 43-0001-28 (1994, изменения до 2003), PDF 494, 495, 496, 497"
ordnance-v29-ga-0225,4.2-inch M2A1,AMMUNITION,mortars,yes,yes,"TM 43-0001-28 — Army Ammunition Data Sheets; U.S. Army — TM 43-0001-28 (1994, изменения до 2003), PDF 494, 495, 496, 497"
ordnance-v29-ga-0226,4.2-inch M3,AMMUNITION,mortars,yes,yes,"TM 43-0001-28 — Army Ammunition Data Sheets; US Army — TM 43-0001-28 (28 April 1994, Change 11 от 27 October 2003), стр. 4-87–4-88, M3"
ordnance-v29-ga-0227,4.2-inch M328,AMMUNITION,mortars,yes,yes,"TM 43-0001-28 — Army Ammunition Data Sheets; Армия США — TM 43-0001-28 (28 April 1994; Change 11, 27 October 2003), 4-89–4-90 (PDF 500–501): наполнение и физические характеристики"
ordnance-v29-ga-0228,4.2-inch M328A1,AMMUNITION,mortars,yes,yes,"TM 43-0001-28 — Army Ammunition Data Sheets; Армия США — TM 43-0001-28 (28 April 1994; Change 11, 27 October 2003), 4-89–4-90 (PDF 500–501): наполнение и физические характеристики"
ordnance-v29-ga-0229,4.2-inch M329,AMMUNITION,mortars,yes,yes,"TM 43-0001-28 — Army Ammunition Data Sheets; US Army — TM 43-0001-28 (28 April 1994, Change 11 от 27 October 2003), стр. 4-91–4-92, M329"
ordnance-v29-ga-0230,4.2-inch M329A1,AMMUNITION,mortars,yes,yes,"TM 43-0001-28 — Army Ammunition Data Sheets; US Army — TM 43-0001-28 (28 April 1994, Change 11 от 27 October 2003), стр. 4-93–4-94, M329A1"
ordnance-v29-ga-0231,4.2-inch M329A2,AMMUNITION,mortars,yes,yes,"TM 43-0001-28 — Army Ammunition Data Sheets; US Army — TM 43-0001-28 (28 April 1994, Change 11 от 27 October 2003), стр. 4-95–4-96, M329A2"
ordnance-v29-ga-0232,4.2-inch M329B1,AMMUNITION,mortars,yes,yes,"TM 43-0001-28 — Army Ammunition Data Sheets; US Army — TM 43-0001-28 (28 April 1994, Change 11 от 27 October 2003), стр. 4-91–4-92, M329B1"
ordnance-v29-ga-0233,4.2-inch M335,AMMUNITION,mortars,yes,yes,"TM 43-0001-28 — Army Ammunition Data Sheets; Армия США — TM 43-0001-28 (28 April 1994; Change 11, 27 October 2003), 4-97–4-98 (PDF 508–509): наполнение и физические характеристики"
ordnance-v29-ga-0234,4.2-inch M335A1,AMMUNITION,mortars,yes,yes,"TM 43-0001-28 — Army Ammunition Data Sheets; Армия США — TM 43-0001-28 (28 April 1994; Change 11, 27 October 2003), 4-97–4-98 (PDF 508–509): наполнение и физические характеристики"
ordnance-v29-ga-0235,4.2-inch M335A2,AMMUNITION,mortars,yes,yes,"TM 43-0001-28 — Army Ammunition Data Sheets; Армия США — TM 43-0001-28 (28 April 1994; Change 11, 27 October 2003), 4-99–4-100 (PDF 510–511): наполнение и физические характеристики"
ordnance-v29-ga-0236,4.2-inch M3A1,AMMUNITION,mortars,yes,yes,"TM 43-0001-28 — Army Ammunition Data Sheets; US Army — TM 43-0001-28 (28 April 1994, Change 11 от 27 October 2003), стр. 4-87–4-88, M3A1"
ordnance-v29-ga-0237,4.2-inch M630,AMMUNITION,mortars,yes,yes,"TM 43-0001-28 — Army Ammunition Data Sheets; U.S. Army — TM 43-0001-28 (1994, изменения до 2003), PDF 512, 513"
ordnance-v29-ga-0238,60 мм M1061,AMMUNITION,mortars,yes,yes,"U.S. Army CPE — Mortar Ammo; U.S. Army JPEO A&A — Portfolio Book 2025, PDF 81: справочные физические данные; GD-OTS Canada — 60mm MAPAM, 2-2015, PDF 2: сопоставление US Type Ref. M1061 с Army Portfolio 2025"
ordnance-v29-ga-0239,60 мм M720A1,AMMUNITION,mortars,yes,yes,"U.S. Army CPE — Mortar Ammo; US Army — TM 43-0001-28 (April 1994, с поправками по Change 11), стр. 4-10.1, M720A1"
ordnance-v29-ga-0240,60 мм M721,AMMUNITION,mortars,yes,yes,"U.S. Army CPE — Mortar Ammo; TM 43-0001-28 — Army Ammunition Data Sheets; Армия США — TM 43-0001-28 (28 April 1994; Change 11, 27 October 2003), печатная с. 4-11, PDF 414: целевое наполнение"
ordnance-v29-ga-0241,60 мм M722A1,AMMUNITION,mortars,yes,yes,"U.S. Army CPE — Mortar Ammo; Армия США — TM 43-0001-28 (28 April 1994; Change 11, 27 October 2003), печатная с. 4-14.3, PDF 420: целевое наполнение"
ordnance-v29-ga-0242,60 мм M767,AMMUNITION,mortars,yes,yes,"U.S. Army CPE — Mortar Ammo; TM 43-0001-28 — Army Ammunition Data Sheets; Армия США — TM 43-0001-28 (28 April 1994; Change 11, 27 October 2003), печатная с. 4-12.1, PDF 416: целевое наполнение"
ordnance-v29-ga-0243,60 мм M768,AMMUNITION,mortars,yes,yes,"U.S. Army CPE — Mortar Ammo; TM 43-0001-28 — Army Ammunition Data Sheets, физическая страница PDF 412; Армия США — TM 43-0001-28 (28 April 1994; Change 11, 27 October 2003), печатная с. 4-10.3, PDF 412: целевое наполнение"
ordnance-v29-ga-0244,60 мм M769,AMMUNITION,mortars,yes,yes,"U.S. Army CPE — Mortar Ammo; Армия США — TM 43-0001-28 (28 April 1994; Change 11, 27 October 2003), печатная с. 4-30.2, PDF 439: целевое наполнение"
ordnance-v29-ga-0245,60 мм M888,AMMUNITION,mortars,yes,yes,"U.S. Army CPE — Mortar Ammo; TM 43-0001-28 — Army Ammunition Data Sheets; Армия США — TM 43-0001-28 (28 April 1994; Change 11, 27 October 2003), печатная с. 4-15, PDF 422: целевое наполнение"
ordnance-v29-ga-0246,60 мм M302,AMMUNITION,mortars,yes,yes,"TM 43-0001-28 — Army Ammunition Data Sheets; Армия США — TM 43-0001-28 (28 April 1994; Change 11, 27 October 2003), 4-23–4-24 (PDF 430–431): наполнение и физические характеристики"
ordnance-v29-ga-0247,60 мм M302A1,AMMUNITION,mortars,yes,yes,"TM 43-0001-28 — Army Ammunition Data Sheets; Армия США — TM 43-0001-28 (28 April 1994; Change 11, 27 October 2003), 4-25–4-26 (PDF 432–433): наполнение и физические характеристики"
ordnance-v29-ga-0248,60 мм M302A2,AMMUNITION,mortars,yes,yes,"TM 43-0001-28 — Army Ammunition Data Sheets; Армия США — TM 43-0001-28 (28 April 1994; Change 11, 27 October 2003), 4-25–4-26 (PDF 432–433): наполнение и физические характеристики"
ordnance-v29-ga-0249,60 мм M49A2,AMMUNITION,mortars,yes,yes,"TM 43-0001-28 — Army Ammunition Data Sheets; US Army — TM 43-0001-28 (28 April 1994, Change 11 от 27 October 2003), стр. 4-3–4-4, M49A2"
ordnance-v29-ga-0250,60 мм M49A3,AMMUNITION,mortars,yes,yes,"TM 43-0001-28 — Army Ammunition Data Sheets; US Army — TM 43-0001-28 (28 April 1994, Change 11 от 27 October 2003), стр. 4-3–4-4, M49A3"
ordnance-v29-ga-0251,60 мм M49A4,AMMUNITION,mortars,yes,yes,"TM 43-0001-28 — Army Ammunition Data Sheets; US Army — TM 43-0001-28 (28 April 1994, Change 11 от 27 October 2003), стр. 4-5–4-6, M49A4"
ordnance-v29-ga-0252,60 мм M49A5,AMMUNITION,mortars,yes,yes,"TM 43-0001-28 — Army Ammunition Data Sheets; US Army — TM 43-0001-28 (28 April 1994, Change 11 от 27 October 2003), стр. 4-7–4-8, M49A5"
ordnance-v29-ga-0253,60 мм M50A3,AMMUNITION,mortars,yes,yes,"TM 43-0001-28 — Army Ammunition Data Sheets; Армия США — TM 43-0001-28 (28 April 1994; Change 11, 27 October 2003), 4-17–4-18 (PDF 424–425): наполнение и физические характеристики"
ordnance-v29-ga-0254,60 мм M69,AMMUNITION,mortars,yes,yes,"TM 43-0001-28 — Army Ammunition Data Sheets; Армия США — TM 43-0001-28 (28 April 1994; Change 11, 27 October 2003), 4-19–4-20 (PDF 426–427): наполнение и физические характеристики"
ordnance-v29-ga-0255,60 мм M720,AMMUNITION,mortars,yes,yes,"TM 43-0001-28 — Army Ammunition Data Sheets; US Army — TM 43-0001-28 (April 1994, с поправками по Change 11), стр. 4-9–4-10, M720"
ordnance-v29-ga-0257,60 мм M722,AMMUNITION,mortars,yes,yes,"TM 43-0001-28 — Army Ammunition Data Sheets; Армия США — TM 43-0001-28 (28 April 1994; Change 11, 27 October 2003), 4-13–4-14 (PDF 418–419): наполнение и физические характеристики"
ordnance-v29-ga-0259,60 мм M83A1,AMMUNITION,mortars,yes,yes,"TM 43-0001-28 — Army Ammunition Data Sheets; Армия США — TM 43-0001-28 (28 April 1994; Change 11, 27 October 2003), 4-21–4-22 (PDF 428–429): наполнение и физические характеристики"
ordnance-v29-ga-0260,60 мм M83A2,AMMUNITION,mortars,yes,yes,"TM 43-0001-28 — Army Ammunition Data Sheets; Армия США — TM 43-0001-28 (28 April 1994; Change 11, 27 October 2003), 4-21–4-22 (PDF 428–429): наполнение и физические характеристики"
ordnance-v29-ga-0261,60 мм M83A3,AMMUNITION,mortars,yes,yes,"TM 43-0001-28 — Army Ammunition Data Sheets; Армия США — TM 43-0001-28 (28 April 1994; Change 11, 27 October 2003), 4-21–4-22 (PDF 428–429): наполнение и физические характеристики"
ordnance-v29-ga-0263,81 мм M816,AMMUNITION,mortars,yes,yes,"U.S. Army CPE — Mortar Ammo; TM 43-0001-28 — Army Ammunition Data Sheets; Армия США — TM 43-0001-28 (28 April 1994; Change 11, 27 October 2003), печатная с. 4-66.2, PDF 477: целевое наполнение"
ordnance-v29-ga-0264,81 мм M819,AMMUNITION,mortars,yes,yes,"U.S. Army CPE — Mortar Ammo; TM 43-0001-28 — Army Ammunition Data Sheets; Армия США — TM 43-0001-28 (28 April 1994; Change 11, 27 October 2003), печатная с. 4-67, PDF 478: целевое наполнение"
ordnance-v29-ga-0265,81 мм M821A2,AMMUNITION,mortars,yes,yes,"U.S. Army CPE — Mortar Ammo; U.S. Army PEO Ammunition — Systems Portfolio Book 2012–2013 (DTIC ADA567897), печатная с. 41 / PDF 42"
ordnance-v29-ga-0266,81 мм M821A4,AMMUNITION,mortars,yes,yes,"U.S. Army CPE — Mortar Ammo; U.S. Army JPEO A&A — Portfolio Book 2025, PDF 93: справочные физические данные"
ordnance-v29-ga-0267,81 мм M853A1,AMMUNITION,mortars,yes,yes,"U.S. Army CPE — Mortar Ammo; TM 43-0001-28 — Army Ammunition Data Sheets; Армия США — TM 43-0001-28 (28 April 1994; Change 11, 27 October 2003), печатная с. 4-71, PDF 482: целевое наполнение"
ordnance-v29-ga-0268,81 мм M879,AMMUNITION,mortars,yes,yes,"U.S. Army CPE — Mortar Ammo; TM 43-0001-28 — Army Ammunition Data Sheets; Армия США — TM 43-0001-28 (28 April 1994; Change 11, 27 October 2003), печатные 4-77–4-78, PDF 488–489: наполнение и внешние параметры"
ordnance-v29-ga-0269,81 мм M889A1,AMMUNITION,mortars,yes,yes,"U.S. Army CPE — Mortar Ammo; 2d CEB Live-Fire Mortar Range (7712266) — Wikimedia Commons; US Army — TM 43-0001-28 (April 1994, с поправками по Change 11), стр. 4-81, M889A1"
ordnance-v29-ga-0270,81 мм M889A2,AMMUNITION,mortars,yes,yes,"U.S. Army CPE — Mortar Ammo; US Army ARDEC — 81mm HE Mortar Cartridges M889A1, M889A2 and M821A2, slide 3; U.S. Army JPEO A&A — Portfolio Book 2025, PDF 92: справочные физические данные"
ordnance-v29-ga-0271,81 мм M301A1,AMMUNITION,mortars,yes,yes,"TM 43-0001-28 — Army Ammunition Data Sheets; Армия США — TM 43-0001-28 (28 April 1994; Change 11, 27 October 2003), 4-41–4-42 (PDF 450–451): наполнение и физические характеристики"
ordnance-v29-ga-0272,81 мм M301A2,AMMUNITION,mortars,yes,yes,"TM 43-0001-28 — Army Ammunition Data Sheets; Армия США — TM 43-0001-28 (28 April 1994; Change 11, 27 October 2003), 4-41–4-42 (PDF 450–451): наполнение и физические характеристики"
ordnance-v29-ga-0273,81 мм M301A3,AMMUNITION,mortars,yes,yes,"TM 43-0001-28 — Army Ammunition Data Sheets; Армия США — TM 43-0001-28 (28 April 1994; Change 11, 27 October 2003), 4-43–4-44 (PDF 452–453): наполнение и физические характеристики"
ordnance-v29-ga-0274,81 мм M362,AMMUNITION,mortars,yes,yes,"TM 43-0001-28 — Army Ammunition Data Sheets; US Army — TM 43-0001-28 (28 April 1994, Change 11 от 27 October 2003), стр. 4-45–4-46, M362"
ordnance-v29-ga-0275,81 мм M362A1,AMMUNITION,mortars,yes,yes,"TM 43-0001-28 — Army Ammunition Data Sheets; US Army — TM 43-0001-28 (28 April 1994, Change 11 от 27 October 2003), стр. 4-45–4-46, M362A1"
ordnance-v29-ga-0276,81 мм M370,AMMUNITION,mortars,yes,yes,"TM 43-0001-28 — Army Ammunition Data Sheets; Армия США — TM 43-0001-28 (28 April 1994; Change 11, 27 October 2003), печатная с. 4-48, PDF 457: целевое наполнение"
ordnance-v29-ga-0277,81 мм M374,AMMUNITION,mortars,yes,yes,"TM 43-0001-28 — Army Ammunition Data Sheets; US Army — TM 43-0001-28 (28 April 1994, Change 11 от 27 October 2003), стр. 4-49–4-50, M374"
ordnance-v29-ga-0278,81 мм M374A2,AMMUNITION,mortars,yes,yes,"TM 43-0001-28 — Army Ammunition Data Sheets; US Army — TM 43-0001-28 (28 April 1994, Change 11 от 27 October 2003), стр. 4-49–4-50, M374A2"
ordnance-v29-ga-0279,81 мм M374A3,AMMUNITION,mortars,yes,yes,"TM 43-0001-28 — Army Ammunition Data Sheets; US Army — TM 43-0001-28 (28 April 1994, Change 11 от 27 October 2003), стр. 4-53–4-54, M374A3"
ordnance-v29-ga-0280,81 мм M375,AMMUNITION,mortars,yes,yes,"TM 43-0001-28 — Army Ammunition Data Sheets; Армия США — TM 43-0001-28 (28 April 1994; Change 11, 27 October 2003), 4-61–4-62 (PDF 470–471): наполнение и физические характеристики"
ordnance-v29-ga-0281,81 мм M375A1,AMMUNITION,mortars,yes,yes,"TM 43-0001-28 — Army Ammunition Data Sheets; Армия США — TM 43-0001-28 (28 April 1994; Change 11, 27 October 2003), 4-55–4-56 (PDF 464–465): наполнение и физические характеристики"
ordnance-v29-ga-0282,81 мм M375A2,AMMUNITION,mortars,yes,yes,"TM 43-0001-28 — Army Ammunition Data Sheets; Армия США — TM 43-0001-28 (28 April 1994; Change 11, 27 October 2003), 4-55–4-56 (PDF 464–465): наполнение и физические характеристики"
ordnance-v29-ga-0283,81 мм M375A3,AMMUNITION,mortars,yes,yes,"TM 43-0001-28 — Army Ammunition Data Sheets; Армия США — TM 43-0001-28 (28 April 1994; Change 11, 27 October 2003), 4-59–4-60 (PDF 468–469): наполнение и физические характеристики"
ordnance-v29-ga-0284,81 мм M43A1,AMMUNITION,mortars,yes,yes,"TM 43-0001-28 — Army Ammunition Data Sheets; US Army — TM 43-0001-28 (28 April 1994, Change 11 от 27 October 2003), стр. 4-35–4-36, M43A1"
ordnance-v29-ga-0285,81 мм M43A1B1,AMMUNITION,mortars,yes,yes,"TM 43-0001-28 — Army Ammunition Data Sheets; US Army — TM 43-0001-28 (28 April 1994, Change 11 от 27 October 2003), стр. 4-35–4-36, M43A1B1"
ordnance-v29-ga-0286,81 мм M445,AMMUNITION,mortars,yes,yes,"TM 43-0001-28 — Army Ammunition Data Sheets; Армия США — TM 43-0001-28 (28 April 1994; Change 11, 27 October 2003), печатная с. 4-66, PDF 475: целевое наполнение"
ordnance-v29-ga-0287,81 мм M57,AMMUNITION,mortars,yes,yes,"TM 43-0001-28 — Army Ammunition Data Sheets; Армия США — TM 43-0001-28 (28 April 1994; Change 11, 27 October 2003), 4-37–4-38 (PDF 446–447): наполнение и физические характеристики"
ordnance-v29-ga-0288,81 мм M57A1,AMMUNITION,mortars,yes,yes,"TM 43-0001-28 — Army Ammunition Data Sheets; Армия США — TM 43-0001-28 (28 April 1994; Change 11, 27 October 2003), 4-37–4-38 (PDF 446–447): наполнение и физические характеристики"
ordnance-v29-ga-0289,81 мм M68,AMMUNITION,mortars,yes,yes,"TM 43-0001-28 — Army Ammunition Data Sheets; Армия США — TM 43-0001-28 (28 April 1994; Change 11, 27 October 2003), 4-39–4-40 (PDF 448–449): наполнение и физические характеристики"
ordnance-v29-ga-0292,81 мм M821,AMMUNITION,mortars,yes,yes,"TM 43-0001-28 — Army Ammunition Data Sheets; US Army — TM 43-0001-28 (April 1994, с поправками по Change 11), стр. 4-69, M821"
ordnance-v29-ga-0293,81 мм M821E1,AMMUNITION,mortars,yes,yes,"TM 43-0001-28 — Army Ammunition Data Sheets; Армия США, TM 9-1300-251-20&P, таблица 2-6, стр. 2-21; Армия США, ARDEC Circular 70-1, M821E1/M889E1; U.S. Army ARDEC — Circular 70-1, M821E1 / M889E1, печатная стр. 15 / PDF-стр. 26; U.S. Army — TM 43-0001-28, листы 4-75–76 и 4-81: разграничение E1 в оглавлении и A1 в заголовке"
ordnance-v29-ga-0296,81 мм M880,AMMUNITION,mortars,yes,yes,"TM 43-0001-28 — Army Ammunition Data Sheets; Армия США — TM 43-0001-28 (28 April 1994; Change 11, 27 October 2003), печатная с. 4-79, PDF 490: целевое наполнение"
ordnance-v29-ga-0297,81 мм M889,AMMUNITION,mortars,yes,yes,"TM 43-0001-28 — Army Ammunition Data Sheets; US Army — TM 43-0001-28 (April 1994, с поправками по Change 11), стр. 4-73, M889"
ordnance-v29-ga-0298,81 мм M889E1,AMMUNITION,mortars,yes,yes,"TM 43-0001-28 — Army Ammunition Data Sheets; Повторная проверка модели и визуалов; фото не подтверждено; Повторная проверка модели и визуалов; точное фото не подтверждено; DVIDS — MRF-E 1/92 weapons company field exercise; Армия США, TM 9-1300-251-20&P, таблица 2-6, стр. 2-21; Армия США, ARDEC Circular 70-1, M821E1/M889E1; U.S. Army ARDEC — Circular 70-1, M821E1 / M889E1, печатная стр. 15 / PDF-стр. 26; U.S. Army — TM 43-0001-28, листы 4-75–76 и 4-81: разграничение E1 в оглавлении и A1 в заголовке"
ordnance-v29-ga-0299,120 мм MKE mortar family,AMMUNITION,mortars,yes,yes,"MKE — миномётные боеприпасы 120 мм; MKE — Ammunition Catalogue, PDF 10: справочные сведения"
ordnance-v29-ga-0300,60 мм MKE mortar family,AMMUNITION,mortars,yes,yes,"MKE — миномётные боеприпасы 60 мм; MKE — Ammunition Catalogue, PDF 7: справочные сведения"
ordnance-v29-ga-0301,81 мм MKE mortar family,AMMUNITION,mortars,yes,yes,"MKE — миномётные боеприпасы 81 мм; MKE — Ammunition Catalogue, PDF 8: справочные сведения; MKE — Ammunition Catalogue, отдельная PDF 9: модели семейства"
ordnance-v29-ga-0302,120 мм мина совместного производства — индекс не опубликован,AMMUNITION,mortars,yes,no,"Ukroboronprom — совместное производство 120-мм мины; Укроборонпром: собственное сообщение о совместном производстве 120-мм мины, 09.02.2023"
ordnance-v29-ga-0303,120 mm mortar family KNDS,AMMUNITION,mortars,yes,yes,"KNDS — M530A2, пример из линейки; KNDS — 120MM MORTAR HE M530A2, отдельный лист каталога, стр. 35; KNDS — 120MM MORTAR HE M530A2, печатная 35: значение и область полей Round mass / Round length"
ordnance-v29-ga-0304,MAPAM 60 мм,AMMUNITION,mortars,yes,yes,"Saab — Warheads and Mortar Ammunition; Saab — Warheads and Mortar Ammunition: MAPAM 60 мм; GD-OTS Canada — 60mm MAPAM Advanced Mortar Round, 2-2015, PDF 2"
ordnance-v29-ga-0305,MAPAM 81 мм,AMMUNITION,mortars,yes,no,Saab — Warheads and Mortar Ammunition; Saab — Warheads and Mortar Ammunition: MAPAM 81 мм
ordnance-v29-ga-0306,THOR 120 мм,AMMUNITION,mortars,yes,yes,"Saab — Warheads and Mortar Ammunition; Saab — Warheads and Mortar Ammunition: THOR 120 мм; Saab — New Mortar Round, THOR, to be Launched at DSEI, 12 September 2017, PDF 2"
ordnance-v29-ga-0371,M18A1,AMMUNITION,mines-antipersonnel,yes,yes,"Армия США, TM 43-0001-36, с. 3-13; Армия США — TM 43-0001-36 (1 September 1994; Change 2, 15 September 1997), печатные 3-13–3-14, PDF 39: наполнение и физические характеристики"
ordnance-v29-ga-0377,M86,AMMUNITION,mines-antipersonnel,yes,yes,"Армия США, TM 43-0001-36, с. 3-21; Wikimedia Commons — M86 PDM; Армия США — TM 43-0001-36 (1 September 1994; Change 2, 15 September 1997), печатные 3-21–3-22, PDF 47: наполнение и физические характеристики"
ordnance-v29-ga-0384,M56 mine dispensing subsystem,AMMUNITION,mines-special,yes,yes,"Армия США, TM 43-0001-36, с. 2-17; U.S. Army DAC — Landmine drawings index; Армия США — TM 43-0001-36 (1 September 1994; Change 2, 15 September 1997), печатные 2-17–2-18, PDF 25: наполнение и физические характеристики; Армия США: TM 43-0001-36 (1994, с Change 3 от 14 April 2000), печатные 2-18, PDF 29 — наружные размеры и раздельные массы"
ordnance-v29-ga-0385,M87 Volcano,AMMUNITION,mines-special,yes,yes,"Армия США, TM 43-0001-36, с. 8-3; U.S. Army DAC — Landmine drawings index; Армия США — TM 43-0001-36 (1 September 1994; Change 2, 15 September 1997), печатные 8-3–8-4, PDF 116: наполнение и физические характеристики"
ordnance-v29-ga-0386,M88 Volcano,AMMUNITION,mines-special,yes,yes,"Армия США, TM 43-0001-36, с. 8-7; U.S. Army DAC — Landmine drawings index; Армия США — TM 43-0001-36 (1 September 1994; Change 2, 15 September 1997), печатные 8-7, PDF 120: наполнение и физические характеристики"
ordnance-v29-ga-0387,Spider XM10,AMMUNITION,mines-special,yes,no,"U.S. Army Defense Ammunition Center, Spider components; U.S. Army DAC — Landmine drawings index; Повторная проверка модели и визуалов; фото не подтверждено; Повторная проверка модели и визуалов; точное фото не подтверждено; U.S. Army — M7 Spider как единая сетевая система; U.S. Army Defense Ammunition Center: Landmines, открытый указатель XM10"
ordnance-v29-ga-0388,Spider XM332,AMMUNITION,mines-special,yes,no,"U.S. Army Defense Ammunition Center, Spider components; U.S. Army DAC — Landmine drawings index; Повторная проверка модели и визуалов; фото не подтверждено; Повторная проверка модели и визуалов; точное фото не подтверждено; U.S. Army — M7 Spider как единая сетевая система; U.S. Army Defense Ammunition Center: Landmines, открытый указатель XM332"
ordnance-v29-ga-0389,Spider XM8,AMMUNITION,mines-special,yes,no,"U.S. Army CAPULDI 2024, позиция XM8 Spider; U.S. Army DAC — Landmine drawings index; Повторная проверка модели и визуалов; фото не подтверждено; Повторная проверка модели и визуалов; точное фото не подтверждено; U.S. Army — M7 Spider как единая сетевая система; U.S. Army Defense Ammunition Center: Landmines, открытый указатель XM8"
ordnance-v29-ga-0390,Spider XM9,AMMUNITION,mines-special,yes,no,"U.S. Army CAPULDI 2024, позиция XM9 Spider; U.S. Army DAC — Landmine drawings index; Повторная проверка модели и визуалов; фото не подтверждено; Повторная проверка модели и визуалов; точное фото не подтверждено; U.S. Army — M7 Spider как единая сетевая система; U.S. Army Defense Ammunition Center: Landmines, открытый указатель XM9"
ordnance-v29-ga-0391,Spider XM96,AMMUNITION,mines-special,yes,no,"U.S. Army Defense Ammunition Center, Spider components; U.S. Army DAC — Landmine drawings index; Повторная проверка модели и визуалов; фото не подтверждено; Повторная проверка модели и визуалов; точное фото не подтверждено; U.S. Army — M7 Spider как единая сетевая система; U.S. Army Defense Ammunition Center: Landmines, открытый указатель XM96"
ordnance-v29-ga-0392,XM204 Wide Area Top Attack Munition,AMMUNITION,mines-special,yes,no,"U.S. Army Defense Ammunition Center, XM204; U.S. Army DAC — Landmine drawings index; U.S. Army — XM204 ready for testing; U.S. Army Defense Ammunition Center: Landmines, открытый указатель XM204"
ordnance-v29-ga-0393,XM94 SLAM,AMMUNITION,mines-special,yes,yes,"U.S. Army Defense Ammunition Center, XM94 SLAM; U.S. Army DAC — Landmine drawings index; XM94 SLAM — U.S. Army fact sheet; U.S. Army ARDEC — Circular 70-1, SLAM XM94, печатная стр. 39 / PDF-стр. 52"
ordnance-v29-ga-0394,M10 practice,AMMUNITION,mines-special,yes,yes,"Армия США, TM 43-0001-36, с. 5-5; Армия США — TM 43-0001-36 (1 September 1994; Change 2, 15 September 1997), печатные 5-5–5-6, PDF 56: наполнение и физические характеристики"
ordnance-v29-ga-0395,M12 practice series,AMMUNITION,mines-special,yes,yes,"Армия США, TM 43-0001-36, с. 5-7; Армия США — TM 43-0001-36 (1 September 1994; Change 2, 15 September 1997), печатные 5-7–5-8, PDF 59: наполнение и физические характеристики"
ordnance-v29-ga-0396,M16A1 inert,AMMUNITION,mines-special,yes,yes,"Армия США, TM 43-0001-36, с. 5-9; Армия США — TM 43-0001-36 (1 September 1994; Change 2, 15 September 1997), печатные 5-9, PDF 60: наполнение и физические характеристики; Армия США: TM 43-0001-36 (1994, с Change 3 от 14 April 2000), печатные 5-9 и 3-10, PDF 64, 39 — наружные размеры и раздельные массы"
ordnance-v29-ga-0397,M20 practice,AMMUNITION,mines-special,yes,yes,"Армия США, TM 43-0001-36, с. 5-15; Армия США — TM 43-0001-36 (1 September 1994; Change 2, 15 September 1997), печатные 5-15–5-16, PDF 67: наполнение и физические характеристики"
ordnance-v29-ga-0398,M35 practice,AMMUNITION,mines-special,yes,yes,"Армия США, TM 43-0001-36, с. 5-17; Армия США — TM 43-0001-36 (1 September 1994; Change 2, 15 September 1997), печатные 5-17–5-18, PDF 68: наполнение и физические характеристики"
ordnance-v29-ga-0399,M68 practice,AMMUNITION,mines-special,yes,yes,"Армия США, TM 43-0001-36, с. 5-19; Армия США — TM 43-0001-36 (1 September 1994; Change 2, 15 September 1997), печатные 5-19–5-20, PDF 71: наполнение и физические характеристики"
ordnance-v29-ga-0400,M69 practice,AMMUNITION,mines-special,yes,yes,"Армия США, TM 43-0001-36, с. 5-21; Армия США — TM 43-0001-36 (1 September 1994; Change 2, 15 September 1997), печатные 5-21–5-22, PDF 72: наполнение и физические характеристики; Армия США: TM 43-0001-36 (1994, с Change 3 от 14 April 2000), печатные 5-21, PDF 76 — наружные размеры и раздельные массы"
ordnance-v29-ga-0401,M79 practice,AMMUNITION,mines-special,yes,yes,"Армия США, TM 43-0001-36, с. 5-25; Армия США — TM 43-0001-36 (1 September 1994; Change 2, 15 September 1997), печатные 5-25–5-26, PDF 77: наполнение и физические характеристики"
ordnance-v29-ga-0402,M8 practice,AMMUNITION,mines-special,yes,yes,"Армия США, TM 43-0001-36, с. 5-3; Армия США — TM 43-0001-36 (1 September 1994; Change 2, 15 September 1997), печатные 5-3–5-4, PDF 55: наполнение и физические характеристики"
ordnance-v29-ga-0403,M80 practice,AMMUNITION,mines-special,yes,yes,"Армия США, TM 43-0001-36, с. 5-13; Армия США — TM 43-0001-36 (1 September 1994; Change 2, 15 September 1997), печатные 5-13–5-14, PDF 64: наполнение и физические характеристики"
ordnance-v29-ga-0404,M81 practice,AMMUNITION,mines-special,yes,yes,"Армия США, TM 43-0001-36, с. 5-11; Армия США — TM 43-0001-36 (1 September 1994; Change 2, 15 September 1997), печатные 5-11, PDF 62: наполнение и физические характеристики; Армия США: TM 43-0001-36 (1994, с Change 3 от 14 April 2000), печатные 5-11 и 3-10, PDF 66, 39 — наружные размеры и раздельные массы"
ordnance-v29-ga-0405,M8A1 practice,AMMUNITION,mines-special,yes,yes,"Армия США, TM 43-0001-36, с. 5-3; Армия США — TM 43-0001-36 (1 September 1994; Change 2, 15 September 1997), печатные 5-3–5-4, PDF 55: наполнение и физические характеристики"
ordnance-v29-ga-0406,120 мм IM Canister,AMMUNITION,cannon-ammunition,yes,yes,"Nammo Ammunition Handbook 2024, с. 117 — 120 mm IM Canister; Nammo — Ammunition Handbook, Edition 7 (August 2024), стр. 117: наполнение и массы"
ordnance-v29-ga-0407,120 мм IM HE-T,AMMUNITION,cannon-ammunition,yes,yes,"Nammo Ammunition Handbook 2024, с. 114 — 120 mm IM HE-T; Nammo — Ammunition Handbook, Edition 7 (August 2024), стр. 114: наполнение и массы"
ordnance-v29-ga-0408,120 мм IM TP-T,AMMUNITION,cannon-ammunition,yes,yes,"Nammo Ammunition Handbook 2024, с. 115 — 120 mm IM TP-T; Nammo — Ammunition Handbook, Edition 7 (August 2024), стр. 115: наполнение и массы"
ordnance-v29-ga-0409,120 мм KE-TP,AMMUNITION,cannon-ammunition,yes,yes,"Nammo Ammunition Handbook 2024, с. 116 — 120 mm KE-TP; Nammo — Ammunition Handbook, Edition 7 (August 2024), стр. 116: наполнение и массы"
ordnance-v29-ga-0410,20×102 MP LD M70,AMMUNITION,cannon-ammunition,yes,yes,"Nammo Ammunition Handbook 2024, с. 66; Nammo — Ammunition Handbook, Edition 7 (August 2024), стр. 66: наполнение и массы"
ordnance-v29-ga-0411,20×102 MP LD M70A1,AMMUNITION,cannon-ammunition,yes,yes,"Nammo Ammunition Handbook 2024, с. 66; Nammo — Ammunition Handbook, Edition 7 (August 2024), стр. 66: наполнение и массы"
ordnance-v29-ga-0412,20×102 MP M70A2,AMMUNITION,cannon-ammunition,yes,yes,"Nammo Ammunition Handbook 2024, с. 69; Nammo — Ammunition Handbook, Edition 7 (August 2024), стр. 69: наполнение и массы"
ordnance-v29-ga-0413,20×102 TP LD M12,AMMUNITION,cannon-ammunition,yes,yes,"Nammo Ammunition Handbook 2024, с. 68; Nammo — Ammunition Handbook, Edition 7 (August 2024), стр. 68: наполнение и массы"
ordnance-v29-ga-0414,20×102 TP-RRR LD,AMMUNITION,cannon-ammunition,yes,yes,"Nammo Ammunition Handbook 2024, с. 67; Nammo — Ammunition Handbook, Edition 7 (August 2024), стр. 67: наполнение и массы"
ordnance-v29-ga-0415,20×102 TP-T LD M13,AMMUNITION,cannon-ammunition,yes,yes,"Nammo Ammunition Handbook 2024, с. 68; Nammo — Ammunition Handbook, Edition 7 (August 2024), стр. 68: наполнение и массы"
ordnance-v29-ga-0416,20×128 API-T,AMMUNITION,cannon-ammunition,yes,yes,"Nammo Ammunition Handbook 2024, с. 73; Nammo — Ammunition Handbook, Edition 7 (August 2024), стр. 73: наполнение и массы"
ordnance-v29-ga-0417,20×128 HEI/SD,AMMUNITION,cannon-ammunition,yes,yes,"Nammo Ammunition Handbook 2024, с. 72; Nammo — Ammunition Handbook, Edition 7 (August 2024), стр. 72: наполнение и массы"
ordnance-v29-ga-0418,20×128 TP,AMMUNITION,cannon-ammunition,yes,yes,"Nammo Ammunition Handbook 2024, с. 74; Nammo — Ammunition Handbook, Edition 7 (August 2024), стр. 74: наполнение и массы"
ordnance-v29-ga-0419,20×139 MP-T SD,AMMUNITION,cannon-ammunition,yes,yes,"Nammo Ammunition Handbook 2024, с. 75; Nammo — Ammunition Handbook, Edition 7 (August 2024), стр. 75: наполнение и массы"
ordnance-v29-ga-0420,25×137 APEX,AMMUNITION,cannon-ammunition,yes,yes,"Nammo Ammunition Handbook 2024, с. 77; Nammo — Ammunition Handbook, Edition 7 (August 2024), стр. 77: наполнение и массы"
ordnance-v29-ga-0421,25×137 HEI,AMMUNITION,cannon-ammunition,yes,yes,"Nammo Ammunition Handbook 2024, с. 80; Nammo — Ammunition Handbook, Edition 7 (August 2024), стр. 80: наполнение и массы"
ordnance-v29-ga-0422,25×137 HEI-T,AMMUNITION,cannon-ammunition,yes,yes,"Nammo Ammunition Handbook 2024, с. 80; Nammo — Ammunition Handbook, Edition 7 (August 2024), стр. 80: наполнение и массы"
ordnance-v29-ga-0423,25×137 HEI/SD,AMMUNITION,cannon-ammunition,yes,yes,"Nammo Ammunition Handbook 2024, с. 81; Nammo — Ammunition Handbook, Edition 7 (August 2024), стр. 81: наполнение и массы"
ordnance-v29-ga-0424,25×137 MP-T SD,AMMUNITION,cannon-ammunition,yes,yes,"Nammo Ammunition Handbook 2024, с. 79; Nammo — Ammunition Handbook, Edition 7 (August 2024), стр. 79: наполнение и массы"
ordnance-v29-ga-0425,25×137 SAPHEI-T,AMMUNITION,cannon-ammunition,yes,yes,"Nammo Ammunition Handbook 2024, с. 76; Nammo — Ammunition Handbook, Edition 7 (August 2024), стр. 76: наполнение и массы"
ordnance-v29-ga-0426,25×137 SAPHEI/SD,AMMUNITION,cannon-ammunition,yes,yes,"Nammo Ammunition Handbook 2024, с. 82; Nammo — Ammunition Handbook, Edition 7 (August 2024), стр. 82: наполнение и массы"
ordnance-v29-ga-0427,25×137 TP,AMMUNITION,cannon-ammunition,yes,yes,"Nammo Ammunition Handbook 2024, с. 83; Nammo — Ammunition Handbook, Edition 7 (August 2024), стр. 83: наполнение и массы"
ordnance-v29-ga-0428,25×137 TP-RRR,AMMUNITION,cannon-ammunition,yes,yes,"Nammo Ammunition Handbook 2024, с. 78; Nammo — Ammunition Handbook, Edition 7 (August 2024), стр. 78: наполнение и массы"
ordnance-v29-ga-0429,25×137 TP-T,AMMUNITION,cannon-ammunition,yes,yes,"Nammo Ammunition Handbook 2024, с. 83; Nammo — Ammunition Handbook, Edition 7 (August 2024), стр. 83: наполнение и массы"
ordnance-v29-ga-0430,25×137 TP-T RRR,AMMUNITION,cannon-ammunition,yes,yes,"Nammo Ammunition Handbook 2024, с. 78; Nammo — Ammunition Handbook, Edition 7 (August 2024), стр. 78: наполнение и массы"
ordnance-v29-ga-0431,27×145 MP,AMMUNITION,cannon-ammunition,yes,yes,"Nammo Ammunition Handbook 2024, с. 85; Nammo — Ammunition Handbook, Edition 7 (August 2024), стр. 85: наполнение и массы"
ordnance-v29-ga-0432,27×145 TP-RRR,AMMUNITION,cannon-ammunition,yes,yes,"Nammo Ammunition Handbook 2024, с. 86; Nammo — Ammunition Handbook, Edition 7 (August 2024), стр. 86: наполнение и массы"
ordnance-v29-ga-0433,30×113 TP,AMMUNITION,cannon-ammunition,yes,yes,"Nammo Ammunition Handbook 2024, с. 87; Nammo — Ammunition Handbook, Edition 7 (August 2024), стр. 87: наполнение и массы"
ordnance-v29-ga-0434,30×113 TP-T,AMMUNITION,cannon-ammunition,yes,yes,"Nammo Ammunition Handbook 2024, с. 87; Nammo — Ammunition Handbook, Edition 7 (August 2024), стр. 87: наполнение и массы"
ordnance-v29-ga-0435,30×173 APDS-T,AMMUNITION,cannon-ammunition,yes,yes,"Nammo Ammunition Handbook 2024, с. 95; Nammo — Ammunition Handbook, Edition 7 (August 2024), стр. 95: наполнение и массы"
ordnance-v29-ga-0436,30×173 APFSDS-T,AMMUNITION,cannon-ammunition,yes,yes,"Nammo Ammunition Handbook 2024, с. 92–93; Nammo — Ammunition Handbook, Edition 7 (August 2024), стр. 92–93: наполнение и массы"
ordnance-v29-ga-0437,30×173 HEI,AMMUNITION,cannon-ammunition,yes,yes,"Nammo Ammunition Handbook 2024, с. 88; Nammo — Ammunition Handbook, Edition 7 (August 2024), стр. 88: наполнение и массы"
ordnance-v29-ga-0438,30×173 HEI-T,AMMUNITION,cannon-ammunition,yes,yes,"Nammo Ammunition Handbook 2024, с. 88; Nammo — Ammunition Handbook, Edition 7 (August 2024), стр. 88: наполнение и массы"
ordnance-v29-ga-0439,30×173 HEI/SD,AMMUNITION,cannon-ammunition,yes,yes,"Nammo Ammunition Handbook 2024, с. 89; Nammo — Ammunition Handbook, Edition 7 (August 2024), стр. 89: наполнение и массы"
ordnance-v29-ga-0440,30×173 MP-T/SD,AMMUNITION,cannon-ammunition,yes,yes,"Nammo Ammunition Handbook 2024, с. 91; Nammo — Ammunition Handbook, Edition 7 (August 2024), стр. 91: наполнение и массы"
ordnance-v29-ga-0441,30×173 PSRTA-T,AMMUNITION,cannon-ammunition,yes,yes,"Nammo Ammunition Handbook 2024, с. 96; Nammo — Ammunition Handbook, Edition 7 (August 2024), стр. 96: наполнение и массы"
ordnance-v29-ga-0442,30×173 SAPHEI/SD,AMMUNITION,cannon-ammunition,yes,yes,"Nammo Ammunition Handbook 2024, с. 90; Nammo — Ammunition Handbook, Edition 7 (August 2024), стр. 90: наполнение и массы"
ordnance-v29-ga-0443,30×173 TP-T,AMMUNITION,cannon-ammunition,yes,yes,"Nammo Ammunition Handbook 2024, с. 94; Nammo — Ammunition Handbook, Edition 7 (August 2024), стр. 94: наполнение и массы"
ordnance-v29-ga-0444,30×173 TPDS-T,AMMUNITION,cannon-ammunition,yes,yes,"Nammo Ammunition Handbook 2024, с. 95; Nammo — Ammunition Handbook, Edition 7 (August 2024), стр. 95: наполнение и массы"
ordnance-v29-ga-0445,35×228 HEI/SD,AMMUNITION,cannon-ammunition,yes,yes,"Nammo Ammunition Handbook 2024, с. 98; Nammo — Ammunition Handbook, Edition 7 (August 2024), стр. 98: наполнение и массы"
ordnance-v29-ga-0446,35×228 SAPHEI/SD,AMMUNITION,cannon-ammunition,yes,yes,"Nammo Ammunition Handbook 2024, с. 99; Nammo — Ammunition Handbook, Edition 7 (August 2024), стр. 99: наполнение и массы"
ordnance-v29-ga-0447,35×228 TP,AMMUNITION,cannon-ammunition,yes,yes,"Nammo Ammunition Handbook 2024, с. 100; Nammo — Ammunition Handbook, Edition 7 (August 2024), стр. 100: наполнение и массы"
ordnance-v29-ga-0448,35×228 TP-T,AMMUNITION,cannon-ammunition,yes,yes,"Nammo Ammunition Handbook 2024, с. 100; Nammo — Ammunition Handbook, Edition 7 (August 2024), стр. 100: наполнение и массы"
ordnance-v29-ga-0449,40 L/70 HE-T,AMMUNITION,cannon-ammunition,yes,yes,"Nammo Ammunition Handbook 2024, с. 108; Nammo — Ammunition Handbook, Edition 7 (August 2024), стр. 108: наполнение и массы"
ordnance-v29-ga-0450,40 L/70 TP-T,AMMUNITION,cannon-ammunition,yes,yes,"Nammo Ammunition Handbook 2024, с. 109; Nammo — Ammunition Handbook, Edition 7 (August 2024), стр. 109: наполнение и массы"
ordnance-v29-ga-0451,40×53 HE,AMMUNITION,grenades,yes,yes,"Nammo Ammunition Handbook 2024, с. 105; Nammo — Ammunition Handbook, Edition 7 (August 2024), стр. 105: наполнение и массы"
ordnance-v29-ga-0452,40×53 HE-SD,AMMUNITION,grenades,yes,yes,"Nammo Ammunition Handbook 2024, с. 105; Nammo — Ammunition Handbook, Edition 7 (August 2024), стр. 105: наполнение и массы"
ordnance-v29-ga-0453,40×53 HEDP,AMMUNITION,grenades,yes,yes,"Nammo Ammunition Handbook 2024, с. 104; Nammo — Ammunition Handbook, Edition 7 (August 2024), стр. 104: наполнение и массы"
ordnance-v29-ga-0454,40×53 HEDP-AB,AMMUNITION,grenades,yes,yes,"Nammo Ammunition Handbook 2024, с. 101; Nammo — Ammunition Handbook, Edition 7 (August 2024), стр. 101: наполнение и массы"
ordnance-v29-ga-0455,40×53 HEDP-RF,AMMUNITION,grenades,yes,yes,"Nammo Ammunition Handbook 2024, с. 102; Nammo — Ammunition Handbook, Edition 7 (August 2024), стр. 102: наполнение и массы"
ordnance-v29-ga-0456,40×53 HEDP-SD,AMMUNITION,grenades,yes,yes,"Nammo Ammunition Handbook 2024, с. 104; Nammo — Ammunition Handbook, Edition 7 (August 2024), стр. 104: наполнение и массы"
ordnance-v29-ga-0457,40×53 TP,AMMUNITION,grenades,yes,yes,"Nammo Ammunition Handbook 2024, с. 106; Nammo — Ammunition Handbook, Edition 7 (August 2024), стр. 106: наполнение и массы"
ordnance-v29-ga-0458,40×53 TP-T,AMMUNITION,grenades,yes,yes,"Nammo Ammunition Handbook 2024, с. 106; Nammo — Ammunition Handbook, Edition 7 (August 2024), стр. 106: наполнение и массы"
ordnance-v29-ga-0459,40×53 TPM-T,AMMUNITION,grenades,yes,yes,"Nammo Ammunition Handbook 2024, с. 107; Nammo — Ammunition Handbook, Edition 7 (August 2024), стр. 107: наполнение и массы"
ordnance-v29-ga-0460,57 L/70 HE,AMMUNITION,cannon-ammunition,yes,yes,"Nammo Ammunition Handbook 2024, с. 110; Nammo — Ammunition Handbook, Edition 7 (August 2024), стр. 110: наполнение и массы"
ordnance-v29-ga-0461,57 L/70 TP,AMMUNITION,cannon-ammunition,yes,yes,"Nammo Ammunition Handbook 2024, с. 111; Nammo — Ammunition Handbook, Edition 7 (August 2024), стр. 111: наполнение и массы"
ordnance-v29-ga-0462,105 мм DM128,AMMUNITION,cannon-ammunition,yes,yes,"Армия США, TM 43-0001-28, с. 2-107; Армия США — TM 43-0001-28 (28 April 1994; Change 11, 27 October 2003), печатные 2-107–2-108, PDF 142–143: наполнение и внешние параметры"
ordnance-v29-ga-0463,105 мм M392,AMMUNITION,cannon-ammunition,yes,yes,"Армия США, TM 43-0001-28, с. 2-71; Армия США — TM 43-0001-28 (28 April 1994; Change 11, 27 October 2003), печатные 2-71–2-72, PDF 106–107: наполнение и внешние параметры"
ordnance-v29-ga-0464,105 мм M392A2,AMMUNITION,cannon-ammunition,yes,yes,"Армия США, TM 43-0001-28, с. 2-71; Армия США — TM 43-0001-28 (28 April 1994; Change 11, 27 October 2003), печатные 2-71–2-72, PDF 106–107: наполнение и внешние параметры"
ordnance-v29-ga-0465,105 мм M393,AMMUNITION,cannon-ammunition,yes,yes,"Армия США, TM 43-0001-28, с. 2-81 и 2-93; U.S. Army — TM 43-0001-28, лист 2-81 / PDF-стр. 116: HEP-T M393A1/A2; лист 2-93 / PDF-стр. 128: TP-T M393A1"
ordnance-v29-ga-0466,105 мм M393A1,AMMUNITION,cannon-ammunition,yes,yes,"Армия США, TM 43-0001-28, с. 2-81, 2-93; DLA MIL-C-63527: M393A1 TP-T из компонентов M393A2 HEP-T; Армия США — TM 43-0001-28 (28 April 1994; Change 11, 27 October 2003), печатные 2-81–2-82; 2-93–2-94, PDF 116–117; 128–129: наполнение и внешние параметры"
ordnance-v29-ga-0467,105 мм M393A2,AMMUNITION,cannon-ammunition,yes,yes,"Армия США, TM 43-0001-28, с. 2-81; Армия США — TM 43-0001-28 (28 April 1994; Change 11, 27 October 2003), печатные 2-81–2-82, PDF 116–117: наполнение и внешние параметры"
ordnance-v29-ga-0468,105 мм M416,AMMUNITION,cannon-ammunition,yes,yes,"Армия США, TM 43-0001-28, с. 2-87; Армия США — TM 43-0001-28 (28 April 1994; Change 11, 27 October 2003), печатная 2-87 и следующая страница (PDF 122–123): наполнение и внешние параметры"
ordnance-v29-ga-0469,105 мм M456,AMMUNITION,cannon-ammunition,yes,yes,"Армия США, TM 43-0001-28, с. 2-83; Армия США — TM 43-0001-28 (28 April 1994; Change 11, 27 October 2003), печатная 2-83 и следующая страница (PDF 118–119): наполнение и внешние параметры"
ordnance-v29-ga-0470,105 мм M456A1,AMMUNITION,cannon-ammunition,yes,yes,"Армия США, TM 43-0001-28, с. 2-83; Армия США — TM 43-0001-28 (28 April 1994; Change 11, 27 October 2003), печатная 2-83 и следующая страница (PDF 118–119): наполнение и внешние параметры"
ordnance-v29-ga-0471,105 мм M456A2,AMMUNITION,cannon-ammunition,yes,yes,"Армия США, TM 43-0001-28, с. 2-85; Армия США — TM 43-0001-28 (28 April 1994; Change 11, 27 October 2003), печатная 2-85 и следующая страница (PDF 120–121): наполнение и внешние параметры"
ordnance-v29-ga-0472,105 мм M457,AMMUNITION,cannon-ammunition,yes,yes,"Армия США, TM 43-0001-28, с. 2-79; Армия США — TM 43-0001-28 (28 April 1994; Change 11, 27 October 2003), печатная 2-79 и следующая страница (PDF 114–115): наполнение и внешние параметры"
ordnance-v29-ga-0473,105 мм M467,AMMUNITION,cannon-ammunition,yes,yes,"Армия США, TM 43-0001-28, с. 2-89; Армия США — TM 43-0001-28 (28 April 1994; Change 11, 27 October 2003), печатные 2-89–2-90, PDF 124–125: наполнение и внешние параметры"
ordnance-v29-ga-0474,105 мм M490,AMMUNITION,cannon-ammunition,yes,yes,"Армия США, TM 43-0001-28, с. 2-91; Армия США — TM 43-0001-28 (28 April 1994; Change 11, 27 October 2003), печатная 2-91 и следующая страница (PDF 126–127): наполнение и внешние параметры"
ordnance-v29-ga-0475,105 мм M490A1,AMMUNITION,cannon-ammunition,yes,yes,"Армия США, TM 43-0001-28, с. 2-95; Армия США — TM 43-0001-28 (28 April 1994; Change 11, 27 October 2003), печатная 2-95 и следующая страница (PDF 130–131): наполнение и внешние параметры"
ordnance-v29-ga-0476,105 мм M494,AMMUNITION,cannon-ammunition,yes,yes,"Армия США, TM 43-0001-28, с. 2-73; Армия США — TM 43-0001-28 (28 April 1994; Change 11, 27 October 2003), печатные 2-73–2-74, PDF 108–109: наполнение и внешние параметры"
ordnance-v29-ga-0477,105 мм M724,AMMUNITION,cannon-ammunition,yes,yes,"Армия США, TM 43-0001-28, с. 2-97; Армия США — TM 43-0001-28 (28 April 1994; Change 11, 27 October 2003), печатные 2-97–2-98, PDF 132–133: наполнение и внешние параметры"
ordnance-v29-ga-0478,105 мм M724A1,AMMUNITION,cannon-ammunition,yes,yes,"Армия США, TM 43-0001-28, с. 2-97; Армия США — TM 43-0001-28 (28 April 1994; Change 11, 27 October 2003), печатные 2-97–2-98, PDF 132–133: наполнение и внешние параметры"
ordnance-v29-ga-0479,105 мм M728,AMMUNITION,cannon-ammunition,yes,yes,"Армия США, TM 43-0001-28, с. 2-99; Армия США — TM 43-0001-28 (28 April 1994; Change 11, 27 October 2003), печатные 2-99–2-100, PDF 134–135: наполнение и внешние параметры"
ordnance-v29-ga-0480,105 мм M735,AMMUNITION,cannon-ammunition,yes,yes,"Армия США, TM 43-0001-28, с. 2-101; Армия США — TM 43-0001-28 (28 April 1994; Change 11, 27 October 2003), печатные 2-101–2-102, PDF 136–137: наполнение и внешние параметры"
ordnance-v29-ga-0481,105 мм M774,AMMUNITION,cannon-ammunition,yes,yes,"Армия США, TM 43-0001-28, с. 2-103; Армия США — TM 43-0001-28 (28 April 1994; Change 11, 27 October 2003), печатные 2-103–2-104, PDF 138–139: наполнение и внешние параметры"
ordnance-v29-ga-0482,105 мм M833,AMMUNITION,cannon-ammunition,yes,yes,"Армия США, TM 43-0001-28, с. 2-105; Армия США — TM 43-0001-28 (28 April 1994; Change 11, 27 October 2003), печатные 2-105–2-106, PDF 140–141: наполнение и внешние параметры"
ordnance-v29-ga-0483,105 мм M900,AMMUNITION,cannon-ammunition,yes,yes,"Армия США, TM 43-0001-28, с. 2-75; TM 43-0001-28 — Army Ammunition Data Sheets, физическая страница PDF 110; Армия США — TM 43-0001-28 (28 April 1994; Change 11, 27 October 2003), печатные 2-75–2-77, PDF 110–112: наполнение и внешние параметры"
ordnance-v29-ga-0484,120 мм M829,AMMUNITION,cannon-ammunition,yes,yes,"Армия США, TM 43-0001-28, с. 2-109; Армия США — TM 43-0001-28 (28 April 1994; Change 11, 27 October 2003), печатные 2-109–2-110, PDF 144–145: наполнение и внешние параметры"
ordnance-v29-ga-0485,120 мм M829A1,AMMUNITION,cannon-ammunition,yes,yes,"Армия США, TM 43-0001-28, с. 2-111; Армия США — TM 43-0001-28 (28 April 1994; Change 11, 27 October 2003), печатные 2-111–2-112, PDF 146–147: наполнение и внешние параметры"
ordnance-v29-ga-0486,120 мм M829A2,AMMUNITION,cannon-ammunition,yes,yes,"Армия США, TM 43-0001-28, с. 2-113; Армия США — TM 43-0001-28 (28 April 1994; Change 11, 27 October 2003), печатные 2-113–2-114, PDF 148–149: наполнение и внешние параметры"
ordnance-v29-ga-0487,120 мм M829A3,AMMUNITION,cannon-ammunition,yes,yes,"Армия США, TM 43-0001-28, с. 2-114.1; Армия США — TM 43-0001-28 (28 April 1994; Change 11, 27 October 2003), печатные 2-114.1–2-114.2, PDF 150–151: наполнение и внешние параметры"
ordnance-v29-ga-0488,120 мм M830,AMMUNITION,cannon-ammunition,yes,yes,"Армия США, TM 43-0001-28, с. 2-115; Армия США — TM 43-0001-28 (28 April 1994; Change 11, 27 October 2003), печатная 2-115 и следующая страница (PDF 152–153): наполнение и внешние параметры"
ordnance-v29-ga-0489,120 мм M830A1,AMMUNITION,cannon-ammunition,yes,yes,"Армия США, TM 43-0001-28, с. 2-117; Армия США — TM 43-0001-28 (28 April 1994; Change 11, 27 October 2003), печатная 2-117 и следующая страница (PDF 154–155): наполнение и внешние параметры"
ordnance-v29-ga-0490,120 мм M831,AMMUNITION,cannon-ammunition,yes,yes,"Армия США, TM 43-0001-28, с. 2-121; Армия США — TM 43-0001-28 (28 April 1994; Change 11, 27 October 2003), печатная 2-121 и следующая страница (PDF 162–163): наполнение и внешние параметры"
ordnance-v29-ga-0491,120 мм M831A1,AMMUNITION,cannon-ammunition,yes,yes,"Армия США, TM 43-0001-28, с. 2-123; Армия США — TM 43-0001-28 (28 April 1994; Change 11, 27 October 2003), печатная 2-123 и следующая страница (PDF 164–165): наполнение и внешние параметры"
ordnance-v29-ga-0492,120 мм M908,AMMUNITION,cannon-ammunition,yes,yes,"Армия США, TM 43-0001-28, с. 2-120.1; Армия США — TM 43-0001-28 (28 April 1994; Change 11, 27 October 2003), печатные 2-120.1–2-120.3, PDF 158–160: наполнение и внешние параметры"
ordnance-v29-ga-0493,40 мм M1001,AMMUNITION,grenades,yes,yes,"Армия США, TM 43-0001-28, с. 2-24.1; Армия США — TM 43-0001-28 (28 April 1994; Change 11, 27 October 2003), печатные 2-24.1–2-24.2, PDF 58–59: наполнение и внешние параметры"
ordnance-v29-ga-0494,40 мм M811,AMMUNITION,cannon-ammunition,yes,yes,"Армия США, TM 43-0001-28, с. 2-15; Армия США — TM 43-0001-28 (28 April 1994; Change 11, 27 October 2003), печатная 2-15 и следующая страница (PDF 48–49): наполнение и внешние параметры"
ordnance-v29-ga-0495,40 мм M813,AMMUNITION,cannon-ammunition,yes,yes,"Армия США, TM 43-0001-28, с. 2-21; Армия США — TM 43-0001-28 (28 April 1994; Change 11, 27 October 2003), печатная 2-21 и следующая страница (PDF 54–55): наполнение и внешние параметры"
ordnance-v29-ga-0496,40 мм M822,AMMUNITION,cannon-ammunition,yes,yes,"Армия США, TM 43-0001-28, с. 2-13; Армия США — TM 43-0001-28 (28 April 1994; Change 11, 27 October 2003), печатная 2-13 и следующая страница (PDF 46–47): наполнение и внешние параметры"
ordnance-v29-ga-0497,40 мм M91,AMMUNITION,cannon-ammunition,yes,yes,"Армия США, TM 43-0001-28, с. 2-23; Армия США — TM 43-0001-28 (28 April 1994; Change 11, 27 October 2003), печатная 2-23 и следующая страница (PDF 56–57): наполнение и внешние параметры"
ordnance-v29-ga-0498,40 мм Mk 11,AMMUNITION,cannon-ammunition,yes,yes,"Армия США, TM 43-0001-28, с. 2-17, 2-19; Армия США — TM 43-0001-28 (28 April 1994; Change 11, 27 October 2003), печатная 2-17 и следующая страница (PDF 50–51): наполнение и внешние параметры"
ordnance-v29-ga-0499,40 мм Mk 2 HE-T,AMMUNITION,cannon-ammunition,yes,yes,"Армия США, TM 43-0001-28, с. 2-17; Армия США — TM 43-0001-28 (28 April 1994; Change 11, 27 October 2003), печатная 2-17 и следующая страница (PDF 50–51): наполнение и внешние параметры"
ordnance-v29-ga-0500,76 мм M319,AMMUNITION,cannon-ammunition,yes,yes,"Армия США, TM 43-0001-28, с. 2-37; Армия США — TM 43-0001-28 (28 April 1994; Change 11, 27 October 2003), печатные 2-37–2-38, PDF 72–73: наполнение и внешние параметры"
ordnance-v29-ga-0501,76 мм M331A1,AMMUNITION,cannon-ammunition,yes,yes,"Армия США, TM 43-0001-28, с. 2-35; Армия США — TM 43-0001-28 (28 April 1994; Change 11, 27 October 2003), печатные 2-35–2-36, PDF 70–71: наполнение и внешние параметры"
ordnance-v29-ga-0502,76 мм M331A2,AMMUNITION,cannon-ammunition,yes,yes,"Армия США, TM 43-0001-28, с. 2-35; Армия США — TM 43-0001-28 (28 April 1994; Change 11, 27 October 2003), печатные 2-35–2-36, PDF 70–71: наполнение и внешние параметры"
ordnance-v29-ga-0503,76 мм M339,AMMUNITION,cannon-ammunition,yes,yes,"Армия США, TM 43-0001-28, с. 2-25; Армия США — TM 43-0001-28 (28 April 1994; Change 11, 27 October 2003), печатная 2-25 и следующая страница (PDF 60–61): наполнение и внешние параметры"
ordnance-v29-ga-0504,76 мм M340,AMMUNITION,cannon-ammunition,yes,yes,"Армия США, TM 43-0001-28, с. 2-41; Армия США — TM 43-0001-28 (28 April 1994; Change 11, 27 October 2003), печатная 2-41 и следующая страница (PDF 76–77): наполнение и внешние параметры"
ordnance-v29-ga-0505,76 мм M340A1,AMMUNITION,cannon-ammunition,yes,yes,"Армия США, TM 43-0001-28, с. 2-41; Армия США — TM 43-0001-28 (28 April 1994; Change 11, 27 October 2003), печатная 2-41 и следующая страница (PDF 76–77): наполнение и внешние параметры"
ordnance-v29-ga-0506,76 мм M352,AMMUNITION,cannon-ammunition,yes,yes,"Армия США, TM 43-0001-28, с. 2-31; Армия США — TM 43-0001-28 (28 April 1994; Change 11, 27 October 2003), печатная 2-31 и следующая страница (PDF 66–67): наполнение и внешние параметры"
ordnance-v29-ga-0507,76 мм M355A2,AMMUNITION,cannon-ammunition,yes,yes,"Армия США, TM 43-0001-28, с. 2-27; Армия США — TM 43-0001-28 (28 April 1994; Change 11, 27 October 2003), печатная 2-27 и следующая страница (PDF 62–63): наполнение и внешние параметры"
ordnance-v29-ga-0508,76 мм M361,AMMUNITION,cannon-ammunition,yes,yes,"Армия США, TM 43-0001-28, с. 2-39; Армия США — TM 43-0001-28 (28 April 1994; Change 11, 27 October 2003), печатная 2-39 и следующая страница (PDF 74–75): наполнение и внешние параметры"
ordnance-v29-ga-0509,76 мм M361A1,AMMUNITION,cannon-ammunition,yes,yes,"Армия США, TM 43-0001-28, с. 2-39; Армия США — TM 43-0001-28 (28 April 1994; Change 11, 27 October 2003), печатная 2-39 и следующая страница (PDF 74–75): наполнение и внешние параметры"
ordnance-v29-ga-0510,76 мм M363,AMMUNITION,cannon-ammunition,yes,yes,"Армия США, TM 43-0001-28, с. 2-29; Армия США — TM 43-0001-28 (28 April 1994; Change 11, 27 October 2003), печатные 2-29–2-30, PDF 64–65: наполнение и внешние параметры"
ordnance-v29-ga-0511,76 мм M496,AMMUNITION,cannon-ammunition,yes,yes,"Армия США, TM 43-0001-28, с. 2-33; Армия США — TM 43-0001-28 (28 April 1994; Change 11, 27 October 2003), печатная 2-33 и следующая страница (PDF 68–69): наполнение и внешние параметры"
ordnance-v29-ga-0512,90 мм M313,AMMUNITION,cannon-ammunition,yes,yes,"Армия США, TM 43-0001-28, с. 2-67; Армия США — TM 43-0001-28 (28 April 1994; Change 11, 27 October 2003), печатная 2-67 и следующая страница (PDF 102–103): наполнение и внешние параметры"
ordnance-v29-ga-0513,90 мм M313C,AMMUNITION,cannon-ammunition,yes,yes,"Армия США, TM 43-0001-28, с. 2-67; Армия США — TM 43-0001-28 (28 April 1994; Change 11, 27 October 2003), печатная 2-67 и следующая страница (PDF 102–103): наполнение и внешние параметры"
ordnance-v29-ga-0514,90 мм M318,AMMUNITION,cannon-ammunition,yes,yes,"Армия США, TM 43-0001-28, с. 2-45; Армия США — TM 43-0001-28 (28 April 1994; Change 11, 27 October 2003), печатная 2-45 и следующая страница (PDF 80–81): наполнение и внешние параметры"
ordnance-v29-ga-0515,90 мм M318A1,AMMUNITION,cannon-ammunition,yes,yes,"Армия США, TM 43-0001-28, с. 2-45; Армия США — TM 43-0001-28 (28 April 1994; Change 11, 27 October 2003), печатная 2-45 и следующая страница (PDF 80–81): наполнение и внешние параметры"
ordnance-v29-ga-0516,90 мм M332A1,AMMUNITION,cannon-ammunition,yes,yes,"Армия США, TM 43-0001-28, с. 2-65; Армия США — TM 43-0001-28 (28 April 1994; Change 11, 27 October 2003), печатные 2-65–2-66, PDF 100–101: наполнение и внешние параметры"
ordnance-v29-ga-0517,90 мм M336,AMMUNITION,cannon-ammunition,yes,yes,"Армия США, TM 43-0001-28, с. 2-53; Армия США — TM 43-0001-28 (28 April 1994; Change 11, 27 October 2003), печатная 2-53 и следующая страница (PDF 88–89): наполнение и внешние параметры"
ordnance-v29-ga-0518,90 мм M348,AMMUNITION,cannon-ammunition,yes,yes,"Армия США, TM 43-0001-28, с. 2-61; Армия США — TM 43-0001-28 (28 April 1994; Change 11, 27 October 2003), печатная 2-61 и следующая страница (PDF 96–97): наполнение и внешние параметры"
ordnance-v29-ga-0519,90 мм M348A1,AMMUNITION,cannon-ammunition,yes,yes,"Армия США, TM 43-0001-28, с. 2-61; Армия США — TM 43-0001-28 (28 April 1994; Change 11, 27 October 2003), печатная 2-61 и следующая страница (PDF 96–97): наполнение и внешние параметры"
ordnance-v29-ga-0520,90 мм M353,AMMUNITION,cannon-ammunition,yes,yes,"Армия США, TM 43-0001-28, с. 2-69; Армия США — TM 43-0001-28 (28 April 1994; Change 11, 27 October 2003), печатная 2-69 и следующая страница (PDF 104–105): наполнение и внешние параметры"
ordnance-v29-ga-0521,90 мм M353A1,AMMUNITION,cannon-ammunition,yes,yes,"Армия США, TM 43-0001-28, с. 2-69; Армия США — TM 43-0001-28 (28 April 1994; Change 11, 27 October 2003), печатная 2-69 и следующая страница (PDF 104–105): наполнение и внешние параметры"
ordnance-v29-ga-0522,90 мм M353A2,AMMUNITION,cannon-ammunition,yes,yes,"Армия США, TM 43-0001-28, с. 2-69; Армия США — TM 43-0001-28 (28 April 1994; Change 11, 27 October 2003), печатная 2-69 и следующая страница (PDF 104–105): наполнение и внешние параметры"
ordnance-v29-ga-0523,90 мм M377,AMMUNITION,cannon-ammunition,yes,yes,"Армия США, TM 43-0001-28, с. 2-55; Армия США — TM 43-0001-28 (28 April 1994; Change 11, 27 October 2003), печатная 2-55 и следующая страница (PDF 90–91): наполнение и внешние параметры"
ordnance-v29-ga-0524,90 мм M394,AMMUNITION,cannon-ammunition,yes,yes,"Армия США, TM 43-0001-28, с. 2-51; Армия США — TM 43-0001-28 (28 April 1994; Change 11, 27 October 2003), печатная 2-51 и следующая страница (PDF 86–87): наполнение и внешние параметры"
ordnance-v29-ga-0525,90 мм M431,AMMUNITION,cannon-ammunition,yes,yes,"Армия США, TM 43-0001-28, с. 2-63; Армия США — TM 43-0001-28 (28 April 1994; Change 11, 27 October 2003), печатная 2-63 и следующая страница (PDF 98–99): наполнение и внешние параметры"
ordnance-v29-ga-0526,90 мм M431A1,AMMUNITION,cannon-ammunition,yes,yes,"Армия США, TM 43-0001-28, с. 2-63; Армия США — TM 43-0001-28 (28 April 1994; Change 11, 27 October 2003), печатная 2-63 и следующая страница (PDF 98–99): наполнение и внешние параметры"
ordnance-v29-ga-0527,90 мм M431A2,AMMUNITION,cannon-ammunition,yes,yes,"Армия США, TM 43-0001-28, с. 2-63; Армия США — TM 43-0001-28 (28 April 1994; Change 11, 27 October 2003), печатная 2-63 и следующая страница (PDF 98–99): наполнение и внешние параметры"
ordnance-v29-ga-0528,90 мм M580,AMMUNITION,cannon-ammunition,yes,yes,"Армия США, TM 43-0001-28, с. 2-49; Армия США — TM 43-0001-28 (28 April 1994; Change 11, 27 October 2003), печатные 2-49–2-50, PDF 84–85: наполнение и внешние параметры"
ordnance-v29-ga-0529,90 мм M71,AMMUNITION,cannon-ammunition,yes,yes,"Армия США, TM 43-0001-28, с. 2-59; Армия США — TM 43-0001-28 (28 April 1994; Change 11, 27 October 2003), печатная 2-59 и следующая страница (PDF 94–95): наполнение и внешние параметры"
ordnance-v29-ga-0530,90 мм M71A1,AMMUNITION,cannon-ammunition,yes,yes,"Армия США, TM 43-0001-28, с. 2-59; Армия США — TM 43-0001-28 (28 April 1994; Change 11, 27 October 2003), печатная 2-59 и следующая страница (PDF 94–95): наполнение и внешние параметры"
ordnance-v29-ga-0531,90 мм M77,AMMUNITION,cannon-ammunition,yes,yes,"Армия США, TM 43-0001-28, с. 2-43; Армия США — TM 43-0001-28 (28 April 1994; Change 11, 27 October 2003), печатные 2-43–2-44, PDF 78–79: наполнение и внешние параметры"
ordnance-v29-ga-0532,90 мм M82,AMMUNITION,cannon-ammunition,yes,yes,"Армия США, TM 43-0001-28, с. 2-47; Армия США — TM 43-0001-28 (28 April 1994; Change 11, 27 October 2003), печатная 2-47 и следующая страница (PDF 82–83): наполнение и внешние параметры"
ordnance-v29-ga-0533,105 мм tank MKE family,AMMUNITION,cannon-ammunition,yes,yes,"MKE, каталог боеприпасов, с. 18–19; MKE — Ammunition Catalogue, PDF 11: справочные сведения"
ordnance-v29-ga-0534,120 мм tank MKE family,AMMUNITION,cannon-ammunition,yes,yes,"MKE, каталог боеприпасов, с. 22–23; MKE — Ammunition Catalogue, PDF 13: справочные сведения"
ordnance-v29-ga-0535,25 мм MKE family,AMMUNITION,cannon-ammunition,yes,yes,"MKE, каталог боеприпасов, с. 4; MKE — Ammunition Catalogue, PDF 4: справочные сведения"
ordnance-v29-ga-0536,35 мм MKE family,AMMUNITION,cannon-ammunition,yes,yes,"MKE, каталог боеприпасов, с. 5; MKE — Ammunition Catalogue, PDF 4: справочные сведения"
ordnance-v29-ga-0537,105 mm TK family,AMMUNITION,cannon-ammunition,yes,yes,"KNDS — 105 mm TK family; KNDS — 105-mm-tk: таблица 105MM TK APFSDS-T, проверка 4 October 2026; KNDS — 105-mm-tk: отдельные таблицы исполнений, 5 октября 2026"
ordnance-v29-ga-0538,120 mm SHARD,AMMUNITION,cannon-ammunition,yes,yes,KNDS — 120 mm SHARD; KNDS — 120mm-shard: отдельные характеристики исполнения и наполнение
ordnance-v29-ga-0539,127 mm L54 naval family,AMMUNITION,cannon-ammunition,yes,yes,"KNDS — 127 mm L54 naval family; KNDS — 127-mm-l54-naval: таблица 127MM L54 HE, проверка 4 October 2026; KNDS — 127-mm-l54-naval: отдельные таблицы исполнений, 5 октября 2026"
ordnance-v29-ga-0540,20×102 mm KNDS family,AMMUNITION,cannon-ammunition,yes,yes,"KNDS — 20×102 mm KNDS family; KNDS — 20x102-mm: таблица 20×102 AP-T, проверка 4 October 2026; KNDS — 20x102-mm: отдельные таблицы исполнений, 5 октября 2026"
ordnance-v29-ga-0541,20×139 mm KNDS family,AMMUNITION,cannon-ammunition,yes,yes,"KNDS — 20×139 mm KNDS family; KNDS — 20x139-mm: таблица 20×139 HEI, проверка 4 October 2026; KNDS — 20x139-mm: отдельные таблицы исполнений, 5 октября 2026"
ordnance-v29-ga-0542,25×137 mm KNDS family,AMMUNITION,cannon-ammunition,yes,yes,"KNDS — 25×137 mm KNDS family; KNDS — 25x137-mm: таблица 25×137 APFSDS-T, проверка 4 October 2026; KNDS — 25x137-mm: отдельные таблицы исполнений, 5 октября 2026"
ordnance-v29-ga-0543,30×113 mm B KNDS family,AMMUNITION,cannon-ammunition,yes,yes,"KNDS — 30×113 mm B KNDS family; KNDS — 30x113-mm-b: отдельные характеристики исполнения и наполнение; KNDS — 30x113-mm-b: отдельные таблицы исполнений, 5 октября 2026"
ordnance-v29-ga-0544,30×150 mm KNDS family,AMMUNITION,cannon-ammunition,yes,yes,"KNDS — 30×150 mm KNDS family; KNDS — 30x150-mm: таблица 30×150 SAPHEI, проверка 4 October 2026; KNDS — 30x150-mm: отдельные таблицы исполнений, 5 октября 2026"
ordnance-v29-ga-0545,30×173 mm KNDS family,AMMUNITION,cannon-ammunition,yes,yes,"KNDS — 30×173 mm KNDS family; KNDS — 30x173-mm: отдельные характеристики исполнения и наполнение; KNDS — 30x173-mm: отдельные таблицы исполнений, 5 октября 2026"
ordnance-v29-ga-0546,40 mm CTA family,AMMUNITION,cannon-ammunition,yes,yes,"KNDS — 40 mm CTA family; KNDS — 40-mm-cta: таблица 40CT APFSDS-T, проверка 4 October 2026; KNDS — 40-mm-cta: отдельные таблицы исполнений, 5 октября 2026"
ordnance-v29-ga-0547,76 mm L62 naval family,AMMUNITION,cannon-ammunition,yes,yes,"KNDS — 76 mm L62 naval family; KNDS — 76-mm-l62-naval: отдельные характеристики исполнения и наполнение; KNDS — 76-mm-l62-naval: отдельные таблицы исполнений, 5 октября 2026"
ordnance-v29-ga-0548,90 mm MK8 family,AMMUNITION,cannon-ammunition,yes,yes,"KNDS — 90 mm MK8 family; KNDS — 90-mm-mk-8: отдельные характеристики исполнения и наполнение; KNDS — 90-mm-mk-8: отдельные таблицы исполнений, 5 октября 2026"
ordnance-v29-ga-0549,Что такое СВУ,AMMUNITION,ied,yes,no,"IMAS 09.31, определения и общая классификация СВУ; Оригинальная нейтральная пиктограмма проекта; без изображения реального устройства; IMAS 09.31: общие определения и классификация, СВУ в целом"
ordnance-v29-ga-0550,Command-initiated IED (инициируемое командой),AMMUNITION,ied,yes,no,"IMAS 09.31, классификация СВУ; Оригинальная нейтральная пиктограмма проекта; без изображения реального устройства; IMAS 09.31: общие определения и классификация, Command-initiated"
ordnance-v29-ga-0551,Time-initiated IED (инициируемое по времени),AMMUNITION,ied,yes,no,"IMAS 09.31, классификация СВУ; Оригинальная нейтральная пиктограмма проекта; без изображения реального устройства; IMAS 09.31: общие определения и классификация, Time-initiated"
ordnance-v29-ga-0552,Victim-operated IED (инициируемое воздействием жертвы),AMMUNITION,ied,yes,no,"IMAS 09.31, классификация СВУ; Оригинальная нейтральная пиктограмма проекта; без изображения реального устройства; IMAS 09.31: общие определения и классификация, Victim-operated"
ref-v211-m147,M147 — подрывное устройство,AMMUNITION,charges,no,no,"Предоставленный PDF «Иностранные БП, СВ, ВВ без фоновых ссылок», физическая PDF-страница 21"
ref-v211-m112,M112 — заряд,AMMUNITION,charges,no,no,"Предоставленный PDF «Иностранные БП, СВ, ВВ без фоновых ссылок», физическая PDF-страница 33"
ref-v211-m5-m5a1,M5 / M5A1 — семейство зарядов,AMMUNITION,charges,no,no,"Предоставленный PDF «Иностранные БП, СВ, ВВ без фоновых ссылок», физическая PDF-страница 35"
ref-v211-primasheet,Primasheet — листовой взрывчатый материал,AMMUNITION,charges,no,no,"Предоставленный PDF «Иностранные БП, СВ, ВВ без фоновых ссылок», физическая PDF-страница 36"
ref-v211-hexomax,Hexomax — пластичное взрывчатое вещество,AMMUNITION,charges,no,no,"Предоставленный PDF «Иностранные БП, СВ, ВВ без фоновых ссылок», физическая PDF-страница 37"
ref-v211-kemix-b,Kemix B — взрывчатое вещество,AMMUNITION,charges,no,no,"Предоставленный PDF «Иностранные БП, СВ, ВВ без фоновых ссылок», физическая PDF-страница 42"
