id,title,section,filling_table_rows,review_status
suspected-object,Подозрительный боеприпас или неизвестный предмет,AMMUNITION,,checked_v191
ammo-reference-scope,Как читать раздел о боеприпасах,AMMUNITION,,checked_v191
atgm-history,Как читать раздел ПТРК,ATGM,,checked_v192
svo-sources,Достоверность открытых материалов,SVO,,checked_v189
first-aid-bleeding,Сильное кровотечение,MEDICINE,,checked_medical_v190
first-aid-burn,Термический ожог,MEDICINE,,checked_medical_v190
first-aid-unconscious,"Без сознания, но дышит нормально",MEDICINE,,checked_medical_v190
eng-tm-62m,ТМ-62М,AMMUNITION,"| Тип ВВ по GICHD 2025 — ТМ-62М | TNT | ; | Масса ВВ по GICHD 2025 — ТМ-62М | 7 500 г (7,5 кг) |",checked_v160
eng-pmn,ПМН,AMMUNITION,| Взрывчатое наполнение — NEQ по HALO | 240 г | ; | Тип ВВ по таблице HALO | Не указан |,checked_v156
eng-pmn-2,ПМН-2,AMMUNITION,| Взрывчатое наполнение — NEQ по HALO | 100 г | ; | Тип ВВ по таблице HALO | Не указан |,checked_v156
eng-mon-50,МОН-50,AMMUNITION,"| Взрывчатое наполнение — NEQ по HALO, MON 50 | 700 г | ; | Тип ВВ по таблице HALO, MON 50 | Не указан |",checked_v157
eng-ozm-72,ОЗМ-72,AMMUNITION,| Взрывчатое наполнение — NEQ по HALO | 500 г | ; | Тип ВВ по таблице HALO | Не указан |,checked_v156
eng-pfm-1,ПФМ-1 «Лепесток»,AMMUNITION,| Тип ВВ по GICHD — ПФМ-1 | VS-6D | ; | Масса ВВ по GICHD — ПФМ-1 | 37 г |,checked_v160
eng-pom-2-family,ПОМ-2 (семейство),AMMUNITION,| Тип ВВ по GICHD 2025 — ПОМ-2 | TNT | ; | Масса ВВ по GICHD 2025 — ПОМ-2 | 140 г |,checked_v160
eng-ptm-3,ПТМ-3,AMMUNITION,| Тип основного / целевого наполнения по GICHD 2025 | ТГ-40 (TG-40) | ; | Масса основного / целевого наполнения по GICHD 2025 | 1 800 г |,checked_v164
eng-m18a1,M18A1 Claymore,AMMUNITION,"| Тип основного / целевого наполнения | Composition C4; исходная таблица печатает Comp 4 | ; | Масса основного / целевого наполнения | Не подтверждена однозначно: 682 г и 1,6 lb в одной таблице |",checked_v166
eng-m19,M19,AMMUNITION,"| Тип ВВ основного заряда | Composition B | ; | Масса ВВ основного заряда — TM 43-0001-36 | 9,53 кг; метрическое значение таблицы |",checked_v193
eng-dm-31-at,DM-31 AT,AMMUNITION,"| Тип ВВ по GICHD — противотанковая DM-31 | TNT/RDX | ; | Масса ВВ по GICHD — противотанковая DM-31 | 3 900–4 000 г (3,9–4,0 кг) |",checked_v160
eng-mi-ac-pr-family,"MI AC PR — F1, H и FR",AMMUNITION,| Тип основного / целевого наполнения | Взрывчатое основное наполнение; точная марка в выбранной карточке ESAG не названа | ; | Масса основного / целевого наполнения | Отдельно не опубликована в выбранной статье |,checked_v165
eng-type-72p-av,"Type 72 (P), противотранспортная",AMMUNITION,| Основное наполнение TYPE 72 AT — предел подтверждения | Точная марка и отдельная масса основного наполнения этим листом не установлены |,checked_v169
eng-mn-111,MN-111,AMMUNITION,| Основное наполнение MN-111 — предел заводского листа | Точная марка и отдельная масса не опубликованы |,checked_v170
eng-pp-mi-sr-ii,PP-Mi-Sr II,AMMUNITION,| Тип основного / целевого наполнения | TNT — только исходная PP-Mi-Sr без суффикса II | ; | Масса основного / целевого наполнения | 325 г — PP-Mi-Sr по USAREUR |,checked_v167
eng-ffv-028,FFV 028 / Stridsvagnsmina 6,AMMUNITION,| Stridsvagnsmina 6: основное ВВ по SoldR | Hexotol | ; | Stridsvagnsmina 6: масса основного ВВ по SoldR | 4 кг |,checked_v171
eng-tm-65-77,TM 65 77 / Telamiina 65 77,AMMUNITION,"| Telamiina 65 77: основное ВВ по армии Финляндии | TNT (тротил) | ; | Telamiina 65 77: масса основного наполнения | 9,5 кг |",checked_v173
eng-israel-no-4,Израильская мина No. 4,AMMUNITION,| No. 4 (Израиль): основное наполнение по JRC 2003 | TNT (тротил) | ; | No. 4 (Израиль): масса основного наполнения по JRC 2003 | 188 г |,checked_v171
artillery-krasnopol-family,3ОФ39 «Краснополь» и семейство «Краснополь-М2»,AMMUNITION,| Тип основного / целевого наполнения по GICHD 2025 | А-IX-2 | ; | Масса основного / целевого наполнения по GICHD 2025 | 6 400 г |,checked_v164
artillery-of-462,ОФ-462 — 122-мм осколочно-фугасный снаряд,AMMUNITION,| Тип основного / целевого наполнения по GICHD 2025 | TNT | ; | Масса основного / целевого наполнения по GICHD 2025 | 3 460 г |,checked_v164
artillery-of-25,ОФ-25 — 152-мм осколочно-фугасный снаряд,AMMUNITION,| Тип основного / целевого наполнения по GICHD 2025 | А-IX-2 | ; | Масса основного / целевого наполнения по GICHD 2025 | 6 800 г |,checked_v164
artillery-m795,M795 — 155-мм осколочно-фугасный снаряд,AMMUNITION,"| Тип основного ВВ — варианты M795 | TNT или IMX-101 | ; | Масса основного ВВ — вариант TNT | 23,8 lb (≈ 10,80 кг) | ; | Масса основного ВВ — вариант IMX-101 | 23,8 lb (≈ 10,80 кг) |",checked_v156
artillery-m982-excalibur,M982 Excalibur — 155-мм управляемый снаряд,AMMUNITION,| Тип основного / целевого наполнения | Основное HE-наполнение моноблочной боевой части; марка в статье не дана | ; | Масса основного / целевого наполнения | Отдельно не опубликована в выбранной таблице |,checked_v167
artillery-bonus-155,BONUS — 155-мм снаряд с сенсорными суббоеприпасами,AMMUNITION,| Тип основного / целевого наполнения | Два отдельных боевых элемента; единая марка их ВВ на странице не дана | ; | Масса основного / целевого наполнения | Отдельно не опубликована в выбранной статье |,checked_v165
grenade-f1-soviet,Ф-1 — советская ручная осколочная граната,AMMUNITION,| Тип основного / целевого наполнения по GICHD 2025 | TNT | ; | Масса основного / целевого наполнения по GICHD 2025 | 60 г |,checked_v164
grenade-rgd-5,РГД-5 — советская ручная осколочная граната,AMMUNITION,| Тип основного / целевого наполнения по GICHD 2025 | TNT | ; | Масса основного / целевого наполнения по GICHD 2025 | 110 г |,checked_v164
grenade-rgn,РГН — ручная осколочная граната,AMMUNITION,| Тип основного / целевого наполнения по GICHD 2025 | А-IX-1 — совместная оценка статьи RGO / RGN | ; | Масса основного / целевого наполнения по GICHD 2025 | 90–110 г — оценка GICHD для общей статьи; отдельная масса данной модели не установлена этой строкой |,checked_v164
grenade-rgo,РГО — ручная осколочная граната,AMMUNITION,| Тип основного / целевого наполнения по GICHD 2025 | А-IX-1 — совместная оценка статьи RGO / RGN | ; | Масса основного / целевого наполнения по GICHD 2025 | 90–110 г — оценка GICHD для общей статьи; отдельная масса данной модели не установлена этой строкой |,checked_v164
grenade-m67,M67 — американская ручная осколочная граната,AMMUNITION,"| Тип основного ВВ | Composition B | ; | Масса основного ВВ | 6,5 oz (≈ 184,3 г) |",checked_v157
grenade-dm51,DM51 — немецкая ручная граната,AMMUNITION,| Тип основного / целевого наполнения по GICHD 2025 | Состав на основе PETN; точная марка не названа | ; | Масса основного / целевого наполнения по GICHD 2025 | 60 г |,checked_v164
fuze-uzrgm-2,УЗРГМ и УЗРГМ-2 — взрыватели ручных гранат,AMMUNITION,,checked_v170
fuze-rgm-2,РГМ-2 — головной артиллерийский взрыватель,AMMUNITION,,checked_v170
fuze-v-429,В-429 — головной взрыватель для артиллерийских боеприпасов,AMMUNITION,,checked_v177
fuze-ar-5-signal,АР-5 «Сигнал» — неконтактный артиллерийский взрыватель,AMMUNITION,,checked_v170
fuze-m739a1,M739A1 — американский артиллерийский взрыватель,AMMUNITION,,checked_v170
fuze-m782-mofa,M782 MOFA — многофункциональный артиллерийский взрыватель,AMMUNITION,,checked_v170
atgm-9k11-malyutka,9К11 «Малютка»,ATGM,,checked_v181
atgm-9k111-fagot,9К111 «Фагот»,ATGM,"| 9М111: основное ВВ по GICHD | ОКФОЛ | ; | 9М111: масса основного наполнения по GICHD | Приблизительно 1,8 кг |",checked_v173
atgm-konkurs-9m113,«Конкурс» и ракета 9М113,ATGM,,checked_v171
atgm-metis-family,9К115 «Метис» и семейство «Метис-М»,ATGM,,checked_v171
atgm-kornet-e,«Корнет» / «Корнет-Э»,ATGM,,checked_v171
atgm-khrizantema-s,9К123 «Хризантема-С»,ATGM,| «Хризантема»: отдельная масса и марка основного ВВ | В выбранной таблице не даны |,checked_v174
atgm-9m120-ataka-family,Семейство 9М120 «Атака»,ATGM,| Ataka: отдельная масса и марка основного ВВ | В выбранной таблице не даны |,checked_v174
atgm-skif-luch,«Скиф» КБ «Луч»,ATGM,,checked_v173
atgm-fgm148-javelin,FGM-148 Javelin,ATGM,,checked_v172
atgm-akeron-mp,AKERON MP,ATGM,| Основное ВВ: отдельная марка и масса | В выбранных таблицах не раскрыты |,checked_v172
atgm-pars-3-lr,PARS 3 LR,ATGM,,checked_v170
atgm-spike-lr2,SPIKE LR2,ATGM,,checked_v172
atgm-bill-family,BILL / BILL 2,ATGM,| Основное ВВ: марка и масса | В проверенной карточке PAL 2000 не опубликованы |,checked_v181
atgm-hj12e,HJ-12E (Red Arrow 12E),ATGM,,not_reviewed_in_v197
atgm-pirat,"PIRAT: испытания, опубликованные в 2020 году",ATGM,| Внешние размеры и масса основного ВВ PIRAT | В сообщении об испытаниях не опубликованы |,checked_v181
atgm-spike-pandur-cz,SPIKE-LR на Pandur II CZ,ATGM,,checked_v181
svo-orlan-10-family,Орлан-10: семейство разведывательных БПЛА,SVO,,checked_v189
svo-zala-z16-family,ZALA Z-16: беспилотник наблюдения,SVO,,checked_v181
svo-lancet-loitering-munition,«Ланцет»: барражирующий боеприпас,SVO,| Основное ВВ Z-52E: марка и масса | Проверенная страница этих полей не содержит |,checked_v181
svo-forpost-r-family,«Форпост-Р»: беспилотный комплекс самолётного типа,SVO,,checked_v181
svo-leleka-100-family,Leleka-100: украинский разведывательный БПЛА,SVO,,checked_v181
svo-pd2-uas-family,PD-2: модульный украинский беспилотный комплекс,SVO,,checked_v181
svo-shark-uas-family,SHARK: семейство украинских разведывательных БПЛА,SVO,,checked_v181
svo-bayraktar-tb2-class,Bayraktar TB2 и класс MALE,SVO,,checked_v181
svo-small-multirotor-fpv-class,"Малые мультикоптеры и FPV: класс, а не одна модель",SVO,,checked_v189
svo-one-way-attack-uav-class,Ударные БПЛА одностороннего действия: проверка атрибуции,SVO,,checked_v189
svo-uncrewed-ground-vehicles,Наземные роботизированные комплексы,SVO,,checked_v189
svo-counter-uas-layered-concept,Противодействие БПЛА: многоуровневая система,SVO,,checked_v189
svo-electronic-warfare-gnss-context,Радиоэлектронная борьба и помехи навигации,SVO,,checked_v189
svo-remote-observation-sensor-fusion,Дистанционное наблюдение и объединение данных,SVO,,checked_v189
svo-protected-mobility-class,Защищённые колёсные машины: класс и контекст,SVO,,checked_v191
svo-osint-verification-workflow,OSINT: как отделять наблюдение от утверждения,SVO,,checked_v189
first-aid-scene-safety,Безопасность места и вызов помощи,MEDICINE,,checked_medical_v190
first-aid-primary-assessment,Первичная оценка пострадавшего,MEDICINE,,checked_medical_v190
first-aid-adult-cpr,СЛР взрослому при отсутствии нормального дыхания,MEDICINE,,checked_medical_v190
first-aid-aed,Автоматический наружный дефибриллятор,MEDICINE,,checked_medical_v190
first-aid-adult-choking,Удушье инородным телом у взрослого,MEDICINE,,checked_medical_v190
first-aid-shock,Признаки шока после травмы,MEDICINE,,checked_medical_v190
first-aid-fracture,Подозрение на перелом,MEDICINE,,checked_medical_v190
first-aid-head-injury,Травма головы,MEDICINE,,checked_medical_v190
first-aid-spinal-injury,Подозрение на травму позвоночника,MEDICINE,,checked_medical_v190
first-aid-chemical-burn,Химический ожог кожи,MEDICINE,,checked_medical_v190
first-aid-eye-injury,Инородное тело или химикат в глазу,MEDICINE,,checked_medical_v190
first-aid-electric-shock,Поражение электрическим током,MEDICINE,,checked_medical_v190
first-aid-seizure,Судорожный приступ,MEDICINE,,checked_medical_v190
first-aid-poisoning,Подозрение на отравление,MEDICINE,,checked_medical_v190
first-aid-heat-illness,Перегрев и тепловой удар,MEDICINE,,checked_medical_v190
first-aid-hypothermia,Переохлаждение,MEDICINE,,checked_medical_v190
first-aid-handover,Наблюдение и передача пострадавшего,MEDICINE,,checked_medical_v190
pdf-source-method-v4,Как читать справочные карточки и ссылки на PDF,AMMUNITION,,checked_v191
eng-blu-43-b-family,BLU-43/B Dragontooth,AMMUNITION,| Dragon’s tooth без индекса в JRC: основной раздел ВВ | Nitromethane / Nitroethane (нитрометан / нитроэтан) | ; | Dragon’s tooth без индекса в JRC: масса основного наполнения | 9 г |,checked_v174
eng-dm-41-ap,DM-41 (противопехотная),AMMUNITION,| Масса основного ВВ по проверенному справочнику | 860 г | ; | Обозначение основного ВВ в этой записи | Тротил (в тексте «тринитротолуол») |,checked_v184
eng-fordonsmina-13-family,Fordonsmina 13 / Fordonsmina 13R,AMMUNITION,"| Fordonsmina 13: основное ВВ по SoldR | Hexotol | ; | Fordonsmina 13: масса основного ВВ по SoldR | 9,5 кг | ; | Fordonsmina 13R: основное ВВ по SoldR | Hexotol | ; | Fordonsmina 13R: масса основного ВВ по SoldR | 5,5 кг |",checked_v171
eng-hailstorm-family,MPIM HAILSTORM / MINI HAILSTORM,AMMUNITION,"| Полная масса, наружные размеры и отдельная масса основного ВВ | В проверенных заводских страницах самостоятельными числовыми полями не опубликованы |",checked_v178
eng-li-11-truppmina-10,LI-11 / Truppmina 10 / DM11 AP,AMMUNITION,"| Взрывчатое наполнение — NEQ по HALO, DM-11 Apers | 114 г | ; | Тип ВВ по таблице HALO, DM-11 Apers | Не указан | ; | Тип и масса ВВ — исходный LI-11 | В выбранном дополнении отдельно не подтверждены |",checked_v157
eng-m14-ap-mine,M14 (противопехотная мина),AMMUNITION,"| Тип ВВ основного заряда | Tetryl (тетрил) | ; | Масса ВВ основного заряда | 28,35 г |",checked_v156
eng-m16-mine-family,M16 / M16A1 / M16A2 — противопехотные мины,AMMUNITION,| Тип ВВ основного заряда — M16 / M16A1 / M16A2 | TNT | ; | Масса ВВ основного заряда — M16 | 521 г; метрическое значение таблицы | ; | Масса ВВ основного заряда — M16A1 | 513 г; метрическое значение таблицы | ; | Масса ВВ основного заряда — M16A2 | 590 г; метрическое значение таблицы |,checked_v157
eng-m67-m72-mine-family,M67 / M72 — мины ADAM,AMMUNITION,"| Тип основного / целевого наполнения по GICHD 2025 | Composition A5 по TM 43-0001-28; GICHD сокращает обозначение до RDX | ; | Масса основного / целевого наполнения по GICHD 2025 | 21,25 г на одну мину — TM 43-0001-28; GICHD приводит округлённые 21 г |",checked_v164
eng-m77-m90-mine-family,M77 / M90 — противопехотные мины,AMMUNITION,"| Масса основного ВВ по проверенному справочнику | 0,54 кг — общая таблица семейства | ; | Обозначение основного ВВ в этой записи | Composition B4 (в таблице «комп. В4») |",checked_v184
eng-m86-pdm,M86 Pursuit Deterrent Munition,AMMUNITION,| Тип основного / целевого наполнения | Composition A5 | ; | Масса основного / целевого наполнения | Точная масса не установлена: 21 gr в колонке AV без отдельного метрического значения |,checked_v166
eng-mai-75,MAI-75,AMMUNITION,| Взрывчатое наполнение — NEQ по HALO | 120 г | ; | Тип ВВ по таблице HALO | Не указан |,checked_v156
eng-mai-ga4,MAI-GA4,AMMUNITION,"| Масса основного ВВ в таблице FOI | 12,0 кг | ; | Марка основного ВВ | В таблице FOI не названа |",checked_v179
eng-maped-mod-f1,MAPED mod. F1,AMMUNITION,| Масса основного ВВ | В FOI стоит знак вопроса; значение не установлено |,checked_v179
eng-mi-ap-dv-59,Mi-AP-DV 59,AMMUNITION,| Основное наполнение MODEL 59 — предел подтверждения | Точная марка и отдельная масса основного наполнения этим листом не установлены |,checked_v169
eng-mi-ap-mb-51,Mi-AP-MB-51,AMMUNITION,| Mi-AP-MB-51: обозначение и масса основного ВВ | В проверенной статье отдельным числовым паспортом не опубликованы |,checked_v184
eng-mm-1,MM-1,AMMUNITION,"| Масса MM-1 без основного ВВ по справочнику | 0,4 кг | ; | Полная масса и масса основного ВВ MM-1 | На проверенной странице не указаны |",checked_v182
eng-mrud,MRUD,AMMUNITION,"| Взрывчатое наполнение — NEQ по HALO, MRUD | 900 г | ; | Тип ВВ по таблице HALO, MRUD | Не указан |",checked_v193
eng-nr-413,NR 413,AMMUNITION,| Основное наполнение NR 413 — предел подтверждения | Точная марка и отдельная масса основного наполнения этим листом не установлены |,checked_v193
eng-pjrad,PJRAD,AMMUNITION,| Масса PJRAD и масса основного ВВ | В собственной таблице этой модели не приведены |,checked_v182
eng-pp-mi-ba,PP-Mi-Ba,AMMUNITION,| Тип основного / целевого наполнения | TNT — по исторической таблице | ; | Масса основного / целевого наполнения | 200 г |,checked_v166
eng-ppm-2-dd,PPM-2,AMMUNITION,| Взрывчатое наполнение — NEQ по HALO | 110 г | ; | Тип ВВ по таблице HALO | Не указан |,checked_v156
eng-prb-m409,PRB M409,AMMUNITION,"| Взрывчатое наполнение — NEQ по HALO, PRB M409 | 80 г | ; | Тип ВВ по таблице HALO, PRB M409 | Не указан |",checked_v157
eng-sb-33-family,SB-33 (семейство),AMMUNITION,"| Взрывчатое наполнение — NEQ по HALO, SB-33 | 35 г | ; | Тип ВВ по таблице HALO, SB-33 | Не указан |",checked_v157
eng-str-50-str-75-family,STR-50 / STR-75,AMMUNITION,"| STR-50: масса основного ВВ | 0,8 кг | ; | STR-75: масса основного ВВ | 1,4 кг | ; | Основное ВВ двух названных вариантов | TNT/RDX (тротил/гексоген) |",checked_v178
eng-t-ab-1-ap,T-AB-1 (противопехотная),AMMUNITION,| Масса основного ВВ по проверенному справочнику | 62 г | ; | Обозначение основного ВВ в этой записи | В собственной таблице не названо |,checked_v184
eng-truppmina-12-family,Truppmina 12 / Truppmina 12B,AMMUNITION,| L1-12 (написание JRC): основное ВВ | Смешанное TNT / RDX; точная марка не дана | ; | L1-12 (написание JRC): масса основного наполнения | 3 кг |,checked_v174
eng-type-58-ap,Type 58 (противопехотная),AMMUNITION,"| Type 58, фугасная противопехотная: основное наполнение по JRC 2003 | TNT (тротил) | ; | Type 58, фугасная противопехотная: масса основного наполнения по JRC 2003 | 240 г |",checked_v171
eng-type-72-ap-family,Type 72 A/B/C (противопехотная ветвь),AMMUNITION,| Основное наполнение TYPE 72 AP — предел подтверждения | Точная марка и отдельная масса основного наполнения этим листом не установлены |,checked_v169
eng-valmara-family,Valmara V-59 / V-69,AMMUNITION,"| Взрывчатое наполнение — NEQ по HALO, Valmara 59 | 550 г | ; | Взрывчатое наполнение — NEQ по HALO, Valmara 69 | 400 г | ; | Тип ВВ по таблицам HALO, V-59 / V-69 | Не указан |",checked_v157
eng-var-40-var-100-family,VAR 40 / VAR 100,AMMUNITION,| Основное наполнение VAR/40 — предел подтверждения | Точная марка и отдельная масса основного наполнения этим листом не установлены |,checked_v169
eng-vp-84-vp-01-family,VP 84 / VP 01,AMMUNITION,"| VP 84: масса основного ВВ | 11,5 кг по справочнику | ; | VP 01: масса основного ВВ | 10,3 кг по справочнику | ; | Основное ВВ VP 84 / VP 01 | ТГ — обозначение таблицы; рецептура не уточнена |",checked_v182
eng-vp-88,VP 88,AMMUNITION,"| Масса основного ВВ по справочнику | 0,9 кг | ; | Обозначение основного ВВ в этой таблице | ТГ — обозначение справочника, без уточнения рецептуры |",checked_v182
eng-vs-50-family,VS-50 / VS-50 EO3,AMMUNITION,"| Взрывчатое наполнение — NEQ по HALO, VS-50 | 43 г | ; | Тип ВВ по таблице HALO, VS-50 | Не указан |",checked_v157
eng-vs-jap,VS-JAP,AMMUNITION,"| Масса основного ВВ по справочнику | 0,5 кг | ; | Обозначение основного ВВ в этой таблице | Composition B (в таблице «комп. В») |",checked_v182
eng-vs-mk2-family,VS-Mk-2 / VS-Mk2-EL,AMMUNITION,| Основное наполнение VS-MK 2 / AR-AN — предел подтверждения | Точная марка и отдельная масса основного наполнения этим листом не установлены |,checked_v169
eng-vs-sapf-m3,VS-SAPF-M3,AMMUNITION,"| Масса основного ВВ по справочнику | 0,45 кг | ; | Обозначение основного ВВ в этой таблице | Composition B (в таблице «комп. В») |",checked_v182
eng-ym-1-ir,YM-1,AMMUNITION,| Основное наполнение YM-I — предел подтверждения | Точная марка и отдельная масса основного наполнения этим листом не установлены |,checked_v169
eng-ym-1b-ir,YM-1B,AMMUNITION,"| Масса основного ВВ по проверенному справочнику | 42–45 г | ; | Обозначение основного ВВ в этой записи | В строке справочника перечислены TNT/RDX и RDX, без конкретной рецептуры |",checked_v184
eng-israel-no-12,Израильская мина No. 12,AMMUNITION,| No. 12: обозначение и масса основного ВВ | На проверенных страницах отдельным числовым паспортом не опубликованы |,checked_v184
eng-pma-1a,ПМА-1А,AMMUNITION,| Взрывчатое наполнение — NEQ по HALO | 200 г | ; | Тип ВВ по таблице HALO | Не указан |,checked_v156
eng-pma-2,ПМА-2,AMMUNITION,| Взрывчатое наполнение — NEQ по HALO | 100 г | ; | Тип ВВ по таблице HALO | Не указан |,checked_v156
eng-pma-3,ПМА-3,AMMUNITION,| Взрывчатое наполнение — NEQ по HALO | 35 г | ; | Тип ВВ по таблице HALO | Не указан |,checked_v156
eng-prom-1,ПРОМ-1,AMMUNITION,"| Тип основного / целевого наполнения | TNT — основное ВВ исторической PROM-1 | ; | Масса основного / целевого наполнения | 0,9 lb (≈0,408 кг) |",checked_v193
eng-protivopehotnaa-fugasnaa-mina-l10a1,Противопехотная фугасная мина L10A1,AMMUNITION,| Основное наполнение L10A1 — предел подтверждения | Точная марка и отдельная масса основного наполнения этим листом не установлены |,checked_v169
eng-protivopehotnaa-fugasnaa-mina-lory,Противопехотная фугасная мина LORY,AMMUNITION,"| Масса основного ВВ по справочнику | 0,082 кг | ; | Обозначение основного ВВ в этой таблице | Тетрил |",checked_v182
eng-protivopehotnaa-fugasnaa-mina-maus-1,Противопехотная фугасная мина MAUS-1,AMMUNITION,"| Масса основного ВВ по справочнику | 0,125 кг | ; | Обозначение основного ВВ в этой таблице | Марка в таблице не названа |",checked_v182
eng-p4-mk1-pk,P4 Mk1,AMMUNITION,"| Взрывчатое наполнение — NEQ по HALO, P4 Mk1 | 30 г | ; | Тип ВВ по таблице HALO, P4 Mk1 | Не указан |",checked_v157
eng-pm-79-bg,ПМ-79 / PM-79,AMMUNITION,| Полная масса и отдельное основное наполнение по этой форме | Самостоятельными паспортными полями не выделены |,checked_v176
eng-ts-50,TS-50,AMMUNITION,"| Взрывчатое наполнение — NEQ по HALO, TS-50 / YM I | 50 г | ; | Тип ВВ по таблице HALO, TS-50 / YM I | Не указан |",checked_v157
eng-psm-1-bg,ПСМ-1,AMMUNITION,| PSM-1: основное наполнение по JRC 2003 | RDX (гексоген); точная марка смеси не указана | ; | PSM-1: масса основного наполнения по JRC 2003 | 170 г |,checked_v171
eng-r-25,Р-25,AMMUNITION,"| Масса основного ВВ по справочнику | 0,18 кг | ; | Обозначение основного ВВ в этой таблице | Тротил |",checked_v182
eng-tos,ТОС,AMMUNITION,| Основное ВВ ТОС: марка и масса | В собственной таблице не опубликованы |,checked_v182
eng-adwat,ADWAT,AMMUNITION,"| Масса основного ВВ по справочнику | 3,9 кг | ; | Обозначение основного ВВ в этой таблице | Марка в таблице не названа |",checked_v182
submunition-blu-91-b,BLU-91/B (мина-суббоеприпас),AMMUNITION,| Основное наполнение BLU-91/B — предел подтверждения | Точная марка и отдельная масса основного наполнения этим листом не установлены |,checked_v169
eng-c-3-b-av,C-3-B,AMMUNITION,"| Тип ВВ по GICHD | TNT/RDX/aluminium | ; | Масса ВВ по GICHD | 5 000 г (5,0 кг) |",checked_v160
eng-c14,C14,AMMUNITION,| C14: обозначение и масса основного ВВ | В собственной таблице не опубликованы |,checked_v184
eng-dm-11-av-1951,"DM 11 (противотранспортная, образца 1951 года)",AMMUNITION,"| Масса основного ВВ по проверенному справочнику | 7,0 кг | ; | Обозначение основного ВВ в этой записи | Тротил |",checked_v184
eng-parm-family,PARM DM12 / DM22,AMMUNITION,| PARM 2 / DM22: отдельная достоверная масса основного ВВ | В выбранном листе не установлена |,checked_v174
eng-dm21,DM 21 (противотанковая мина),AMMUNITION,"| Полная масса, наружные размеры и отдельная масса основного ВВ | В этой классификационной таблице не опубликованы |",checked_v176
eng-fordonsmina-14,Fordonsmina 14 / FFV 016,AMMUNITION,"| Fordonsmina 14: основное ВВ по SoldR | Hexotol | ; | Fordonsmina 14: масса основного ВВ по SoldR | 1,5 кг |",checked_v171
eng-l9a2-l18a1-bar-mine-family,L9A2 Bar Mine / L18A1,AMMUNITION,"| Barmine без индекса в JRC: основное наполнение по JRC | Смешанное RDX / TNT; точная марка не дана | ; | Barmine без индекса в JRC: масса основного наполнения по JRC | 8,1 кг |",checked_v173
eng-m1-m1a1-av-family,M1 / M1A1 (противотранспортные мины),AMMUNITION,"| M1 / M1A1, противотанковые мины: основное наполнение по JRC 2003 | TNT (тротил) | ; | M1 / M1A1, противотанковые мины: масса основного наполнения по JRC 2003 | 2,75 кг |",checked_v171
eng-m15-av,M15 (противотанковая мина),AMMUNITION,"| Тип ВВ основного заряда | Composition B | ; | Масса ВВ основного заряда — TM 43-0001-36 | 10,33 кг; метрическое значение таблицы |",checked_v157
eng-m21-av,M21 (противотранспортная мина),AMMUNITION,"| Тип ВВ основного заряда | Composition H-6 | ; | Масса ВВ основного заряда — TM 43-0001-36 | 4,9 кг; метрическое значение таблицы |",checked_v157
eng-m6a2-av,M6A2,AMMUNITION,"| M6A2, противотанковая мина: основное наполнение по JRC 2003 | TNT (тротил) | ; | M6A2, противотанковая мина: масса основного наполнения по JRC 2003 | 4,45 кг |",checked_v171
eng-m70-m73-mine-family,M70 / M73 (RAAM/FASCAM),AMMUNITION,"| Тип основного / целевого наполнения | PBX 0280 — основное ВВ мин RAAM из указанных M718/M741 | ; | Масса основного / целевого наполнения | 1,26 lb (≈0,572 кг) на одну внутреннюю мину |",checked_v167
eng-m7a2-av,M7A2,AMMUNITION,"| Взрывчатое наполнение — NEQ по HALO, M7A2 | 1,6 кг | ; | Тип ВВ по таблице HALO, M7A2 | Не указан |",checked_v157
eng-mat-62b-mat-76-family,MAT-62B / MAT-76,AMMUNITION,| Основное наполнение MAT-76 — предел подтверждения | Точная марка и отдельная масса основного наполнения этим листом не установлены |,checked_v169
eng-mat-5-mat-6-family,MAT/5 / MAT/6,AMMUNITION,"| MAT/5: масса основного ВВ | 5,0 кг по справочнику | ; | MAT/6: масса основного ВВ | 6,3 кг по справочнику | ; | Основное ВВ MAT/5 / MAT/6 | Composition B (в обеих таблицах «комп. В») |",checked_v182
eng-mats-family,MATS/1.4 / MATS/2.6,AMMUNITION,"| MATS/1.4: масса основного ВВ | 1,5 кг по справочнику | ; | MATS/2.6: масса основного ВВ | 2,4 кг по справочнику | ; | Основное ВВ MATS/1.4 / MATS/2.6 | Composition B (в таблице «комп. В») |",checked_v182
eng-mc-71,MC-71,AMMUNITION,"| Полная масса, наружные размеры и отдельная масса основного ВВ | В этой классификационной таблице не опубликованы |",checked_v176
eng-mi-ac-ah-family,MI AC AH F1 / F2,AMMUNITION,| MIACAH F1: основное ВВ по WEG | Hexolite | ; | MIACAH F1: масса основного наполнения по WEG | 7 кг |,checked_v174
eng-mitral,Mitral,AMMUNITION,"| Масса основного ВВ по справочнику | 1,0 кг | ; | Обозначение основного ВВ в этой таблице | Марка в таблице не названа |",checked_v182
eng-mn-123-family,MN-123 / MN-121,AMMUNITION,,checked_v173
eng-mpbk-zn,MPBK-ZN,AMMUNITION,| Основное ВВ MPBK-ZN: марка и масса | В таблице не опубликованы |,checked_v182
eng-mr-123,MR-123,AMMUNITION,,checked_v173
eng-p3-mk2-pk,P3 Mk2,AMMUNITION,| P3 Mk2: основное наполнение по JRC | TNT (тротил) | ; | P3 Mk2: масса основного наполнения по JRC | 5 кг |,checked_v173
eng-pansermine-m47,Pansermine M/47,AMMUNITION,"| Тип основного / целевого наполнения | TNT — основное ВВ M/47-1 | ; | Масса основного / целевого наполнения | 14,3 lb (≈6,486 кг) |",checked_v193
eng-pk-14-ee,PK-14 / M14 (Эстония),AMMUNITION,"| Масса основного ВВ по справочнику | 1,7 кг | ; | Обозначение основного ВВ в этой таблице | PBX — общий класс полимерсвязанного ВВ, без конкретной марки |",checked_v182
eng-pm-60-k-1,PM-60 / K-1,AMMUNITION,"| Тип основного / целевого наполнения | TNT — основное ВВ исторической PM-60 | ; | Масса основного / целевого наполнения | 7,5 кг |",checked_v167
eng-prb-m3-family,PRB M3 / M3A1,AMMUNITION,"| Взрывчатое наполнение — NEQ по HALO, PRB M3 | 6 кг | ; | Тип ВВ по таблице HALO, PRB M3 | Не указан |",checked_v193
eng-pt-mi-ba-family,PT Mi-Ba (семейство),AMMUNITION,"| Тип основного / целевого наполнения | TNT — отдельные PT-Mi-Ba, II и III по таблице USAREUR | ; | Масса основного / целевого наполнения | PT-Mi-Ba: 5,6 кг; II: 6,0 кг; III: 7,2 кг |",checked_v166
eng-pt-mi-u,PT Mi-U,AMMUNITION,"| PT Mi-U: масса основного ВВ по «Иностранным минам 2» | 7,1 кг | ; | PT Mi-U: обозначение основного ВВ | ТГ — обозначение таблицы; рецептура не уточнена |",checked_v182
eng-saci-54-family,SACI 54 (семейство),AMMUNITION,"| Тип основного / целевого наполнения | TNT — только исторические Light / Heavy в статье Saci 54/7 | ; | Масса основного / целевого наполнения | Light: 11,0 lb (≈4,990 кг); Heavy: 19,8 lb (≈8,981 кг) |",checked_v166
eng-sb-81-family,SB-81 / SB-81-AR-AN,AMMUNITION,| Основное наполнение SB-81 — предел подтверждения | Точная марка и отдельная масса основного наполнения этим листом не установлены |,checked_v169
eng-sh-55-family,SH-55 (семейство),AMMUNITION,| Основное наполнение SH-55 — предел подтверждения | Точная марка и отдельная масса основного наполнения этим листом не установлены |,checked_v169
eng-stridsvagnsmina-m52b,Stridsvagnsmina m/52B,AMMUNITION,| m/52B: основное наполнение по SoldR | Hexotol; в скобках источник отдельно приводит TNT |,checked_v171
eng-t-ab-1-at,T-AB-1 (противотранспортная),AMMUNITION,"| Масса основного ВВ по проверенному справочнику | 5,2 кг | ; | Обозначение основного ВВ в этой записи | Тротил |",checked_v184
eng-tc-family,TC/2.4 / TC/3.6 / TC/6,AMMUNITION,"| Основное наполнение TC/2.4, TC/3.6, TC/6 — предел подтверждения | Точная марка и отдельная масса основного наполнения этим листом не установлены |",checked_v169
eng-tmrp-6,TMRP-6,AMMUNITION,"| Тип основного ВВ по GICHD | TNT | ; | Масса основного ВВ по GICHD | 5 000 г (5,0 кг) | ; | Дополнительное пиротехническое наполнение по GICHD | Чёрный порох (black powder) | ; | Масса дополнительного пиротехнического наполнения по GICHD | 25 г |",checked_v160
eng-tulipan,Tulipan,AMMUNITION,| SPPŁW: основное ВВ по BELMA | Composition B | ; | SPPŁW: отдельная масса основного наполнения | В каталоге не дана |,checked_v173
eng-umk,UMK (противотранспортная мина),AMMUNITION,"| Масса основного ВВ по проверенному справочнику | 5,5 кг | ; | Обозначение основного ВВ в этой записи | Тротил |",checked_v184
eng-vs-1-6-family,VS-1.6 / VS-1.6-AR-AN,AMMUNITION,| Основное наполнение VS 1.6 MOD 1 / VS 1.6 — предел подтверждения | Точная марка и отдельная масса основного наполнения этим листом не установлены |,checked_v169
eng-vs-av-family,VS-2.2 / VS-3.6 / VS-6.0 / VS-9.0,AMMUNITION,| Основное наполнение VS-2.2 TYPE 1 / TYPE 2 — предел подтверждения | Точная марка и отдельная масса основного наполнения этим листом не установлены |,checked_v169
eng-atm-01-family,ATM-01 (семейство),AMMUNITION,| Полная масса собранного комплекта и марка основного ВВ | Самостоятельными однозначными полями этих таблиц не выделены |,checked_v178
eng-atm-15m,АТМ-15М,AMMUNITION,"| Масса основного ВВ по проверенному справочнику | 8,2 кг | ; | Обозначение основного ВВ в этой записи | МС/ТГА — обозначение таблицы, без рецептуры |",checked_v184
eng-atm-4m,АТМ-4М,AMMUNITION,"| Масса основного ВВ по проверенному справочнику | 2,2 кг | ; | Обозначение основного ВВ в этой записи | В собственной таблице не названо |",checked_v184
eng-atm-r3,АТМ-Р3,AMMUNITION,| Масса и марка основного ВВ | На проверенной странице отдельными полями не опубликованы |,checked_v179
eng-israel-no-6,Израильская мина No. 6,AMMUNITION,| No. 6 (Израиль): основное наполнение по JRC 2003 | TNT (тротил) | ; | No. 6 (Израиль): масса основного наполнения по JRC 2003 | 6 кг |,checked_v171
eng-tma-family,"TMA — TMA-1A, TMA-2A, TMA-3, TMA-4, TMA-5/5A",AMMUNITION,"| Тип основного / целевого наполнения | TNT — только исторические TMA-1, TMA-2 и TMA-3 | ; | Масса основного / целевого наполнения | TMA-1: 5,0 кг; TMA-2: 6,5 кг; TMA-3: 6,5 кг |",checked_v193
eng-m49a1-signal-mine,M49A1 — сигнальная мина,AMMUNITION,"| M49A1: масса с наполнением по Army | 0,75 lb (≈340,19 г) |",checked_v173
eng-mpr-m85,MPR-M85,AMMUNITION,| Масса основного ВВ по проверенному справочнику | 400 г | ; | Обозначение основного ВВ в этой записи | Пластичное ВВ на основе ТЭНа (в тексте обозначено PEP); рецептура не приведена |,checked_v184
eng-slam-family,SLAM M2 / M4,AMMUNITION,| Независимая сверка наполнения и размеров именно M2/M4 | На странице XM94 отдельные поля поздних M2/M4 не опубликованы |,checked_v176
submunition-m42-m46-dpicm-family,M42 / M46 DPICM,AMMUNITION,| M42 / M46 / M77: основное ВВ по совместной таблице GICHD | Composition A-5 | ; | M42 / M46 / M77: масса основного наполнения по GICHD | 30 г |,checked_v173
submunition-m77-dpicm,M77 DPICM,AMMUNITION,| M42 / M46 / M77: основное ВВ по совместной таблице GICHD | Composition A-5 | ; | M42 / M46 / M77: масса основного наполнения по GICHD | 30 г |,checked_v173
submunition-m78-av-submunition,M78 (противотранспортный суббоеприпас),AMMUNITION,| Масса основного ВВ по проверенному справочнику | 585 г | ; | Обозначение основного ВВ в этой записи | RDX |,checked_v184
submunition-m85-m87-dpicm-family,M85 / M87 DPICM,AMMUNITION,| M85 DPICM: масса основного ВВ | 44 г по «Минлею» | ; | M85 DPICM: обозначение основного ВВ | Гексоген (RDX) | ; | M87 DPICM: отдельный паспорт основного ВВ | На проверенной странице не опубликован |,checked_v184
eng-pdf-v7-001,M-11,AMMUNITION,"| Масса основного ВВ по справочнику | 0,3 кг | ; | Обозначение основного ВВ в этой таблице | Марка не названа |",checked_v182
eng-pdf-v7-002,M-12,AMMUNITION,"| Масса основного ВВ по справочнику | 1,5 кг | ; | Обозначение основного ВВ в этой таблице | Марка не названа |",checked_v182
eng-pdf-v7-003,VS-DAFM1,AMMUNITION,| Масса основного ВВ | В FOI стоит знак вопроса; значение не установлено |,checked_v179
eng-pdf-v7-004,M-13,AMMUNITION,"| Масса основного ВВ М-13 по справочнику | 12,0 кг | ; | Обозначение основного ВВ М-13 | В таблице не названо |",checked_v182
eng-pdf-v7-005,VS-DAFM6 / VS-DAFM7,AMMUNITION,| Массы основного ВВ обоих вариантов | В FOI стоят знаки вопроса; значения не установлены |,checked_v179
eng-pdf-v7-006,VS-APFM1,AMMUNITION,"| Масса основного ВВ по CISR | 500 г | ; | Обозначение основного ВВ по CISR | Composition B | ; | Ограничение согласования наполнения | Книга указывает «0,5» в графе граммов и комп. A5; с CISR не согласовано |",checked_v186
eng-pdf-v7-007,DM-31 (противопехотная),AMMUNITION,| Основное наполнение DM-31 — предел подтверждения | Точная марка и отдельная масса основного наполнения этим листом не установлены |,checked_v169
eng-pdf-v7-008,NR 442,AMMUNITION,"| Масса основного ВВ по справочнику | 0,56 кг | ; | Обозначение основного ВВ в этой таблице | Марка в таблице не названа |",checked_v182
eng-pdf-v7-009,M74 (противопехотная мина),AMMUNITION,"| Тип основного / целевого наполнения | Composition B4 — основное ВВ M74 | ; | Масса основного / целевого наполнения | 0,41 кг (0,90 lb в таблице) |",checked_v167
eng-pdf-v7-010,BLU-92/B,AMMUNITION,| Основное наполнение BLU-92/B — предел подтверждения | Точная марка и отдельная масса основного наполнения этим листом не установлены |,checked_v169
eng-pdf-v7-011,MUSPA / MUSA,AMMUNITION,"| Полная масса, наружные размеры и отдельная масса основного ВВ | В этой классификационной таблице не опубликованы |",checked_v176
eng-pdf-v7-012,P-40,AMMUNITION,| Основное наполнение P-40 TYPE 2 — предел подтверждения | Точная марка и отдельная масса основного наполнения этим листом не установлены |,checked_v169
eng-pdf-v7-013,BM/85,AMMUNITION,"| Масса основного ВВ по справочнику | 0,45 кг | ; | Обозначение основного ВВ в этой таблице | Composition B (в таблице «комп. В») |",checked_v183
eng-pdf-v7-014,DM-11 (противопехотная),AMMUNITION,| DM-11 AP: основное ВВ по WEG | TNT (тротил) | ; | DM-11 AP: масса основного наполнения по WEG | 120 г |,checked_v174
eng-pdf-v7-015,PP-Mi-Na,AMMUNITION,"| Масса основного ВВ по справочнику | 0,10 кг | ; | Обозначение основного ВВ в этой таблице | Тротил |",checked_v183
eng-pdf-v7-016,Pansermine M/56 / AC ID 51/52,AMMUNITION,"| Масса основного ВВ по справочнику | 7,2 кг | ; | Обозначение основного ВВ в этой таблице | Марка не названа |",checked_v183
eng-pdf-v7-017,Stridsvagnsmina 5,AMMUNITION,| Stridsvagnsmina 5: основное ВВ по SoldR | TNT (тротил) | ; | Stridsvagnsmina 5: масса основного ВВ по SoldR | 10 кг |,checked_v171
eng-pdf-v7-018,SENTRY ATC,AMMUNITION,"| Полная масса, наружные размеры и отдельная масса основного ВВ | В проверенных заводских страницах самостоятельными числовыми полями не опубликованы |",checked_v178
eng-pdf-v7-019,SENTRY ATM,AMMUNITION,"| Полная масса, наружные размеры и отдельная масса основного ВВ | В проверенных заводских страницах самостоятельными числовыми полями не опубликованы |",checked_v178
eng-pdf-v7-020,PM-87 / Pohjamiina 87,AMMUNITION,"| Масса основного ВВ по справочнику | 4,0 кг | ; | Обозначение основного ВВ в этой таблице | Тротил |",checked_v183
eng-pdf-v7-021,AT-2: DM1274 / DM1274A1 / DM1399 / DM1233,AMMUNITION,"| Полная масса, наружные размеры и отдельная масса основного ВВ | В этой классификационной таблице не опубликованы |",checked_v176
eng-pdf-v7-022,MI AC DISP F1,AMMUNITION,"| Масса основного ВВ по справочнику | 0,7 кг | ; | Обозначение основного ВВ в этой таблице | RDX |",checked_v183
eng-pdf-v7-023,HPD: HPD1 / HPD1A / HPD2 / HPD3 / HPD F2 / HPD 2A2,AMMUNITION,"| Тип ВВ по GICHD — только HPD-2A2 | Composition B | ; | Масса ВВ по GICHD — только HPD-2A2 | 2 800 г (2,8 кг) |",checked_v160
eng-pdf-v7-024,DM1239 / MIFF,AMMUNITION,"| Полная масса, наружные размеры и отдельная масса основного ВВ | В этой классификационной таблице не опубликованы |",checked_v176
eng-pdf-v7-025,PT Mi-D1M,AMMUNITION,"| Масса основного ВВ по справочнику | 0,8 кг | ; | Обозначение основного ВВ в этой таблице | A-IX-1 — обозначение таблицы, без рецептуры |",checked_v183
eng-pdf-v7-026,PTM-25,AMMUNITION,| Фактическая масса и марка основного ВВ | Опубликованный TNT equivalent не является отдельным физическим паспортом наполнения |,checked_v178
eng-pdf-v7-027,ATM-900,AMMUNITION,| Масса и марка основного ВВ | На проверенной странице отдельными полями не опубликованы |,checked_v179
eng-pdf-v7-028,TMD-1,AMMUNITION,"| Масса основного ВВ по справочнику | 0,97 кг | ; | Обозначение основного ВВ в этой таблице | Марка не названа |",checked_v183
eng-pdf-v7-029,VS-SATM1,AMMUNITION,"| Масса основного ВВ VS-SATM1 по справочнику | 0,8 кг | ; | Обозначение основного ВВ VS-SATM1 | В таблице не названо |",checked_v183
eng-pdf-v7-030,SB-MV/1,AMMUNITION,"| Масса основного ВВ по справочнику | 2,4 кг | ; | Обозначение основного ВВ в этой таблице | Марка не названа |",checked_v183
eng-pdf-v7-031,VS-HCT,AMMUNITION,| Основное наполнение VS-HCT — предел подтверждения | Точная марка и отдельная масса основного наполнения этим листом не установлены |,checked_v169
eng-pdf-v7-032,VS-HCT2,AMMUNITION,| Основное наполнение VS-HCT2 (MOD 1) — предел подтверждения | Точная марка и отдельная масса основного наполнения этим листом не установлены |,checked_v169
eng-pdf-v7-033,VS-HCT4,AMMUNITION,"| Масса основного ВВ по справочнику | 2,3 кг | ; | Обозначение основного ВВ в этой таблице | Composition B (в таблице «комп. В») |",checked_v183
eng-pdf-v7-034,VS-AT4EL,AMMUNITION,"| Масса основного ВВ по справочнику | 4,5 кг | ; | Обозначение основного ВВ в этой таблице | Марка не названа |",checked_v183
eng-pdf-v7-035,BAT/7,AMMUNITION,"| Масса основного ВВ по справочнику | 3,6 кг | ; | Обозначение основного ВВ в этой таблице | Марка не названа |",checked_v183
eng-pdf-v7-036,M76 / M79,AMMUNITION,| Тип основного / целевого наполнения | У M79: инертное учебное содержимое; M76 этим разделом не подтверждена | ; | Масса основного / целевого наполнения | У M79: None (inert); для M76 отдельно не установлена |,checked_v167
eng-pdf-v7-037,M75,AMMUNITION,"| Тип основного / целевого наполнения | RDX / Estane — основное ВВ M75 | ; | Масса основного / целевого наполнения | 0,57 кг (1,26 lb в таблице) |",checked_v167
eng-pdf-v7-038,MPB-ZK,AMMUNITION,,checked_v173
eng-pdf-v7-039,MPB-ZN,AMMUNITION,,checked_v173
eng-pdf-v7-040,PD Mi-PK,AMMUNITION,"| PD Mi-PK: масса основного наполнения по WEG | 5,5 кг; точная марка не дана |",checked_v174
eng-pdf-v7-041,APILAS / APAJAX (мина),AMMUNITION,"| Масса основного ВВ гранаты APILAS | 1,5 кг по справочнику | ; | Обозначение основного ВВ гранаты APILAS | ТГ — обозначение таблицы, без рецептуры |",checked_v183
eng-pdf-v7-042,Addermine / AJAX,AMMUNITION,"| Масса основного ВВ гранаты Addermine / AJAX | 1,1 кг по справочнику | ; | Обозначение основного ВВ гранаты Addermine / AJAX | Марка в собственной таблице не названа |",checked_v183
eng-pdf-v7-043,ARGES,AMMUNITION,| Основное ВВ ARGES: марка и масса | В собственной таблице не опубликованы |,checked_v183
eng-pdf-v7-044,VS-T,AMMUNITION,| Пиротехническое наполнение: обозначение и масса | В собственной таблице модели не опубликованы |,checked_v183
eng-pdf-v7-045,VAR/IG,AMMUNITION,| Пиротехническое наполнение: обозначение и масса | В собственной таблице модели не опубликованы |,checked_v183
eng-pdf-v7-046,MI ECL CB 58,AMMUNITION,| Пиротехническое наполнение: обозначение и масса | В собственной таблице модели не опубликованы |,checked_v183
eng-pdf-v7-047,MI ECL LDU F1B,AMMUNITION,| Пиротехническое наполнение: обозначение и масса | В собственной таблице модели не опубликованы |,checked_v183
eng-pdf-v7-048,Larmmina 2,AMMUNITION,,checked_v171
eng-pdf-v7-049,VS-TA 90,AMMUNITION,| Пиротехническое наполнение VS-TA 90: обозначение и масса | В собственной таблице не опубликованы |,checked_v183
eng-pdf-v7-050,IMZR-11,AMMUNITION,| Масса основного ВВ по справочнику | 3 кг | ; | Обозначение основного ВВ в этой таблице | HMX (октоген) |,checked_v183
eng-pdf-v7-051,AHM-200,AMMUNITION,"| Масса, наружные размеры и масса основного ВВ | Самостоятельными числовыми полями на этой странице не опубликованы |",checked_v179
eng-pdf-v7-052,AHM-200-1,AMMUNITION,"| Масса, наружные размеры и масса основного ВВ | Самостоятельными числовыми полями на этой странице не опубликованы |",checked_v179
eng-pdf-v7-053,AHM-200-2,AMMUNITION,"| Масса, наружные размеры и масса основного ВВ | Самостоятельными числовыми полями на этой странице не опубликованы |",checked_v179
eng-pdf-v7-054,DM-49,AMMUNITION,"| Масса основного ВВ по проверенному справочнику | 0,150 кг | ; | Обозначение основного ВВ в этой записи | ТГ — обозначение таблицы, без рецептуры |",checked_v184
eng-pdf-v7-055,DM-39,AMMUNITION,"| Масса основного ВВ по проверенному справочнику | 0,300 кг | ; | Обозначение основного ВВ в этой записи | ТГ — обозначение таблицы, без рецептуры |",checked_v184
eng-pdf-v7-056,Minforsat 1,AMMUNITION,"| Масса основного ВВ по проверенному справочнику | 0,4 кг | ; | Обозначение основного ВВ в этой записи | Тротил |",checked_v184
eng-pdf-v7-057,Piovra / «Пьовра»,AMMUNITION,"| Масса основного ВВ по проверенному справочнику | 6,0 кг | ; | Обозначение основного ВВ в этой записи | В собственной таблице не названо |",checked_v184
eng-pdf-v7-058,Mila-6C,AMMUNITION,| Mila-6C: обозначение и масса основного ВВ | Не опубликованы в проверенной таблице и фирменном буклете |,checked_v184
eng-pdf-v7-059,VS-SS-22,AMMUNITION,| VS-SS-22: обозначение и масса основного ВВ | В собственной таблице не опубликованы |,checked_v184
eng-pdf-v7-060,EPR/2.5,AMMUNITION,"| Масса основного ВВ по проверенному справочнику | 2,5 кг | ; | Обозначение основного ВВ в этой записи | В собственной таблице не названо |",checked_v184
eng-pdf-v7-061,MDM-5,AMMUNITION,| Фактическая масса и марка основного ВВ | Не установлены: поле TNT equivalent не является массой физического наполнения |,checked_v178
eng-pdf-v7-062,MDM-6,AMMUNITION,| Фактическая масса и марка основного ВВ | Не установлены: поле TNT equivalent не является массой физического наполнения |,checked_v178
eng-pdf-v7-063,MDM-7 / MDM-7B,AMMUNITION,| Фактическая масса и марка основного ВВ | Не установлены: поле TNT equivalent не является массой физического наполнения |,checked_v178
eng-pdf-v7-064,MDM8-2B,AMMUNITION,| Фактическая масса и марка основного ВВ | Не установлены: поле TNT equivalent не является массой физического наполнения |,checked_v178
eng-pdf-v7-065,MPD,AMMUNITION,,checked_v173
eng-pdf-v7-066,VS-RM-30,AMMUNITION,| Масса основного ВВ по проверенному справочнику | 30 кг | ; | Обозначение основного ВВ в этой записи | В собственной таблице не названо |,checked_v184
eng-pdf-v7-067,PDM-120,AMMUNITION,| Основное ВВ | Тротил (TNT) | ; | Масса основного ВВ | 120 кг |,checked_v178
eng-pdf-v7-068,PDM-1B,AMMUNITION,| Основное ВВ | Тротил (TNT) | ; | Масса только основного ВВ | Самостоятельным числовым полем на этой странице не опубликована |,checked_v178
eng-pdf-v7-069,PDM-1C,AMMUNITION,| Фактическая масса и марка основного ВВ | Отдельно не установлены: опубликованный TNT equivalent их не заменяет |,checked_v178
eng-pdf-v7-070,PDM-2B,AMMUNITION,| Основное ВВ | Тротил (TNT) | ; | Масса только основного ВВ | Самостоятельным числовым полем на этой странице не опубликована |,checked_v178
eng-pdf-v7-071,MEP-2RC,AMMUNITION,| Масса основного ВВ | 8 кг | ; | Марка основного ВВ | На проверенной странице не названа |,checked_v179
eng-pdf-v7-072,MEP-8RC,AMMUNITION,| Масса основного ВВ | 8 кг | ; | Марка основного ВВ | На проверенной странице не названа |,checked_v179
eng-pdf-v7-073,MIRJAM,AMMUNITION,| MIRJAM: обозначение и масса основного ВВ | В собственной таблице не опубликованы |,checked_v184
eng-pdf-v7-074,MAS/17,AMMUNITION,"| MAS/17: масса основного ВВ | 17,0 кг по справочнику | ; | MAS/17: обозначение основного ВВ | В собственной таблице не названо |",checked_v184
eng-pdf-v7-075,MAS/22,AMMUNITION,"| Масса основного ВВ по проверенному справочнику | 17,0 кг | ; | Обозначение основного ВВ в этой записи | В собственной таблице не названо |",checked_v184
eng-pdf-v7-076,EPR 1.2 / EPR 3.6 / EPR 6,AMMUNITION,"| EPR 1.2: масса основного ВВ | 1,2 кг по справочнику | ; | EPR 3.6: масса основного ВВ | 3,6 кг по справочнику | ; | EPR 6: масса основного ВВ | 6,0 кг по справочнику | ; | EPR 1.2 / 3.6 / 6: обозначение основного ВВ | Марка в общей таблице не названа |",checked_v184
eng-pdf-v7-077,PM16 / Blocker,AMMUNITION,"| Полная масса, наружные размеры и физическая масса основного ВВ | На проверенной странице брошюры не опубликованы |",checked_v178
eng-pdf-v7-078,TURSO MM30,AMMUNITION,"| Полная масса, наружные размеры и физическая масса основного ВВ | На проверенной странице брошюры не опубликованы |",checked_v178
eng-pdf-v7-079,PM04,AMMUNITION,| PM04: масса основного ВВ по справочнику | 365 кг | ; | PM04: обозначение основного ВВ в таблице | PBE — буквальное обозначение; конкретная марка не уточнена |,checked_v184
eng-pdf-v7-080,GM-750,AMMUNITION,"| Основное ВВ, название компонентов по изготовителю | Тротил / гексоген (TNT/RDX) | ; | Физическая масса основного ВВ | Не опубликована отдельно; поле TNT equivalent не является физической массой |",checked_v179
eng-pdf-v7-081,Manta / MN 103,AMMUNITION,| Основное наполнение MANTA — предел подтверждения | Точная марка и отдельная масса основного наполнения этим листом не установлены |,checked_v169
eng-pdf-v7-082,PDM-250,AMMUNITION,| Основное ВВ | Тротил (TNT) | ; | Масса основного ВВ боевой части | 250 кг |,checked_v178
eng-pdf-v7-083,MINEA,AMMUNITION,| Цилиндрическая MINEA: масса основного ВВ | 600 кг по справочнику | ; | Цилиндрическая MINEA: обозначение основного ВВ | Тротил | ; | Коническая и якорная MINEA: масса основного ВВ | В соответствующих колонках таблицы стоит прочерк |,checked_v183
eng-pdf-v7-084,BGM 100 / Rockan,AMMUNITION,| Масса основного ВВ по справочнику | 105 кг | ; | Обозначение основного ВВ в этой таблице | Марка не названа |,checked_v183
eng-pdf-v7-085,BGM 601 / Banny,AMMUNITION,| Масса основного ВВ по справочнику | 80 кг | ; | Обозначение основного ВВ в этой таблице | Марка не названа |,checked_v183
eng-pdf-v7-086,BGM 600,AMMUNITION,"| BGM 600: опубликованные массы основного ВВ | 200, 300, 400 кг — отдельные значения справочника | ; | BGM 600: обозначение основного ВВ | В собственной таблице не названо |",checked_v183
eng-pdf-v7-087,BMM 80,AMMUNITION,"| Масса основного ВВ по справочнику | 80 кг | ; | Обозначение основного ВВ в этой таблице | ТГ — обозначение таблицы, без рецептуры |",checked_v183
eng-pdf-v7-088,Quickstrike,AMMUNITION,| Quickstrike Mk 62: масса основного ВВ | 89 кг по справочнику | ; | Quickstrike Mk 63: масса основного ВВ | 202 кг по справочнику | ; | Quickstrike Mk 65: масса основного ВВ | 908 кг по справочнику | ; | Quickstrike: обозначение основного ВВ | Марка в данной таблице не названа |,checked_v183
eng-pdf-v7-089,Quickstrike-ER,AMMUNITION,| Масса основного ВВ по справочнику | 429 кг | ; | Обозначение основного ВВ в этой таблице | Марка в таблице не названа |,checked_v183
eng-pdf-v7-090,MN 105 / Seppia,AMMUNITION,| Масса основного ВВ по справочнику | 200 кг | ; | Обозначение основного ВВ в этой таблице | HBX-3 |,checked_v183
eng-pdf-v7-091,MR 80,AMMUNITION,| MR 80 Mod A: масса основного ВВ | 870 кг по справочнику | ; | MR 80 Mod B: масса основного ВВ | 630 кг по справочнику | ; | MR 80 Mod C: масса основного ВВ | 460 кг по справочнику | ; | MR 80: обозначение основного ВВ | HBX-3 |,checked_v183
eng-pdf-v7-092,MP 80,AMMUNITION,| Масса основного ВВ по справочнику | 620 кг | ; | Обозначение основного ВВ в этой таблице | HBX-3 |,checked_v183
eng-pdf-v7-093,MN 102 / Murena,AMMUNITION,| Масса основного ВВ по справочнику | 600 кг | ; | Обозначение основного ВВ в этой таблице | HBX-3 |,checked_v183
eng-pdf-v7-094,Asteria,AMMUNITION,"| Asteria: опубликованные массы основного ВВ | 200, 400, 600 кг — отдельные значения справочника | ; | Asteria: обозначение основного ВВ | HBX-3 |",checked_v183
eng-pdf-v7-095,Mk 60 Captor,AMMUNITION,"| Основное ВВ торпеды Mk 46 в составе Captor | PBXN-103, 96 lb (≈43,54 кг) |",checked_v175
eng-pdf-v7-096,Mk 67 SLMM,AMMUNITION,"| Масса основного наполнения Mk 67 по All Hands | 330 lb (≈149,69 кг); в публикации также 150 кг | ; | Марка основного ВВ | Не названа |",checked_v175
eng-pdf-v7-097,MO-90,AMMUNITION,| MO-90: масса одного основного заряда ВВ | 300 кг по справочнику | ; | MO-90: обозначение основного ВВ | HBX-3 |,checked_v183
eng-pdf-v7-098,Stonefish,AMMUNITION,| Stonefish Mk II: максимальная масса основного ВВ | 600 кг по справочнику | ; | Stonefish Mk III: максимальная масса основного ВВ | 500 кг по справочнику | ; | Stonefish: обозначение основного ВВ в строке максимума | PBX — общий класс полимерсвязанного ВВ; конкретная марка не названа |,checked_v183
eng-pdf-v7-099,Sea Urchin,AMMUNITION,| Sea Urchin: масса одного основного заряда ВВ | 350 кг по справочнику | ; | Sea Urchin: обозначение основного ВВ | В собственной таблице не названо |,checked_v183
eng-pdf-v7-101,Пряник,AMMUNITION,,not_reviewed_in_v197
eng-pdf-v7-102,Эклер,AMMUNITION,,not_reviewed_in_v197
eng-pdf-v7-103,Мыльница,AMMUNITION,,not_reviewed_in_v197
eng-pdf-v7-104,Фляга / Фунфырик,AMMUNITION,,not_reviewed_in_v197
eng-pdf-v7-105,Пакет,AMMUNITION,,not_reviewed_in_v197
eng-pdf-v7-106,Муха,AMMUNITION,,not_reviewed_in_v197
eng-pdf-v7-107,Лугумина,AMMUNITION,,not_reviewed_in_v197
eng-pdf-v7-108,Укрлепесток,AMMUNITION,,not_reviewed_in_v197
eng-pdf-v7-109,ППМ-1П,AMMUNITION,,not_reviewed_in_v197
eng-pdf-v7-110,Болт,AMMUNITION,,not_reviewed_in_v197
eng-pdf-v7-111,Пенал,AMMUNITION,,not_reviewed_in_v197
eng-pdf-v7-112,HFM0050,AMMUNITION,,not_reviewed_in_v197
eng-pdf-v7-113,СТИК-Ф / Stick ИБ,AMMUNITION,,not_reviewed_in_v197
eng-pdf-v7-114,ПОМ-С / К-2,AMMUNITION,,not_reviewed_in_v197
eng-pdf-v7-115,"ИБМ-0,5 / Кукуруза",AMMUNITION,,not_reviewed_in_v197
eng-pdf-v7-116,УПМ-О,AMMUNITION,,not_reviewed_in_v197
eng-pdf-v7-117,Волчек / Дзига,AMMUNITION,,not_reviewed_in_v197
eng-pdf-v7-118,ТМ-2025,AMMUNITION,,not_reviewed_in_v197
eng-pdf-v7-119,ТМ-124,AMMUNITION,,not_reviewed_in_v197
eng-pdf-v7-120,MKTBT,AMMUNITION,| Обозначение основного ВВ по собственной статье MKTBT | Тротил (TNT) | ; | Масса основного ВВ по собственной таблице MKTBT | 12 кг |,checked_v188
eng-pdf-v7-121,Type 81 AT,AMMUNITION,"| Обозначение основного ВВ в статье Type 81 | Тротил / гексоген (TNT / RDX) | ; | Масса основного ВВ по таблице статьи Type 81 | 5,4 кг |",checked_v188
eng-pdf-v7-122,PARM NextGen,AMMUNITION,"| Полная масса, наружные размеры и масса основного ВВ NextGen | В прочитанной собственной публикации TDW не приведены |",checked_v187
eng-pdf-v7-123,Кирпич (СВУ),AMMUNITION,,not_reviewed_in_v197
eng-pdf-v7-124,No. 10 (Израиль),AMMUNITION,| No. 10 (Израиль): основное наполнение по JRC 2003 | TNT (тротил) | ; | No. 10 (Израиль): масса основного наполнения по JRC 2003 | 50 г |,checked_v171
eng-pdf-v7-125,S.Mi.35,AMMUNITION,"| Тип основного / целевого наполнения | Основное ВВ S.Mi.35; точная марка в статье не указана | ; | Масса основного / целевого наполнения | 16 oz (≈0,454 кг) |",checked_v168
eng-pdf-v7-126,M-80 (Египет),AMMUNITION,| Основное наполнение M/80 — предел подтверждения | Точная марка и отдельная масса основного наполнения этим листом не установлены |,checked_v169
eng-pdf-v7-127,SACI IMAS,AMMUNITION,| Масса основного ВВ вариантов IMAS | Не установлена; номер варианта не принят за массу |,checked_v188
eng-pdf-v7-128,Gyata-64 / Gayata-64,AMMUNITION,| Взрывчатое наполнение — NEQ по HALO | 300 г | ; | Тип ВВ по таблице HALO | Не указан |,checked_v156
eng-pdf-v7-129,NM-14 (Индия),AMMUNITION,"| Полная масса, наружные размеры и масса основного ВВ NM-14 | В проверенных собственных фрагментах отдельно не приведены |",checked_v188
eng-pdf-v7-130,Mi-AP-DV Piguet 61 / 63,AMMUNITION,| Piguet / PIG 63: основное ВВ по WEG | Тетрил | ; | Piguet / PIG 63: масса основного наполнения по WEG | 30 г |,checked_v174
eng-pdf-v7-131,T.Mi.43,AMMUNITION,"| Тип основного / целевого наполнения | Основное ВВ T.Mi.43; точная марка в статье не названа | ; | Масса основного / целевого наполнения | 12 lb (≈5,443 кг) |",checked_v168
ref-v8-dm11-cap,Sprengkapsel DM11 — капсюль-детонатор,AMMUNITION,,checked_v188
ref-v8-dm11-transfer,Zündverstärker DM11 — передаточный элемент,AMMUNITION,,checked_v188
ref-v8-m7-cap,M7 — капсюль-детонатор,AMMUNITION,,checked_v173
ref-v8-dm77,DM77 — механический зажигатель,AMMUNITION,,checked_v188
ref-v8-m81-igniter,M81 — механический зажигатель,AMMUNITION,,checked_v173
ref-v8-m11-nonelectric,M11 — неэлектрический детонатор,AMMUNITION,,checked_v173
ref-v8-m23-nonelectric,M23 — неэлектрическая система инициирования,AMMUNITION,,checked_v173
ref-v8-m14-ignition-tube,M14 — зажигательная трубка,AMMUNITION,,checked_v173
ref-v8-m670-cord,M670 — огнепроводный шнур,AMMUNITION,,checked_v173
ref-v8-m700-cord,M700 — огнепроводный шнур,AMMUNITION,,checked_v173
ref-v8-monetti-pl5,Monetti PL5 — огнепроводный шнур,AMMUNITION,,checked_v188
ref-v8-dm11-detonating-cord,Sprengschnur DM11 — детонирующий шнур,AMMUNITION,,checked_v188
ref-v8-riocord-pv10,Riocord PV10 — детонирующий шнур,AMMUNITION,,checked_v188
ref-v8-atmf62,ATMF 62 — финский минный взрыватель,AMMUNITION,,checked_v187
ref-v8-mintandare15,Mintändare 15 — шведский минный взрыватель,AMMUNITION,,checked_v171
ref-v8-mintandare16,Mintändare 16 — шведский электронный взрыватель,AMMUNITION,,checked_v171
ref-v8-atmf07,ATMF-07 — болгарский минный взрыватель,AMMUNITION,,checked_v178
ref-v8-nvptm,NV-PTM — болгарский минный взрыватель,AMMUNITION,| Отдельные поля наполнения именно прежнего исполнения NV-PTM | Этим источником не установлены |,checked_v178
ref-v8-nvptmrc,NV-PTM-RC / ATMF-08 — минный взрыватель,AMMUNITION,| Общая масса наполнения отдельного взрывателя | Самостоятельным полем не опубликована |,checked_v178
ref-v8-vsar4,VS-AR4 — итальянский взрыватель-ловушка,AMMUNITION,,checked_v187
ref-v8-stridsvagnsmintandare4,Stridsvagnsmintändare 4 — шведский минный взрыватель,AMMUNITION,,checked_v171
ref-v8-ro4,RO-4 — чешский взрыватель-ловушка,AMMUNITION,,checked_v187
ref-v8-m142,M142 — американский взрыватель-ловушка,AMMUNITION,,checked_v173
ref-v8-rmp-fuze,RMP — финский минный взрыватель,AMMUNITION,,checked_v187
ref-v8-evf1,ЭВФ-1 — электровоспламенитель,AMMUNITION,,checked_v174
ref-v8-evf11,ЭВФ-11 — электровоспламенитель,AMMUNITION,,checked_v174
ref-v8-mf1,МФ-1 — электровоспламенитель,AMMUNITION,,checked_v174
ref-v8-shockstar-ms,Shock*Star MS — неэлектрический детонатор,AMMUNITION,,checked_v173
ref-v8-shockstar-lp,Shock*Star LP — неэлектрический детонатор,AMMUNITION,,checked_v174
ref-v8-rockstar,Rock*Star — электродетонатор,AMMUNITION,,checked_v174
ref-v8-staticstar,Static*Star — сейсмический электродетонатор,AMMUNITION,,checked_v174
ref-v8-estar-gold,E*STAR Gold / Gold HD — электронные детонаторы,AMMUNITION,,checked_v187
ref-v8-estar-go,E*STAR GO — электронная система инициирования,AMMUNITION,,checked_v187
ref-v8-ar-md,AR-MD — миномётный взрыватель,AMMUNITION,| Масса наполнения всего отдельного взрывателя | Как самостоятельный полный показатель не опубликована |,checked_v176
ref-v8-primers-overview,Запалы — обзор раздела,AMMUNITION,| Масса основного ВВ боеприпаса | Для обзорной записи запалов не определяется |,checked_v188
ref-v8-in-nipun,Nipun,AMMUNITION,"| Масса изделия, наружные размеры и масса основного ВВ | В сообщении о передаче 16.08.2022 не опубликованы |",checked_v180
ref-v8-in-vibhav,Vibhav,AMMUNITION,| Основное ВВ по DRDO | Composition B (Comp-B) | ; | Отдельная масса основного ВВ | На этой странице не опубликована |,checked_v176
ref-v8-in-vishal,Vishal,AMMUNITION,"| Полная масса, размеры и масса основного ВВ именно VISHAL | Не подтверждены просмотренными подписанными источниками |",checked_v180
ref-v8-in-prachand,Prachand,AMMUNITION,"| Полная масса, размеры и масса основного ВВ | В проверенном кратком документе DRDO не опубликованы |",checked_v180
ref-v8-za-r2m1,R2M1,AMMUNITION,| R2M1: основное наполнение по JRC 2003 | RDX с восковым связующим; точная марка не указана | ; | R2M1: масса основного наполнения по JRC 2003 | 58 г |,checked_v171
ref-v8-za-r2m2,R2M2,AMMUNITION,| R2M2: основное наполнение по JRC 2003 | RDX с восковым связующим; точная марка не указана | ; | R2M2: масса основного наполнения по JRC 2003 | 58 г |,checked_v171
ref-v8-za-no69mk1,No. 69 Mk1 (ЮАР),AMMUNITION,"| Полная масса, размеры и основное ВВ | В собственной статье HRW числовой паспорт не опубликован |",checked_v185
ref-v8-za-shrapnel-no2,Shrapnel Mine No. 2,AMMUNITION,| Shrapnel Mine No. 2: основное наполнение по JRC 2003 | PE9 | ; | Shrapnel Mine No. 2: масса основного наполнения по JRC 2003 | 680 г |,checked_v171
ref-v8-za-mini-ms803,Mini-MS 803 / MIM MS-803,AMMUNITION,| MINI-MS-803: основное наполнение по JRC | PE9 | ; | MINI-MS-803: масса основного наполнения по JRC | 460 г |,checked_v172
ref-v8-za-type72-ap,Type 72 AP (ЮАР),AMMUNITION,| Масса основного ВВ по этой строке CISR | 51 г | ; | Обозначение основного ВВ в этой строке | TNT (тротил) |,checked_v185
ref-v8-za-no8-at,No. 8 AT (ЮАР),AMMUNITION,| Масса взрывчатого содержимого (NEQ по HALO) | 7 кг | ; | Тип ВВ | В выбранной таблице HALO не указан |,checked_v155
ref-v8-za-type72-at,Type 72 AT (ЮАР),AMMUNITION,"| Основное ВВ общей строки WEG | TNT/RDX, 5,4 кг |",checked_v175
ref-v8-zw-zap1,ZAP No. 1 / RAP No. 1,AMMUNITION,| RAP No. 1: основное наполнение по JRC 2003 | Pentolite | ; | RAP No. 1: масса основного наполнения по JRC 2003 | 140 г |,checked_v171
ref-v8-zw-zap2,ZAP No. 2 / RAP No. 2,AMMUNITION,| RAP No. 2: основное наполнение по JRC 2003 | Pentolite | ; | RAP No. 2: масса основного наполнения по JRC 2003 | 140 г |,checked_v171
ref-v8-zw-zaps,ZAPS / RAPS PloughShear,AMMUNITION,| ZAPS: основное наполнение по JRC 2003 | Pentolite | ; | ZAPS: масса основного наполнения по JRC 2003 | 500 г |,checked_v171
ref-v8-cn-type59-ap,Type 59 AP (Китай),AMMUNITION,| Type 59 AP (Китай): основное наполнение по JRC | TNT (тротил) | ; | Type 59 AP (Китай): масса основного наполнения по JRC | 75 г |,checked_v172
ref-v8-cn-type59-at,Type 59 AT (Китай),AMMUNITION,"| Масса основного ВВ по CISR | 6,02 кг | ; | Обозначение основного ВВ | TNT (тротил) |",checked_v185
ref-v8-jp-type63-ap,Type 63 AP (Япония),AMMUNITION,"| Масса основного ВВ по CISR | 147,5 г | ; | Марка основного ВВ | В собственной строке CISR не указана |",checked_v185
ref-v8-jp-type63-at,Type 63 AT / Type 63B (Япония),AMMUNITION,"| Основное ВВ Type 63 по CISR | 10,9 кг Composition B | ; | Основное ВВ Type 63B по CISR | 10,9 кг Composition B |",checked_v185
ref-v8-cn-type66,Type 66 (Китай),AMMUNITION,| Type 66 (Китай): основное наполнение по JRC | Пластичное ВВ; точная марка не дана | ; | Type 66 (Китай): масса основного наполнения по JRC | 680 г |,checked_v172
ref-v8-jp-type67,Type 67 (Япония),AMMUNITION,"| Масса основного ВВ по CISR | 7,3 г | ; | Обозначение основного ВВ | Tetryl (тетрил) |",checked_v185
ref-v8-jp-type80,Type 80 (Япония),AMMUNITION,| Масса основного ВВ по CISR | 134 г | ; | Обозначение основного ВВ | TNT (тротил) |,checked_v185
ref-v8-pk-p2mk2-ap,P2 Mk2 AP (Пакистан),AMMUNITION,"| Взрывчатое наполнение — NEQ по HALO, P2 Mk2 AP | 30 г | ; | Тип ВВ по таблице HALO, P2 Mk2 AP | Не указан |",checked_v157
ref-v8-pk-p5-family,P5 Mk1 / P5 Mk2,AMMUNITION,| P5 Mk1 / Mk2: основное наполнение по JRC | PE-3A |,checked_v172
ref-v8-pk-p7mk1,P7 Mk1,AMMUNITION,| Полная масса и масса основного ВВ | В собственной строке CISR не опубликованы |,checked_v185
ref-v8-pk-p2mk2-at,P2 Mk2 AT (Пакистан),AMMUNITION,"| Взрывчатое наполнение — NEQ по HALO, P2 Mk2 AT | 6,5 кг | ; | Тип ВВ по таблице HALO, P2 Mk2 AT | Не указан |",checked_v157
ref-v8-ar-fmk1,FMK-1,AMMUNITION,"| FMK-1: основное наполнение в форме H.1 | TNT/RDX, 152 г — опубликованное значение с конфликтом | ; | Итог проверки наполнения | Одно однозначно подтверждённое значение не выбрано |",checked_v176
ref-v8-ar-mapg,MAPG (Аргентина),AMMUNITION,"| Полная масса, размеры и основное ВВ | В прочитанном историческом разделе Landmine Monitor 2000 не опубликованы |",checked_v185
ref-v8-ar-mappg,MAPPG (Аргентина),AMMUNITION,"| Полная масса, размеры и основное ВВ | В прочитанном историческом разделе Landmine Monitor 2000 не опубликованы |",checked_v185
ref-v8-ar-fmk3,FMK-3,AMMUNITION,| Обозначение основного ВВ по CISR | RDX/TNT | ; | Полная масса и масса основного ВВ | Числа не перенесены: единицы массы в строке CISR требуют проверки |,checked_v185
ref-v8-cl-mapp78,M.A.P.P. 78-F2 FAMAE,AMMUNITION,| Основное ВВ по форме H | TNT | ; | Масса основного ВВ по форме H | 87 г |,checked_v176
ref-v8-cl-mapt78,M.A.P.T. 78-F2 FAMAE,AMMUNITION,| Основное ВВ по форме H | TNT | ; | Масса основного ВВ по форме H | 87 г |,checked_v176
ref-v8-cl-cardoen-i,Cardoen I,AMMUNITION,| Основное ВВ по форме H | Mexal 1500 | ; | Масса основного ВВ по форме H | 2600 г |,checked_v176
ref-v8-cl-cardoen-ii,Cardoen II,AMMUNITION,| Основное ВВ по форме H | Mexatol | ; | Масса основного ВВ по форме H | 370 г |,checked_v176
ref-v8-pmd-6m,ПМД-6М,AMMUNITION,| Основное наполнение PMD-6 / PMD-6M — предел подтверждения | Точная марка и отдельная масса основного наполнения этим листом не установлены |,checked_v169
ref-v8-pmn-4,ПМН-4,AMMUNITION,| Тип ВВ по GICHD — ПМН-4 | TNT; TG-40 упомянут как альтернативные сведения | ; | Масса ВВ по GICHD — ПМН-4 | 52–60 г |,checked_v160
ref-v8-pmn-3,ПМН-3,AMMUNITION,| Тип основного / целевого наполнения | Взрывчатое основное наполнение; точная марка в выбранной карточке ESAG не названа | ; | Масса основного / целевого наполнения | Отдельно не опубликована в выбранной статье |,checked_v165
ref-v8-mon-90,МОН-90,AMMUNITION,"| Взрывчатое наполнение — NEQ по HALO, MON 90 | 6,45 кг | ; | Тип ВВ по таблице HALO, MON 90 | Не указан |",checked_v157
ref-v8-mon-100,МОН-100: советская модель и польское исполнение,AMMUNITION,| Тип основного / целевого наполнения по GICHD 2025 | TNT | ; | Масса основного / целевого наполнения по GICHD 2025 | 2 000 г |,checked_v164
ref-v8-pomz-2m,ПОМЗ-2М,AMMUNITION,| Взрывчатое наполнение — NEQ по HALO | 75 г | ; | Тип ВВ по таблице HALO | Не указан |,checked_v156
ref-v8-tm-46,ТМ-46,AMMUNITION,"| Взрывчатое наполнение — NEQ по HALO | 5,7 кг | ; | Тип ВВ по таблице HALO | Не указан |",checked_v156
ref-v8-tmn-46,ТМН-46,AMMUNITION,| Тип основного / целевого наполнения | Взрывчатое основное наполнение; точная марка в выбранной карточке ESAG не названа | ; | Масса основного / целевого наполнения | Отдельно не опубликована в выбранной статье |,checked_v165
ref-v8-tm-57,ТМ-57,AMMUNITION,"| Взрывчатое наполнение — NEQ по HALO | 6,3 кг | ; | Тип ВВ по таблице HALO | Не указан |",checked_v156
ref-v8-pdm-1,ПДМ-1,AMMUNITION,,checked_v177
ref-v8-pdm-1m,ПДМ-1М,AMMUNITION,| Тип основного / целевого наполнения | Взрывчатое основное наполнение; точная марка в выбранной карточке ESAG не названа | ; | Масса основного / целевого наполнения | Отдельно не опубликована в выбранной статье |,checked_v165
ref-v8-pdm-2,ПДМ-2,AMMUNITION,| Тип основного / целевого наполнения | Взрывчатое основное наполнение; точная марка в выбранной карточке ESAG не названа | ; | Масса основного / целевого наполнения | Отдельно не опубликована в выбранной статье |,checked_v165
ref-v8-tm-62p3,ТМ-62П3,AMMUNITION,"| Тип ВВ по GICHD 2025 — ТМ-62П3 | TNT | ; | Масса ВВ по GICHD 2025 — ТМ-62П3 | 6 500 г (6,5 кг) |",checked_v160
ref-v8-tm-62p,ТМ-62П,AMMUNITION,"| Масса основного ВВ: Тротил | 7,6 кг | ; | Масса основного ВВ: МС или ТГА | 8,0 кг | ; | Масса основного ВВ: Аммонит А50 | 7,5 кг | ; | Масса основного ВВ: Аммонит А80 | 6,6 кг |",checked_v177
ref-v8-tm-72,ТМ-72,AMMUNITION,"| ТМ-72: основное наполнение по JRC | Смешанное RDX / TNT; точная марка не дана | ; | ТМ-72: масса основного наполнения по JRC | 2,5 кг |",checked_v172
ref-v8-pomz-2,ПОМЗ-2,AMMUNITION,| Взрывчатое наполнение — NEQ по HALO | 75 г | ; | Тип ВВ по таблице HALO | Не указан |,checked_v156
ref-v8-mon-200,МОН-200,AMMUNITION,| Тип основного / целевого наполнения по GICHD 2025 | TNT | ; | Масса основного / целевого наполнения по GICHD 2025 | 12 000 г |,checked_v164
ref-v8-pom-3,ПОМ-3 «Медальон»,AMMUNITION,| Тип ВВ по GICHD 2025 | A-IX-1 | ; | Масса ВВ по GICHD 2025 | 100 г |,checked_v160
ref-v8-ptm-4,ПТМ-4,AMMUNITION,"| Масса ВВ по GICHD | 1 400 г (1,4 кг) | ; | Тип ВВ по GICHD | На выбранной странице не указан |",checked_v160
ref-v8-pmd-6,ПМД-6,AMMUNITION,| Взрывчатое наполнение — NEQ по HALO | 200 г | ; | Тип ВВ по таблице HALO | Не указан |,checked_v156
ref-v9-kd8,"КД №8 (8А, 8М, 8С, 8Б)",AMMUNITION,,checked_v177
ref-v9-edp,ЭДП / ЭДП-р,AMMUNITION,,checked_v174
ref-v9-ed8,"ЭД-8 (ЭД-8-Э, ЭД-8-Ж)",AMMUNITION,,checked_v174
ref-v9-muv,"МУВ (МУВ, МУВ-2, МУВ-3, МУВ-4)",AMMUNITION,,checked_v170
ref-v9-mv5,МВ-5,AMMUNITION,,checked_v172
ref-v9-vpf,ВПФ,AMMUNITION,,checked_v172
ref-v9-mvch62,МВЧ-62,AMMUNITION,,checked_v172
ref-v9-mvp62,МВП-62 / МВП-62М,AMMUNITION,,checked_v172
ref-v9-mvz57,МВЗ-57,AMMUNITION,| Высота и полная масса наполнения | В проверенной таблице отдельно не опубликованы |,checked_v177
ref-v9-mve72,МВЭ-72,AMMUNITION,| Основное наполнение: поле GICHD | Not applicable — неприменимо к указанному прибору |,checked_v172
ref-v9-vzd,"ВЗД (ВЗД-3М, ВЗД-6Ч, ВЗД-144)",AMMUNITION,,checked_v189
ref-v9-chmv,"ЧМВ (ЧМВ-16, ЧМВ-60, ЧМВ-120)",AMMUNITION,| ЧМВ-16: длина неснаряженного изделия | 115 мм | ; | ЧМВ-60: высота неснаряженного изделия | 115 мм | ; | ЧМВ-120: высота неснаряженного изделия | 132 мм | ; | Единая масса всего наполнения трёх вариантов | Не назначена; варианты и состояние измерения разделены |,checked_v177
ref-v9-ztp,"ЗТП (ЗТП-50, ЗТП-150, ЗТП-300)",AMMUNITION,,checked_v189
ref-v9-md9,МД-9,AMMUNITION,,checked_v177
ref-v9-ktm1,КТМ-1,AMMUNITION,,checked_v188
ref-v9-mg37,МГ-37,AMMUNITION,,checked_v188
ref-v9-koveshnikov,Запал системы Ф. В. Ковешникова,AMMUNITION,,checked_v188
ref-v9-sinv,СИНВ,AMMUNITION,,checked_v187
ref-v9-iskra,Искра,AMMUNITION,,checked_v187
ref-v9-edilin,Эдилин,AMMUNITION,,checked_v187
ref-v9-korshun,Коршун,AMMUNITION,,checked_v187
ref-v9-iskra-t,ИСКРА-Т,AMMUNITION,,checked_v187
ref-v9-edez-s,ЭДЭЗ-С — промышленная электронная система инициирования,AMMUNITION,,checked_v187
ref-v9-nefrit,Нефрит,AMMUNITION,,checked_v187
ref-v9-fi-panssarimiina-m36,Panssarimiina m/36,AMMUNITION,"| Основное ВВ по историческому исследованию | Тротил или аматол | ; | Масса основного ВВ | 2,8 кг |",checked_v179
ref-v9-fi-panssarimiina-m39,Panssarimiina m/39 (Финляндия),AMMUNITION,"| Основное ВВ по историческому исследованию | Тротил или аматол | ; | Масса основного ВВ | 3,2 кг |",checked_v179
ref-v9-fi-panssarimiina-ms39-ms40,Panssarimiina m/S-39 / m/S-40,AMMUNITION,"| Масса основного ВВ в совместной таблице | 3,0 или 3,8 кг; соответствие отдельному исполнению не установлено | ; | Названия основного ВВ в совместной таблице | Тротил или хлоратно-смоляной состав |",checked_v179
ref-v9-fi-panssarimiina-m44,Panssarimiina m/44,AMMUNITION,| Основное ВВ по историческому исследованию | Тротил (TNT) | ; | Масса основного ВВ | 5 кг |,checked_v179
ref-v9-de-tellermine35,Tellermine 35 / T.Mi.35,AMMUNITION,"| Тип основного / целевого наполнения | Взрывчатое наполнение; точная марка в абзаце не названа | ; | Масса основного / целевого наполнения | Отдельно не опубликована в выбранном разделе | ; | Взрывчатое содержимое Tellermine 35 по TM 5-223C | 11 lb (≈4,990 кг) |",checked_v166
ref-v9-de-tellermine42,Tellermine 42 / T.Mi.42,AMMUNITION,"| Тип основного / целевого наполнения | Взрывчатое наполнение; точная марка в абзаце не названа | ; | Масса основного / целевого наполнения | Отдельно не опубликована в выбранном разделе | ; | Взрывчатое содержимое Tellermine 42 по TM 5-223C | 11 lb (≈4,990 кг) |",checked_v166
ref-v9-se-stridsvagnsmina-m39,Шведская противотанковая m/39 (Swedish M/39),AMMUNITION,"| Основное ВВ | Тротил (TNT) | ; | Масса основного ВВ | 3,1 кг |",checked_v179
ref-v9-fi-jaamiina-m41,Jäämiina m/41 / ARSA,AMMUNITION,"| Названия основного наполнения обычного исполнения | Anite, trinite, nitrolite или аматол; исторические названия автора | ; | Масса только основного ВВ обычного исполнения | Отдельно не установлена; объём бутылки не заменяет массу |",checked_v179
ref-v9-fi-rasia-ansa-m42,Rasia-ansa m/42,AMMUNITION,| Основное ВВ | Тротил (TNT) | ; | Масса основного ВВ | 200 г |,checked_v179
ref-v9-fi-laatikkomiina-m43,Laatikkomiina m/43 «Penaali»,AMMUNITION,| Основное исполнение: основное ВВ | Тротил (TNT) | ; | Основное исполнение: масса основного ВВ | 100 г |,checked_v179
ref-v9-fi-putkiansa42-putkimiina43,Putkiansa m/42 / Putkimiina m/43,AMMUNITION,| Putkiansa m/42: масса основного ВВ | 175 г | ; | Putkimiina m/43: масса основного ВВ | 180 г | ; | Основное ВВ по примечанию автора | Тротил или аматол |,checked_v179
ref-v9-su-tm35,ТМ-35,AMMUNITION,"| Тип основного / целевого наполнения | TNT | ; | Масса основного / целевого наполнения | В статье: 6,2 lb (≈2,812 кг) взрывчатого наполнения |",checked_v166
ref-v9-su-tm41,ТМ-41,AMMUNITION,"| Тип основного / целевого наполнения | Amatol либо TNT — альтернативы таблицы | ; | Масса основного / целевого наполнения | 8,4 lb (≈3,810 кг) |",checked_v165
ref-v9-su-tmdb,ТМД-Б,AMMUNITION,"| Взрывчатое наполнение — NEQ по HALO, TMD-B | 5–7 кг | ; | Тип ВВ по таблице HALO, TMD-B | Не указан |",checked_v157
ref-v9-su-tmk2,ТМК-2,AMMUNITION,"| ТМК-2: основное ВВ в разделе TNT приложения JRC | TNT (тротил) | ; | ТМК-2: масса наполнения в разделе TNT приложения JRC | 6 кг | ; | ТМК-2: наполнение в отдельном разделе смешанных ВВ JRC | Смесь RDX / TNT; точная марка не дана | ; | ТМК-2: масса наполнения в разделе смешанных ВВ JRC | 6,5 кг |",checked_v171
ref-v9-su-ozm3,ОЗМ-3,AMMUNITION,| Взрывчатое наполнение — NEQ по HALO | 75 г | ; | Тип ВВ по таблице HALO | Не указан |,checked_v156
ref-v9-su-ozm4,ОЗМ-4,AMMUNITION,| Взрывчатое наполнение — NEQ по HALO | 170 г | ; | Тип ВВ по таблице HALO | Не указан |,checked_v156
ref-v9-cn-type69-ap,Type 69 AP (Китай),AMMUNITION,| Основное наполнение TYPE 69 — предел подтверждения | Точная марка и отдельная масса основного наполнения этим листом не установлены |,checked_v169
ref-v9-vn-mbv78a1-a2,MBV78A1 / MBV78A2,AMMUNITION,| Масса взрывчатого содержимого (NEQ по HALO) | 65 г | ; | Тип ВВ | В выбранной таблице HALO не указан |,checked_v155
ref-v9-vn-mn79,MN79 / MN-79,AMMUNITION,| Масса взрывчатого содержимого (NEQ по HALO) | 29 г | ; | Тип ВВ | В выбранной таблице HALO не указан |,checked_v155
ref-v9-vn-mdh10,MDH10 / MDH-10,AMMUNITION,| MDH-10 (Вьетнам): основное наполнение по JRC | TNT (тротил) | ; | MDH-10 (Вьетнам): масса основного наполнения по JRC | 2 кг |,checked_v172
ref-v9-vn-nomz2b,NOMZ2B,AMMUNITION,| NO-MZ 2B (Вьетнам): основное наполнение по JRC | TNT (тротил) | ; | NO-MZ 2B (Вьетнам): масса основного наполнения по JRC | 65 г |,checked_v172
ref-v9-ro-mss,MSS (Румыния),AMMUNITION,"| Масса основного ВВ, опубликованная CISR | 30 г — значение требует независимой сверки | ; | Обозначение основного ВВ в этой строке | TNT (тротил) |",checked_v185
ref-v9-il-no22,No. 22 AT (Израиль),AMMUNITION,| Полная масса и основное ВВ | В собственной строке CISR не указаны |,checked_v185
ref-v9-il-no3,No. 3 AP (Израиль),AMMUNITION,| Масса основного ВВ по CISR | 200 г | ; | Обозначение основного ВВ | TNT (тротил) |,checked_v185
ref-v10-ru-model1908,Морская мина образца 1908 года,AMMUNITION,| Тип основного / целевого наполнения | TNT — по историческому описанию музейной статьи | ; | Масса основного / целевого наполнения | 115 кг |,checked_v166
ref-v10-su-m26,М-26 — морская мина образца 1926 года,AMMUNITION,"| Масса изделия, размеры и фактическая масса ВВ М-26 | В проверенном сообщении отдельным паспортом не опубликованы |",checked_v182
ref-v10-su-kb,КБ — корабельная большая мина,AMMUNITION,| Полная масса и масса основного ВВ КБ | На проверенной музейной странице не опубликованы |,checked_v182
ref-v10-su-m08-39,Морская мина образца 1908/39 года,AMMUNITION,| Масса основного ВВ по Музею Победы | 115 кг | ; | Основное ВВ по Музею Победы | Тротил |,checked_v182
ref-v10-su-yam,ЯМ — якорная малая морская мина,AMMUNITION,| Масса основного ВВ ЯМ по Музею Победы | 20 кг | ; | Основное ВВ ЯМ по Музею Победы | Тротил |,checked_v182
ref-v10-cn-mao1,M-1 / Mao-1 — морская мина Китая,AMMUNITION,| Масса основного ВВ и внешние габариты | В собственной строке таблицы 1 отдельные числа не приведены |,checked_v185
ref-v10-cn-mao4,M-4 / Mao-4 — морская мина Китая,AMMUNITION,| Основное ВВ и внешние размеры | Отдельные величины и марка ВВ в собственной строке не приведены |,checked_v185
ref-v10-ru-tm89,ТМ-89,AMMUNITION,"| ТМ-89: основное ВВ по WEG | ТГ-40 | ; | ТМ-89: масса основного наполнения по WEG | 6,7 кг |",checked_v174
ref-v10-cs-pt-mi-p,PT Mi-P,AMMUNITION,"| Масса основного ВВ по CISR | 5,8 кг | ; | Обозначение основного ВВ | TNT (тротил) |",checked_v185
ref-v10-pz-mi-85m,PZ MI 85M,AMMUNITION,"| Полная масса, внешние размеры и основное ВВ | В собственной строке CISR числовые поля отсутствуют |",checked_v185
ref-v10-at-pz-mi-88,PZ Mi 88 (Австрия),AMMUNITION,| Масса изделия и основного ВВ | В собственной строке CISR не указаны |,checked_v185
ref-v10-hu-uka63,UKA-63,AMMUNITION,| UKA-63: основное ВВ по WEG | TNT (тротил) | ; | UKA-63: масса основного наполнения по WEG | 6 кг |,checked_v174
ref-v10-gb-mk7,Mk 7 (семейство),AMMUNITION,"| Mk 7 (Великобритания): основное наполнение по JRC 2003 | TNT (тротил) | ; | Mk 7 (Великобритания): масса основного наполнения по JRC 2003 | 8,9 кг |",checked_v171
ref-v10-imp,IMP,AMMUNITION,| Масса основного ВВ и его марка | В собственной строке CISR не указаны |,checked_v185
ref-v10-artillery-m864,M864 — 155-мм кассетный артиллерийский снаряд,AMMUNITION,"| Наполнение / материал по TM 43-0001-28 | Composition A5 — основное наполнение внутренних изделий | ; | Масса отдельного наполнения по TM 43-0001-28 | 4,81 lb (≈2181,8 г) — табличный показатель на один снаряд | ; | Масса ВВ одного внутреннего изделия по TM | 30,5 г |",checked_v163
ref-v10-artillery-m483a1,M483A1 — 155-мм кассетный артиллерийский снаряд,AMMUNITION,"| Наполнение / материал по TM 43-0001-28 | Composition A5 — основное наполнение внутренних изделий | ; | Масса отдельного наполнения по TM 43-0001-28 | 6,25 lb (≈2835,0 г) — табличный показатель на один снаряд | ; | Масса ВВ одного внутреннего изделия по TM | 30,5 г |",checked_v163
ref-v10-artillery-m395,M395 — 155-мм кассетный артиллерийский снаряд,AMMUNITION,"| Полная масса, длина и отдельная масса ВВ | В таблице Annex A не опубликованы |",checked_v175
ref-v10-artillery-m396,M396 — 155-мм кассетный артиллерийский снаряд,AMMUNITION,"| Полная масса, длина и отдельная масса ВВ | В таблице Annex A не опубликованы |",checked_v175
ref-v10-artillery-smart-155,SMArt 155 — 155-мм артиллерийский снаряд,AMMUNITION,"| Основное наполнение: исходная строка производителя | High Explosive; 9,7 lb и 4,2 kg в одной строке | ; | Сверка единиц массы наполнения | 9,7 lb ≈4,400 кг; с 4,2 кг не совпадает. Точное значение требует сверки |",checked_v175
ref-v10-artillery-xm1113,XM1113 — 155-мм артиллерийский снаряд,AMMUNITION,| Общий класс основного наполнения XM1113 | Малочувствительное ВВ; конкретная марка не названа | ; | Масса основного ВВ XM1113 | В заводском листе не указана |,checked_v181
ref-v10-artillery-xm1128,XM1128 — 155-мм артиллерийский снаряд,AMMUNITION,| Основное ВВ XM1128: марка и масса | В проверенном сообщении не приведены |,checked_v181
ref-v10-artillery-m999,M999 — 155-мм кассетный артиллерийский снаряд,AMMUNITION,"| Полная масса, длина, отдельная масса наполнения | В доступном индексированном фрагменте не опубликованы |",checked_v175
ref-v10-artillery-lu211,LU211 — семейство 155-мм осколочно-фугасных снарядов,AMMUNITION,"| Тип основного / целевого наполнения по GICHD 2025 | EIDS XF 13 333 — исполнение IM | ; | Масса основного / целевого наполнения по GICHD 2025 | 8 800 г | ; | LU211 HE HB / HE BB — наполнение по таблицам KNDS | 8,8 кг Composition B |",checked_v164
ref-v10-artillery-lu215,LU215 — 155-мм осветительный снаряд,AMMUNITION,"| Тип основного / целевого наполнения | Осветительный состав; точная марка не дана | ; | Масса основного / целевого наполнения | 2,4 кг |",checked_v165
ref-v10-artillery-lu216,LU216 — 155-мм инфракрасный осветительный снаряд,AMMUNITION,"| Тип основного / целевого наполнения | Инфракрасный осветительный состав; точная марка не дана | ; | Масса основного / целевого наполнения | 2,4 кг |",checked_v165
ref-v10-artillery-lu217,LU217 — 155-мм дымовой снаряд,AMMUNITION,| Тип основного / целевого наполнения | Дымовой состав; точная марка не дана | ; | Масса основного / целевого наполнения | 5 кг |,checked_v165
ref-v10-artillery-lu220,LU220 — 155-мм артиллерийский снаряд,AMMUNITION,| Тип основного / целевого наполнения | Малочувствительное ВВ XF 13 333 — описание отдельной страницы LU220 | ; | Масса основного / целевого наполнения | 11 кг | ; | LU220 HE из общей таблицы — наполнение | 11 кг Composition B |,checked_v165
ref-v10-artillery-er-g3-105,ER G3 — семейство 105-мм артиллерийских снарядов,AMMUNITION,"| Тип основного / целевого наполнения | HE BB: осколочно-фугасное наполнение, точная марка на текущей странице не дана; SMK BB: дымовое | ; | Масса основного / целевого наполнения | SMK BB: 2,3 кг; отдельная масса HE BB в текущей таблице не опубликована |",checked_v165
ref-v10-artillery-m03-155,M03 — 155-мм артиллерийский снаряд Yugoimport,AMMUNITION,"| Тип основного / целевого наполнения | TNT — основное ВВ M03 ERFB и ERFB-BB | ; | Масса основного / целевого наполнения | 8,1 кг у каждого названного варианта |",checked_v168
ref-v10-artillery-m19-155,M19 — 155-мм артиллерийский снаряд Yugoimport,AMMUNITION,"| Тип основного / целевого наполнения | TNT — основное ВВ M19 HEER-BB; HEER-BT отдельно | ; | Масса основного / целевого наполнения | 9,7 кг (BB); 9,7 кг (BT) |",checked_v167
ref-v10-artillery-m15-105,M15 — 105-мм артиллерийский снаряд Yugoimport,AMMUNITION,"| Тип основного / целевого наполнения | TNT — основное ВВ M15 HEER-BB; HEER-BT отдельно | ; | Масса основного / целевого наполнения | 2,2 кг (BB); 2,2 кг (BT) |",checked_v167
ref-v10-artillery-m79-130,M79 — 130-мм артиллерийский снаряд Yugoimport,AMMUNITION,"| Тип основного / целевого наполнения | TNT — основное ВВ | ; | Масса основного / целевого наполнения | 3,67 кг |",checked_v167
ref-v10-artillery-m93-130,M93 — 130-мм артиллерийский снаряд Yugoimport,AMMUNITION,"| Тип основного / целевого наполнения | TNT — основное ВВ | ; | Масса основного / целевого наполнения | ≈3,64 кг |",checked_v167
ref-v10-artillery-k307,K307 — 155-мм осколочно-фугасный снаряд,AMMUNITION,,checked_v175
ref-v10-artillery-m107-family,M107 / KM107 — семейство 155-мм осколочно-фугасных снарядов,AMMUNITION,"| Тип ВВ — американский M107 | TNT или Composition B | ; | Масса ВВ — M107, вариант TNT | 14,6 lb (≈ 6,62 кг) | ; | Масса ВВ — M107, вариант Composition B | 15,4 lb (≈ 6,99 кг) | ; | Тип и масса ВВ — KM107 | В выбранном дополнении не подтверждены |",checked_v156
ref-v10-artillery-nm269,NM269 / IM HE-ER — 155-мм артиллерийский снаряд Nammo,AMMUNITION,| Тип взрывчатого наполнения — NM269 | MCX-6100 IM | ; | Масса взрывчатого наполнения — NM269 | Более 10 кг (> 10 кг) |,checked_v158
ref-v10-artillery-of45,ОФ-45 — 152-мм артиллерийский снаряд,AMMUNITION,| Тип основного / целевого наполнения по GICHD 2025 | А-IX-2 | ; | Масса основного / целевого наполнения по GICHD 2025 | 7 650 г |,checked_v164
ref-v10-artillery-of43,ОФ-43 — 203-мм артиллерийский снаряд,AMMUNITION,| Тип основного / целевого наполнения по GICHD 2025 | А-IX-2 | ; | Масса основного / целевого наполнения по GICHD 2025 | 17 800 г |,checked_v164
ref-v10-artillery-s463,С-463 — 122-мм артиллерийский снаряд,AMMUNITION,| Тип основного / целевого наполнения по GICHD 2025 | Осветительное целевое наполнение; марка в статье не дана | ; | Масса основного / целевого наполнения по GICHD 2025 | В выбранной статье отдельно не приведена | ; | Тип отдельного дополнительного наполнения С-463 | Чёрный порох — по описанию GICHD | ; | Масса отдельного дополнительного наполнения С-463 | 20 г |,checked_v164
ref-v10-artillery-bp540,БП-540 — 152-мм артиллерийский снаряд,AMMUNITION,| Тип основного / целевого наполнения по GICHD 2025 | А-IX-2 | ; | Масса основного / целевого наполнения по GICHD 2025 | 3 920 г |,checked_v164
ref-v10-artillery-k122-kitolov-2m,К122 «Китолов-2М» — 122-мм артиллерийский снаряд,AMMUNITION,| «Китолов-2М»: точная марка основного ВВ | В архивной таблице не указана |,checked_v171
ref-v11-oshp,ОШП — огнепроводный шнур,AMMUNITION,,checked_v178
ref-v11-dshv,ДШ-В (ДШВ) — детонирующий шнур,AMMUNITION,"| Основное ВВ, название по изготовителю | ТЭН (PETN) |",checked_v178
ref-v11-spp-1,СПП-1 — одножильный сапёрный провод,AMMUNITION,,checked_v178
ref-v11-spp-2,СПП-2 — двужильный сапёрный провод,AMMUNITION,,checked_v178
ref-v11-machine-kpm3,КПМ-3 — конденсаторная подрывная машинка,AMMUNITION,,checked_v179
ref-v11-machine-kpm1a,КПМ-1А — конденсаторная подрывная машинка,AMMUNITION,,checked_v179
ref-v11-machine-pm4,ПМ-4 — подрывная машинка,AMMUNITION,,checked_v179
ref-v11-machine-kvp4-100,КВП-4/100 — конденсаторный взрывной прибор,AMMUNITION,,checked_v179
ref-v11-r353,Р353 — переносной измерительный мост,AMMUNITION,,checked_v178
ref-v11-m57-ohmmeter,М-57 — малый омметр,AMMUNITION,,checked_v189
ref-v11-block-large-400,Большая шашка 400 г,AMMUNITION,| Основное ВВ | Тротил (TNT) |,checked_v177
ref-v11-block-small-200,Малая шашка 200 г,AMMUNITION,| Основное ВВ | Тротил (TNT) |,checked_v177
ref-v11-block-cylindrical-75,Цилиндрическая шашка 75 г,AMMUNITION,| Основное ВВ | Тротил (TNT) |,checked_v177
mine-audit-v25-ru-ptkm-1r,ПТКМ-1Р,AMMUNITION,| Тип основного / целевого наполнения по GICHD 2025 | Основное ВВ ПТКМ-1Р: марка не установлена в статье | ; | Масса основного / целевого наполнения по GICHD 2025 | В выбранной статье отдельно не приведена |,checked_v164
mine-audit-v25-su-tm-62b,ТМ-62Б,AMMUNITION,"| ТМ-62Б: основное наполнение по JRC | TNT (тротил) | ; | ТМ-62Б: масса основного наполнения по JRC | 7,5 кг |",checked_v172
mine-audit-v25-su-tm-62d,ТМ-62Д,AMMUNITION,"| Масса основного ВВ: Тротил | 6,5–10,3 кг | ; | Масса основного ВВ: МС или ТГА | 7,6–11,1 кг | ; | Масса основного ВВ: Аммонит А80 | 5,8–7,4 кг |",checked_v177
mine-audit-v25-su-tm-62p2,ТМ-62П2,AMMUNITION,"| Масса основного ВВ: Тротил | 6,5 кг | ; | Масса основного ВВ: МС или ТГА | 7,0 кг |",checked_v177
mine-audit-v25-su-tm-62t,ТМ-62Т,AMMUNITION,"| Масса основного ВВ: Тротил | 7,0 кг | ; | Масса основного ВВ: МС или ТГА | 7,9 кг |",checked_v177
mine-audit-v25-su-mon-500,МОН-500,AMMUNITION,"| Полная масса, внешние габариты и основное ВВ | В этой таблице не опубликованы |",checked_v186
mine-audit-v25-su-pom-1s,ПОМ-1 / ПОМ-1С,AMMUNITION,| ПОМ-1С: масса основного наполнения по WEG | 100 г; точная марка не дана |,checked_v174
mine-audit-v25-su-pom-2s,ПОМ-2С,AMMUNITION,| Масса взрывчатого содержимого (NEQ по HALO) | 120 г | ; | Тип ВВ | В выбранной таблице HALO не указан |,checked_v155
mine-audit-v25-su-ptm-1,ПТМ-1,AMMUNITION,| Тип основного / целевого наполнения по GICHD 2025 | PVV-12S-1 — обозначение таблицы GICHD | ; | Масса основного / целевого наполнения по GICHD 2025 | Не подтверждена независимо: GICHD приводит 1 100 г |,checked_v164
mine-audit-v25-su-ptm-1g,ПТМ-1Г,AMMUNITION,"| Масса основного ВВ в этой общей строке | 1,1 кг | ; | Обозначение основного ВВ в этой общей строке | PVV-12S |",checked_v186
mine-audit-v25-su-ptm-1s,ПТМ-1С,AMMUNITION,"| ПТМ-1С: основное наполнение по JRC | Пластичное ВВ; точная марка не дана | ; | ПТМ-1С: масса основного наполнения по JRC | 1,1 кг |",checked_v173
mine-audit-v25-su-pfm-1s,ПФМ-1С,AMMUNITION,| ПФМ-1С: основное ВВ по WEG | Жидкое пластичное ВВ VS-6D | ; | ПФМ-1С: масса основного наполнения по WEG | 40 г |,checked_v174
mine-audit-v25-su-tm-73,ТМ-73,AMMUNITION,| Марка ВВ и суммарная масса всех энергетических элементов комплекта | В проверенной таблице отдельно не названы |,checked_v177
mine-audit-v25-su-tm-83,ТМ-83,AMMUNITION,"| Тип ВВ по GICHD — ТМ-83 | TG-40 | ; | Масса ВВ по GICHD — ТМ-83 | 9 600 г (9,6 кг) |",checked_v160
mine-audit-v25-gb-hb-876,HB-876,AMMUNITION,| Масса основного ВВ по CISR | 590 г | ; | Обозначение основного ВВ | Composition B |,checked_v185
mine-audit-v25-gb-l14,L14,AMMUNITION,"| L14A1: основное ВВ и масса по этой строке | Hexolite, 7 кг |",checked_v175
mine-audit-v25-gb-pad,PAD,AMMUNITION,"| Полная масса, внешние габариты и основное ВВ | В этой таблице не опубликованы |",checked_v186
mine-audit-v25-de-sm-70,SM-70,AMMUNITION,"| Полная масса, наружные габариты и основное ВВ | В прочитанном историческом тексте Bundesarchiv числовые поля не приведены |",checked_v186
mine-audit-v25-cn-gld-111,GLD-111,AMMUNITION,"| Полная масса, наружные размеры и отдельная масса основного ВВ | В этой классификационной таблице не опубликованы |",checked_v176
mine-audit-v25-cn-type-84a,Type 84A,AMMUNITION,"| Полная масса, наружные размеры и отдельная масса основного ВВ | В этой классификационной таблице не опубликованы |",checked_v176
mine-audit-v25-cn-type-84b,Type 84B,AMMUNITION,"| Полная масса, наружные размеры и отдельная масса основного ВВ | В этой классификационной таблице не опубликованы |",checked_v176
mine-audit-v25-cn-type-84c,Type 84C,AMMUNITION,"| Полная масса, наружные размеры и отдельная масса основного ВВ | В этой классификационной таблице не опубликованы |",checked_v176
mine-audit-v25-ru-mdm-1-mod-1,МДМ-1 мод. 1,AMMUNITION,| Тип ВВ | В выбранном экспортном каталоге не указан | ; | Масса ВВ | В выбранном экспортном каталоге не указана |,checked_v155
mine-audit-v25-ru-mdm-2-mod-1,МДМ-2 мод. 1,AMMUNITION,| Тип ВВ | В выбранном экспортном каталоге не указан | ; | Масса ВВ | В выбранном экспортном каталоге не указана |,checked_v155
mine-audit-v25-ru-mdm-3-mod-1,МДМ-3 мод. 1,AMMUNITION,| Тип ВВ | В выбранном экспортном каталоге не указан | ; | Масса ВВ | В выбранном экспортном каталоге не указана |,checked_v155
mine-audit-v25-su-lmg,ЛМГ,AMMUNITION,"| Тип основного / целевого наполнения | Марка основного ВВ в таблице не дана | ; | Масса основного / целевого наполнения | 7,16 lb (≈3,248 кг) |",checked_v165
mine-audit-v25-su-ozm-160,ОЗМ-160,AMMUNITION,"| Основное ВВ | Тротил (TNT) | ; | Масса основного ВВ | 4,5 кг |",checked_v177
mine-audit-v25-su-pmd-7,ПМД-7,AMMUNITION,| Тип основного / целевого наполнения | TNT | ; | Масса основного / целевого наполнения | 75 г |,checked_v165
mine-audit-v25-su-pmd-7ts,ПМД-7Ц,AMMUNITION,| Тип основного / целевого наполнения | TNT | ; | Масса основного / целевого наполнения | 75 г |,checked_v165
mine-audit-v25-su-pmz-40,ПМЗ-40,AMMUNITION,"| Тип основного / целевого наполнения | Взрывчатое наполнение; точная марка в абзаце не дана | ; | Масса основного / целевого наполнения | Отдельно не опубликована в выбранном разделе | ; | Взрывчатое содержимое PMZ-40 по TM 5-223A | ≈8 lb (≈3,629 кг) |",checked_v166
mine-audit-v25-su-pmk-40,ПМК-40,AMMUNITION,"| Тип основного / целевого наполнения | TNT | ; | Масса основного / целевого наполнения | 1,8 oz (≈51,0 г) |",checked_v165
mine-audit-v25-su-tm-39,ТМ-39,AMMUNITION,"| Тип основного / целевого наполнения | Основное ВВ; точная марка в этом абзаце не названа | ; | Масса основного / целевого наполнения | Отдельно не опубликована в выбранном разделе | ; | Взрывчатое содержимое TM-39 по абзацу TM 5-223A | 7,1 lb (≈3,221 кг) |",checked_v166
mine-audit-v25-su-tm-44,ТМ-44,AMMUNITION,"| Тип основного / целевого наполнения | Основное ВВ; точная марка в этом абзаце не названа | ; | Масса основного / целевого наполнения | Отдельно не опубликована в выбранном разделе | ; | Взрывчатое содержимое TM-44 по абзацу TM 5-223A | ≈12 lb (≈5,443 кг) |",checked_v166
mine-audit-v25-su-tmb-2,ТМБ-2,AMMUNITION,| Тип основного / целевого наполнения | TNT либо amatol — разные исполнения | ; | Масса основного / целевого наполнения | 5 кг |,checked_v165
mine-audit-v25-su-tmd-40,ТМД-40,AMMUNITION,"| Тип основного / целевого наполнения | TNT | ; | Масса основного / целевого наполнения | 7,1 lb (≈3,221 кг) — наполнение по абзацу |",checked_v166
mine-audit-v25-su-tmd-44,ТМД-44,AMMUNITION,| Тип основного / целевого наполнения | Состав изменяется по источнику; единая марка не дана | ; | Масса основного / целевого наполнения | 6 кг |,checked_v165
mine-audit-v25-su-yam-5,ЯМ-5,AMMUNITION,"| Тип основного / целевого наполнения | TNT либо amatol — разные исполнения | ; | Масса основного / целевого наполнения | 3,6–5 кг — диапазон источника |",checked_v165
mine-audit-v25-us-m24,M24,AMMUNITION,"| Тип основного / целевого наполнения | Composition B — основное ВВ боевой части M28A2 | ; | Масса основного / целевого наполнения | 853 г (1,88 lb в исходной таблице) |",checked_v165
mine-audit-v25-us-m26,M26,AMMUNITION,| Тип ВВ основного заряда | Composition B | ; | Масса ВВ основного заряда | 170 г; метрическое значение таблицы |,checked_v157
mine-audit-v25-us-m2a4,M2A4,AMMUNITION,"| Тип ВВ основного заряда | TNT | ; | Масса ВВ основного заряда | 154,2 г; метрическое значение таблицы |",checked_v157
mine-audit-v25-us-m2a4b2,M2A4B2,AMMUNITION,"| Тип ВВ основного заряда | TNT | ; | Масса ВВ основного заряда | 154,2 г; метрическое значение таблицы |",checked_v157
mine-audit-v25-us-m3,M3,AMMUNITION,"| Тип ВВ основного заряда | TNT | ; | Масса ВВ основного заряда | 407,6 г; метрическое значение таблицы |",checked_v157
mine-audit-v25-us-m66,M66,AMMUNITION,"| Тип основного / целевого наполнения | Composition B — основное ВВ боевой части M28A2 | ; | Масса основного / целевого наполнения | 853 г (1,88 lb в исходной таблице) |",checked_v195
mine-audit-v25-us-mk-62-quickstrike,Mk 62 Quickstrike,AMMUNITION,| Тип основного / целевого наполнения | Основное взрывчатое наполнение; отдельная марка по таблице не установлена | ; | Масса основного / целевого наполнения | Отдельно не опубликована в выбранной таблице |,checked_v167
mine-audit-v25-us-mk-63-quickstrike,Mk 63 Quickstrike,AMMUNITION,| Тип основного / целевого наполнения | Основное взрывчатое наполнение; отдельная марка по таблице не установлена | ; | Масса основного / целевого наполнения | Отдельно не опубликована в выбранной таблице |,checked_v167
mine-audit-v25-us-mk-65-quickstrike,Mk 65 Quickstrike,AMMUNITION,| Тип основного / целевого наполнения | Основное взрывчатое наполнение; отдельная марка по таблице не установлена | ; | Масса основного / целевого наполнения | Отдельно не опубликована в выбранной таблице |,checked_v167
mine-audit-v25-cs-pp-mi-d,PP-MI-D,AMMUNITION,| Тип основного / целевого наполнения | TNT | ; | Масса основного / целевого наполнения | 200 г |,checked_v165
mine-audit-v25-cs-pp-mi-sk,PP-MI-SK,AMMUNITION,| Тип основного / целевого наполнения | TNT | ; | Масса основного / целевого наполнения | 75 г |,checked_v165
mine-audit-v25-cs-pp-mi-sr,PP-MI-SR,AMMUNITION,| Тип основного / целевого наполнения | TNT | ; | Масса основного / целевого наполнения | 325 г |,checked_v165
mine-audit-v25-cs-pt-mi-ba-ii,PT-MI-BA II,AMMUNITION,"| Тип основного / целевого наполнения | TNT | ; | Масса основного / целевого наполнения | 6,0 кг |",checked_v166
mine-audit-v25-cs-pt-mi-ba-iii,PT-MI-BA III,AMMUNITION,"| Тип основного / целевого наполнения | TNT | ; | Масса основного / целевого наполнения | 7,2 кг |",checked_v166
mine-audit-v25-cs-pt-mi-d,PT-MI-D,AMMUNITION,"| Тип основного / целевого наполнения | TNT | ; | Масса основного / целевого наполнения | 6,2 кг |",checked_v165
mine-audit-v25-cs-pt-mi-k,PT-MI-K,AMMUNITION,"| Тип основного / целевого наполнения | TNT | ; | Масса основного / целевого наполнения | 4,9 кг |",checked_v165
mine-audit-v25-yu-cobra,COBRA,AMMUNITION,"| Полная масса, внешние габариты и основное ВВ | В этой таблице не опубликованы |",checked_v186
mine-audit-v25-yu-kb-2,KB-2,AMMUNITION,,checked_v186
mine-audit-v25-yu-pmb-1,PMB-1 — обозначение требует проверки,AMMUNITION,"| Полная масса, наружные размеры и отдельная масса основного ВВ | В этой классификационной таблице не опубликованы |",checked_v176
mine-audit-v25-yu-pmb-2,PMB-2 — обозначение требует проверки,AMMUNITION,"| Полная масса, наружные размеры и отдельная масса основного ВВ | В этой классификационной таблице не опубликованы |",checked_v176
mine-audit-v25-yu-pmb-3,PMB-3 — обозначение требует проверки,AMMUNITION,"| Полная масса, наружные размеры и отдельная масса основного ВВ | В этой классификационной таблице не опубликованы |",checked_v176
mine-audit-v25-yu-pmd-1,PMD-1,AMMUNITION,| Тип основного / целевого наполнения | TNT | ; | Масса основного / целевого наполнения | 200 г |,checked_v165
mine-audit-v25-yu-pmr-2,PMR-2,AMMUNITION,| Тип основного / целевого наполнения | TNT | ; | Масса основного / целевого наполнения | 100 г |,checked_v165
mine-audit-v25-yu-pmr-3,PMR-3,AMMUNITION,| Масса взрывчатого содержимого (NEQ по HALO) | 410 г | ; | Тип ВВ | В выбранной таблице HALO не указан |,checked_v155
mine-audit-v25-yu-pmr-4,PMR-4,AMMUNITION,| PMR-4 (Югославия): основное наполнение по JRC 2003 | TNT (тротил) | ; | PMR-4 (Югославия): масса основного наполнения по JRC 2003 | 200 г |,checked_v171
mine-audit-v25-yu-prom-2,PROM-2,AMMUNITION,"| Полная масса, наружные размеры и отдельная масса основного ВВ | В этой классификационной таблице не опубликованы |",checked_v176
mine-audit-v25-yu-prom-kd,PROM-KD,AMMUNITION,"| Полная масса, наружные размеры и отдельная масса основного ВВ | В этой классификационной таблице не опубликованы |",checked_v176
mine-audit-v25-yu-tmm-1,TMM-1,AMMUNITION,"| Тип основного / целевого наполнения | TNT | ; | Масса основного / целевого наполнения | 5,6 кг |",checked_v165
mine-audit-v25-de-glasmine-43,Glasmine 43,AMMUNITION,| Тип основного / целевого наполнения | Основное взрывчатое наполнение; точная марка в абзаце не дана | ; | Масса основного / целевого наполнения | 200 г |,checked_v197
mine-audit-v25-de-holzmine-42,Holzmine 42,AMMUNITION,"| Тип основного / целевого наполнения | Литое основное ВВ; точная марка в абзаце не дана | ; | Масса основного / целевого наполнения | 10 lb (≈4,536 кг) |",checked_v197
mine-audit-v25-de-panzer-schnellmine-a,Panzer-Schnellmine A,AMMUNITION,"| Тип основного / целевого наполнения | Основное взрывчатое наполнение; точная марка не дана | ; | Масса основного / целевого наполнения | 13 lb (≈5,897 кг) |",checked_v197
mine-audit-v25-de-panzer-schnellmine-b,Panzer-Schnellmine B,AMMUNITION,| Тип основного / целевого наполнения | Основное взрывчатое наполнение; точная марка не дана | ; | Масса основного / целевого наполнения | Отдельно не опубликована в выбранной таблице |,checked_v197
mine-audit-v25-de-riegelmine-43,Riegelmine 43,AMMUNITION,"| Тип основного / целевого наполнения | Взрывчатое наполнение; точная марка в абзаце не названа | ; | Масса основного / целевого наполнения | Отдельно не опубликована в выбранном разделе | ; | Взрывчатое содержимое bar mine 43 по TM 5-223C | 8,8 lb (≈3,992 кг) |",checked_v197
mine-audit-v25-de-riegelmine-44,Riegelmine 44,AMMUNITION,| Основное наполнение и его масса | в § 68 отдельно не приведены |,checked_v192
mine-audit-v25-de-sch-tzenmine-42,Schützenmine 42,AMMUNITION,| Тип основного / целевого наполнения | Основное взрывчатое наполнение; точная марка в абзаце не дана | ; | Масса основного / целевого наполнения | 200 г |,checked_v197
mine-audit-v25-de-topfmine-4531,Topfmine 4531,AMMUNITION,"| Topfmine A — масса ВВ по TM 9-1985-2 (1953) | 12,5 lb (≈ 5,67 кг) | ; | Topfmine A — тип ВВ | В выбранных разделах не указан |",checked_v155
mine-audit-v25-us-mk-36,Mk 36,AMMUNITION,"| Mk 36 Mod 1: основное ВВ и его масса | HBX-1, 580 lb (≈263,08 кг) | ; | Mk 36 Mod 2: основное ВВ и его масса | HBX-1, 580 lb (≈263,08 кг) | ; | Mk 36 Mod 3: основное ВВ и его масса | HBX-1, 580 lb (≈263,08 кг) |",checked_v175
mine-audit-v25-us-mk-52,Mk 52,AMMUNITION,"| Mk 52 Mod 0: основное ВВ и его масса | HBX-1, 625 lb (≈283,50 кг) | ; | Mk 52 Mod 1: основное ВВ и его масса | HBX-1, 625 lb (≈283,50 кг) | ; | Mk 52 Mod 2: основное ВВ и его масса | HBX-1, 625 lb (≈283,50 кг) | ; | Mk 52 Mod 3: основное ВВ и его масса | HBX-1, 625 lb (≈283,50 кг) | ; | Mk 52 Mod 4: основное ВВ и его масса | HBX-1, 625 lb (≈283,50 кг) | ; | Mk 52 Mod 5: основное ВВ и его масса | HBX-1, 625 lb (≈283,50 кг) | ; | Mk 52 Mod 6: основное ВВ и его масса | HBX-1, 625 lb (≈283,50 кг) |",checked_v175
mine-audit-v25-us-mk-55,Mk 55,AMMUNITION,| Mk 55: отдельные марка и масса основного ВВ | На выбранном листе не раскрыты |,checked_v174
mine-audit-v25-us-mk-56,Mk 56,AMMUNITION,"| Основное ВВ по All Hands | HBX-3 | ; | Масса основного наполнения | 360 lb (≈163,29 кг) |",checked_v175
mine-audit-v25-us-mk-57,Mk 57,AMMUNITION,"| Основное ВВ по All Hands | HBX-3 | ; | Масса основного наполнения | 340 lb (≈154,22 кг) |",checked_v175
mine-audit-v25-us-mk-64-mod-5-quickstrike-er,Mk 64 Mod 5 Quickstrike-ER,AMMUNITION,"| Полная масса, наружные размеры и масса основного ВВ MK 64 MOD 5 | В прочитанной публикации не опубликованы |",checked_v188
mine-audit-v25-fr-lance,Lance,AMMUNITION,| Масса основного ВВ по CISR | 700 г | ; | Обозначение основного ВВ | Composition B |,checked_v185
mine-audit-v25-fr-m-51,M-51,AMMUNITION,"| Полная масса, внешние габариты и основное ВВ | В этой таблице не опубликованы |",checked_v186
mine-audit-v25-fr-m-52,M-52,AMMUNITION,"| Полная масса, внешние габариты и основное ВВ | В этой таблице не опубликованы |",checked_v186
mine-audit-v25-fr-mle-1951,Mle 1951,AMMUNITION,"| Тип основного / целевого наполнения | Пикриновая кислота | ; | Масса основного / целевого наполнения | 14,4 oz (≈408,2 г) |",checked_v165
mine-audit-v25-fr-mle-1955,Mle 1955,AMMUNITION,"| Тип основного / целевого наполнения | Пикриновая кислота | ; | Масса основного / целевого наполнения | 14,4 oz (≈408,2 г) |",checked_v165
mine-audit-v25-fr-model-1953,Model 1953,AMMUNITION,"| Тип основного / целевого наполнения | Марка основного ВВ в общей таблице не дана | ; | Масса основного / целевого наполнения | ≈10,6 oz (≈300,5 г) на один отдельный элемент |",checked_v165
mine-audit-v25-fr-model-1954,Model 1954,AMMUNITION,"| Тип основного / целевого наполнения | Марка основного ВВ в общей таблице не дана | ; | Масса основного / целевого наполнения | ≈10,6 oz (≈300,5 г) на один отдельный элемент |",checked_v165
mine-audit-v25-us-m23,M23,AMMUNITION,,checked_v168
mine-audit-v26-su-pm-1,ПМ-1,AMMUNITION,"| Длина, полная масса и масса основного ВВ | В строке ПМ-1 таблицы 1996 не заполнены |",checked_v180
mine-audit-v26-su-ksm,КСМ,AMMUNITION,| Масса основного ВВ в таблице 1996 | 150 кг | ; | Марка основного ВВ | В таблице 6.14 не названа |,checked_v180
mine-audit-v26-su-pm-2,ПМ-2,AMMUNITION,| Масса основного ВВ в таблице 1996 | 200 кг | ; | Марка основного ВВ | В таблице 6.14 не названа |,checked_v180
mine-audit-v26-su-pkm-25,ПКМ-25,AMMUNITION,| Масса ВВ по отдельному полю таблицы | 25 кг | ; | Материал корпуса и точная марка ВВ | Не раскрыты в выбранной таблице |,checked_v194
mine-audit-v26-su-dm-1,ДМ-1,AMMUNITION,,not_reviewed_in_v197
mine-audit-v26-su-udm,УДМ / УДМ-Э,AMMUNITION,| Основное наполнение UDM — предел подтверждения | Точная марка и отдельная масса основного наполнения этим листом не установлены |,checked_v169
mine-audit-v26-su-udm-2,УДМ-2,AMMUNITION,| Масса основного ВВ в таблице 1996 | 800 кг | ; | Марка основного ВВ | В таблице 6.14 не названа |,checked_v180
mine-audit-v26-su-udm-500,УДМ-500,AMMUNITION,,checked_v194
mine-audit-v26-su-udm-m,УДМ-М,AMMUNITION,,not_reviewed_in_v197
mine-audit-v26-su-amd-2-1000,АМД-2-1000,AMMUNITION,| Масса изделия / масса ВВ | 1000 / 700 кг — отдельные поля |,checked_v194
mine-audit-v26-su-amd-2-500,АМД-2-500,AMMUNITION,| Масса изделия / масса ВВ | 500 / 300 кг — отдельные поля |,checked_v194
mine-audit-v26-su-amd-2m,АМД-2М,AMMUNITION,| Масса основного ВВ в таблице 1996 | 620 кг | ; | Марка основного ВВ | В таблице 6.14 не названа |,checked_v180
mine-audit-v26-su-amd-4-1000,АМД-4-1000,AMMUNITION,| Масса основного ВВ в таблице 1996 | 700 кг | ; | Марка основного ВВ | В таблице 6.14 не названа |,checked_v180
mine-audit-v26-su-amd-4-500,АМД-4-500,AMMUNITION,| Масса основного ВВ в таблице 1996 | 300 кг | ; | Марка основного ВВ | В таблице 6.14 не названа |,checked_v180
mine-audit-v26-su-gm,ГМ,AMMUNITION,| Масса основного ВВ в таблице 1996 | 300 кг | ; | Марка основного ВВ | В таблице 6.14 не названа |,checked_v180
mine-audit-v26-su-plt-6,ПЛТ-6 (опытная),AMMUNITION,,checked_v192
mine-audit-v26-su-pmr-1,ПМР-1,AMMUNITION,| Масса и марка основного ВВ | В строке ПМР-1 таблицы 1996 не заполнены |,checked_v180
mine-audit-v26-su-pmr-2,ПМР-2,AMMUNITION,| Оценка массы основного ВВ в таблице 1996 | 300 кг со знаком вопроса; не подтверждённая точная масса | ; | Марка основного ВВ | В таблице 6.14 не названа |,checked_v180
mine-audit-v26-su-pmr-2m,ПМР-2М,AMMUNITION,,checked_v192
mine-audit-v26-su-pmr-2u,ПМР-2У (учебная),AMMUNITION,,checked_v192
mine-audit-v26-su-pmt-1,ПМТ-1,AMMUNITION,| Поле «Масса ВВ» в таблице 1996 | МГТ — обозначение малогабаритной торпеды; числовая масса ВВ отсутствует |,checked_v180
mine-audit-v26-su-apm,АПМ,AMMUNITION,| Масса основного ВВ в таблице 1996 | 260 кг | ; | Марка основного ВВ | В таблице 6.14 не названа |,checked_v180
mine-audit-v26-su-plt-4m,ПЛТ-4М (опытная),AMMUNITION,,not_reviewed_in_v197
mine-audit-v26-su-plt-5,ПЛТ-5 (опытная),AMMUNITION,,not_reviewed_in_v197
mine-audit-v26-su-mnp,МНП,AMMUNITION,,not_reviewed_in_v197
mine-audit-v26-su-apdm,АПДМ,AMMUNITION,,not_reviewed_in_v197
mine-audit-v26-su-pdm-3ya,ПДМ-3Я,AMMUNITION,| Основное ВВ | Тротил (TNT) | ; | Масса основного ВВ | 15 кг |,checked_v178
mine-audit-v26-su-krm,КРМ,AMMUNITION,| Масса основного ВВ в таблице 1996 | 300 кг | ; | Марка основного ВВ | В таблице 6.14 не названа |,checked_v180
mine-audit-v26-su-prm,ПРМ,AMMUNITION,,not_reviewed_in_v197
mine-audit-v26-su-rm-1,РМ-1,AMMUNITION,| Масса основного ВВ в таблице 1996 | 200 кг | ; | Марка основного ВВ | В таблице 6.14 не названа |,checked_v180
mine-audit-v26-su-rm-2,РМ-2,AMMUNITION,| Марка основного ВВ РМ-2Г в указанной подписи | Не названа |,checked_v188
mine-audit-v26-su-rm-2g,РМ-2Г,AMMUNITION,| Масса основного ВВ в таблице 1996 | 200 кг | ; | Марка основного ВВ | В таблице 6.14 не названа |,checked_v180
mine-audit-v26-su-smdm-1,СМДМ-1,AMMUNITION,| Оценка массы основного ВВ в строке варианта 1 | 480 кг со знаком вопроса; не подтверждённая точная масса | ; | Марка основного ВВ | В таблице 6.14 не названа |,checked_v180
mine-audit-v26-su-smdm-2,СМДМ-2,AMMUNITION,| Оценка массы основного ВВ в строке варианта 2 | 800 кг со знаком вопроса; не подтверждённая точная масса | ; | Марка основного ВВ | В таблице 6.14 не названа |,checked_v180
mine-audit-v26-su-mdt,МДТ,AMMUNITION,| Масса основного ВВ в таблице 1996 | 600 кг | ; | Марка основного ВВ | В таблице 6.14 не названа |,checked_v180
mine-audit-v26-su-mtpk-1,МТПК-1,AMMUNITION,,checked_v180
mine-audit-v26-su-mtpk-2,МТПК-2,AMMUNITION,,not_reviewed_in_v197
mine-audit-v26-su-mshm,МШМ,AMMUNITION,"| Полная масса, наружные размеры и масса основного ВВ экспоната МШМ | В прочитанном пресс-релизе не опубликованы |",checked_v188
mine-audit-v26-su-kpm,КПМ,AMMUNITION,| Масса основного ВВ в таблице 1996 | 30 кг | ; | Марка основного ВВ | В таблице 6.14 не названа |,checked_v180
mine-audit-v26-su-uksm,УКСМ,AMMUNITION,,checked_v192
mine-audit-v26-su-ugm,УГМ,AMMUNITION,,checked_v194
mine-audit-v26-su-kam,КАМ,AMMUNITION,| Масса основного ВВ в таблице 1996 | 300 кг | ; | Марка основного ВВ | В таблице 6.14 не названа |,checked_v180
mine-audit-v26-su-lira,Лира,AMMUNITION,| Масса основного ВВ именно мины «Лира» | В собственной записи статьи не опубликована |,checked_v188
mine-audit-v26-su-ml-7,МЛ-7,AMMUNITION,| МЛ-7: основное ВВ по GICHD | ПВВ-5А | ; | МЛ-7: масса основного наполнения по GICHD | 30 г |,checked_v172
mine-audit-v26-su-ml-8,МЛ-8,AMMUNITION,| МЛ-8: основное ВВ по GICHD | ПВВ-5А | ; | МЛ-8: масса основного наполнения по GICHD | 80 г |,checked_v172
mine-audit-v26-su-ms-2,МС-2,AMMUNITION,,not_reviewed_in_v197
mine-audit-v26-su-ms-3,МС-3,AMMUNITION,| МС-3: основное ВВ по GICHD | TNT (тротил) | ; | МС-3: масса основного наполнения по GICHD | 310 г |,checked_v172
mine-audit-v26-su-pmd-57,ПМД-57,AMMUNITION,,not_reviewed_in_v197
mine-audit-v26-us-hammerhead-encapsulated-effector,Hammerhead Encapsulated Effector,AMMUNITION,,checked_v192
mine-audit-v26-us-mk-68-clandestine-delivered-mine,Mk 68 Clandestine Delivered Mine,AMMUNITION,,checked_v192
mine-audit-v26-su-pkm-100,ПКМ-100,AMMUNITION,| Масса ВВ по отдельному полю таблицы | 100 кг | ; | Материал корпуса и точная марка ВВ | Не раскрыты в выбранной таблице |,checked_v194
mine-audit-v26-su-mds-1-omul,МДС-1 «Омуль»,AMMUNITION,,not_reviewed_in_v197
mine-audit-v26-su-tum-500,ТУМ-500,AMMUNITION,| Масса основного ВВ в таблице 1996 | 300 кг | ; | Марка основного ВВ | В таблице 6.14 не названа |,checked_v180
mine-audit-v26-su-tum-1000,ТУМ-1000,AMMUNITION,| Масса основного ВВ в таблице 1996 | 700 кг | ; | Марка основного ВВ | В таблице 6.14 не названа |,checked_v180
ordnance-v27-155-mm-m692-m731-adam,155-мм M692 / M731 ADAM,AMMUNITION,"| Наполнение / материал по TM 43-0001-28 | Composition A5 — основное ВВ отдельного внутреннего изделия | ; | Масса отдельного наполнения по TM 43-0001-28 | 21,25 г на одно внутреннее изделие |",checked_v163
ordnance-v27-m131-mopms-sistema-rasseivaniya-min,M131 MOPMS — система рассеивания мин,AMMUNITION,| Тип основного / целевого наполнения | Разные наполнения отдельных AP / AT изделий системы M131 | ; | Масса основного / целевого наполнения | Единой массы основного ВВ всей системы статья не задаёт |,checked_v165
ordnance-v27-m131-mopms-ap-mine,M131 MOPMS AP Mine,AMMUNITION,| Тип основного / целевого наполнения по GICHD 2025 | Composition B4 | ; | Масса основного / целевого наполнения по GICHD 2025 | 335 г |,checked_v164
ordnance-v27-m131-mopms-at-mine,M131 MOPMS AT Mine,AMMUNITION,| Тип основного / целевого наполнения по GICHD 2025 | PBX на основе RDX; точная марка в статье не названа | ; | Масса основного / целевого наполнения по GICHD 2025 | 610 г |,checked_v164
ordnance-v27-m139-volcano-sistema-rasseivaniya-min,M139 Volcano — система рассеивания мин,AMMUNITION,| Основное наполнение противопехотной мины из описанного контейнера | 420 г Composition B | ; | Основное наполнение противотранспортной мины из описанного контейнера | 605 г RDX |,checked_v175
ordnance-v27-m139-volcano-ap-mine,M139 Volcano AP Mine,AMMUNITION,| Тип основного / целевого наполнения по GICHD 2025 | Composition B | ; | Масса основного / целевого наполнения по GICHD 2025 | 420 г |,checked_v164
ordnance-v27-m139-volcano-at-mine,M139 Volcano AT Mine,AMMUNITION,| Тип основного / целевого наполнения по GICHD 2025 | RDX | ; | Масса основного / целевого наполнения по GICHD 2025 | 605 г |,checked_v164
ordnance-v27-rkg-3-rkg-3,РКГ-3 / RKG-3,AMMUNITION,| Тип основного / целевого наполнения по GICHD 2025 | TG-50 | ; | Масса основного / целевого наполнения по GICHD 2025 | 350 г |,checked_v164
ordnance-v27-vog-17-vog-17m,ВОГ-17 / ВОГ-17М,AMMUNITION,| Тип основного / целевого наполнения по GICHD 2025 | А-IX-1 | ; | Масса основного / целевого наполнения по GICHD 2025 | 34 г |,checked_v164
ordnance-v27-vog-17-polevaya-aviatsionnaya-peredelka,ВОГ-17 — полевая авиационная переделка,AMMUNITION,,not_reviewed_in_v197
ordnance-v27-vog-25,ВОГ-25,AMMUNITION,| Тип основного / целевого наполнения по GICHD 2025 | А-IX-1 | ; | Масса основного / целевого наполнения по GICHD 2025 | 48 г |,checked_v164
ordnance-v27-vog-25m,ВОГ-25М,AMMUNITION,| Тип основного / целевого наполнения по GICHD 2025 | А-IX-1 | ; | Масса основного / целевого наполнения по GICHD 2025 | 70 г |,checked_v164
ordnance-v27-vog-25m-polevaya-aviatsionnaya-peredelka,ВОГ-25М — полевая авиационная переделка,AMMUNITION,,not_reviewed_in_v197
ordnance-v27-m430a1-hedp,M430A1 HEDP,AMMUNITION,| Наполнение / материал по TM 43-0001-28 | Composition A5 | ; | Масса отдельного наполнения по TM 43-0001-28 | 32 г |,checked_v163
ordnance-v27-82-mm-o-832,82-мм О-832,AMMUNITION,| Тип основного / целевого наполнения по GICHD 2025 | TNT либо TG-42 — альтернативы строки источника | ; | Масса основного / целевого наполнения по GICHD 2025 | 440 г |,checked_v164
ordnance-v27-120-mm-of-843,120-мм ОФ-843,AMMUNITION,| Тип основного / целевого наполнения по GICHD 2025 | TNT либо TD-50 — разные исполнения | ; | Масса основного / целевого наполнения по GICHD 2025 | 1 400 г |,checked_v164
ordnance-v27-120-mm-of-49,120-мм ОФ-49,AMMUNITION,| Тип основного / целевого наполнения по GICHD 2025 | А-IX-2 | ; | Масса основного / целевого наполнения по GICHD 2025 | 4 900 г |,checked_v164
ordnance-v27-120-mm-3vz4,120-мм 3ВЗ4,AMMUNITION,| Тип основного / целевого наполнения по GICHD 2025 | Зажигательный состав; точная марка не установлена | ; | Масса основного / целевого наполнения по GICHD 2025 | В выбранной статье отдельно не приведена |,checked_v164
ordnance-v27-240-mm-f-864,240-мм Ф-864,AMMUNITION,| Тип основного / целевого наполнения по GICHD 2025 | TNT | ; | Масса основного / целевого наполнения по GICHD 2025 | 31 900 г |,checked_v164
ordnance-v27-240-mm-3-o-8,240-мм 3-О-8,AMMUNITION,"| Тип основного / целевого наполнения по GICHD 2025 | Кассетное наполнение: внутренние изделия 3-О-10 | ; | Масса основного / целевого наполнения по GICHD 2025 | Суммарная масса ВВ всего носителя отдельно не дана | ; | ВВ одного внутреннего 3-О-10 по GICHD, стр. 150 | А-IX-2 | ; | Масса ВВ одного внутреннего 3-О-10 по GICHD, стр. 150 | 640 г |",checked_v164
ordnance-v27-m-50-120-mm-minometnaya-mina,M/50 — 120-мм миномётная мина,AMMUNITION,| Тип основного / целевого наполнения по GICHD 2025 | TNT | ; | Масса основного / целевого наполнения по GICHD 2025 | 2 325 г |,checked_v164
ordnance-v27-of-17-100-mm-snaryad,ОФ-17 — 100-мм снаряд,AMMUNITION,| Тип основного / целевого наполнения по GICHD 2025 | А-IX-2 | ; | Масса основного / целевого наполнения по GICHD 2025 | 1 690 г |,checked_v164
ordnance-v27-of-32-100-mm-snaryad,ОФ-32 — 100-мм снаряд,AMMUNITION,| Тип основного / целевого наполнения по GICHD 2025 | А-IX-2 | ; | Масса основного / целевого наполнения по GICHD 2025 | 1 700 г |,checked_v164
ordnance-v27-bk-13m-122-mm-snaryad,БК-13М — 122-мм снаряд,AMMUNITION,| Тип основного / целевого наполнения по GICHD 2025 | А-IX-1 | ; | Масса основного / целевого наполнения по GICHD 2025 | 1 800 г |,checked_v164
ordnance-v27-3sh1-122-mm-snaryad,3Ш1 — 122-мм снаряд,AMMUNITION,| Тип основного / целевого наполнения по GICHD 2025 | Металлическая полезная нагрузка; отдельно упомянут чёрный порох | ; | Масса основного / целевого наполнения по GICHD 2025 | Масса основного ВВ не установлена; масса дополнительного порохового компонента не дана |,checked_v164
ordnance-v27-of-19-125-mm-snaryad,ОФ-19 — 125-мм снаряд,AMMUNITION,| Тип основного / целевого наполнения по GICHD 2025 | TNT | ; | Масса основного / целевого наполнения по GICHD 2025 | 3 150 г |,checked_v164
ordnance-v27-of-26-125-mm-snaryad,ОФ-26 — 125-мм снаряд,AMMUNITION,| Тип основного / целевого наполнения по GICHD 2025 | А-IX-2 | ; | Масса основного / целевого наполнения по GICHD 2025 | 3 340 г |,checked_v164
ordnance-v27-bm-26-125-mm-snaryad,БМ-26 — 125-мм снаряд,AMMUNITION,| Тип основного / целевого наполнения по GICHD 2025 | Кинетическое исполнение: основное взрывчатое наполнение неприменимо по таблице | ; | Масса основного / целевого наполнения по GICHD 2025 | Не указана / неприменимо к основному ВВ; не ноль для всей сборки |,checked_v164
ordnance-v27-bm-32-125-mm-snaryad,БМ-32 — 125-мм снаряд,AMMUNITION,| Тип основного / целевого наполнения по GICHD 2025 | Кинетическое исполнение: основное взрывчатое наполнение неприменимо по таблице | ; | Масса основного / целевого наполнения по GICHD 2025 | Не указана / неприменимо к основному ВВ; не ноль для всей сборки |,checked_v164
ordnance-v27-bk-14-125-mm-snaryad,БК-14 — 125-мм снаряд,AMMUNITION,| Тип основного / целевого наполнения по GICHD 2025 | OKFOL | ; | Масса основного / целевого наполнения по GICHD 2025 | 1 850 г |,checked_v164
ordnance-v27-bk-18-125-mm-snaryad,БК-18 — 125-мм снаряд,AMMUNITION,| Тип основного / целевого наполнения по GICHD 2025 | А-IX-1 | ; | Масса основного / целевого наполнения по GICHD 2025 | 1 760 г |,checked_v164
ordnance-v27-of-29-152-mm-snaryad,ОФ-29 — 152-мм снаряд,AMMUNITION,| Тип основного / целевого наполнения по GICHD 2025 | А-IX-2 | ; | Масса основного / целевого наполнения по GICHD 2025 | 6 420 г |,checked_v164
ordnance-v27-3-o-13-152-mm-kassetnyi-snaryad,3-О-13 — 152-мм кассетный снаряд,AMMUNITION,"| Тип основного / целевого наполнения по GICHD 2025 | А-IX-2 — наполнение внутренних 3-О-16 | ; | Масса основного / целевого наполнения по GICHD 2025 | 1 840 г — совокупная строка ВВ внутренних изделий по GICHD | ; | Масса ВВ одного отдельного 3-О-16 по GICHD, стр. 151 | 230 г |",checked_v164
ordnance-v27-m1-he-105-mm-snaryad,M1 HE — 105-мм снаряд,AMMUNITION,"| Тип ВВ снаряда M1 по TM 43-0001-28 | Composition B или TNT — разные исполнения | ; | Масса ВВ — Composition B, normal cavity | 5,08 lb (≈ 2,304 кг) | ; | Масса ВВ — Composition B, deep cavity | 4,60 lb (≈ 2,087 кг) | ; | Масса ВВ — TNT, normal cavity | 4,80 lb (≈ 2,177 кг) | ; | Масса ВВ — TNT, deep cavity | 4,25 lb (≈ 1,928 кг) |",checked_v158
ordnance-v27-dm121-155-mm-snaryad,DM121 — 155-мм снаряд,AMMUNITION,"| Тип основного / целевого наполнения по GICHD 2025 | Малочувствительное ВВ — публикация Rheinmetall; точная марка в ней не дана | ; | Масса основного / целевого наполнения по GICHD 2025 | 11,5 кг — сообщение производителя от 08.01.2020, описанное там исполнение DM121 |",checked_v164
ordnance-v27-oe-155-f1-155-mm-snaryad,OE 155 F1 — 155-мм снаряд,AMMUNITION,| Тип основного / целевого наполнения по GICHD 2025 | Composition B либо TNT — разные исполнения | ; | Масса основного / целевого наполнения по GICHD 2025 | 8 800 г |,checked_v164
ordnance-v27-ofd-mkm-155-mm-snaryad,OFd MKM — 155-мм снаряд,AMMUNITION,| Тип основного / целевого наполнения по GICHD 2025 | TNT | ; | Масса основного / целевого наполнения по GICHD 2025 | 10 000 г |,checked_v164
ordnance-v27-m549-hera-155-mm-snaryad,M549 HERA — 155-мм снаряд,AMMUNITION,"| Наполнение / материал по TM 43-0001-28 | Composition B | ; | Масса отдельного наполнения по TM 43-0001-28 | 16 lb (≈7257,5 г) |",checked_v163
ordnance-v27-m718-m741-raam-155-mm-snaryady,M718 / M741 RAAM — 155-мм снаряды,AMMUNITION,"| Наполнение / материал по TM 43-0001-28 | PBX 0280 — основное ВВ отдельного внутреннего изделия | ; | Масса отдельного наполнения по TM 43-0001-28 | 1,26 lb (≈571,5 г) на одно внутреннее изделие |",checked_v163
ordnance-v27-dm105-smoke-155-mm-snaryad,DM105 Smoke — 155-мм снаряд,AMMUNITION,| Тип основного / целевого наполнения по GICHD 2025 | Дымовое целевое наполнение HCE; отдельные энергетические компоненты отдельно | ; | Масса основного / целевого наполнения по GICHD 2025 | Масса только дымового состава отдельно не установлена |,checked_v164
ordnance-v27-dm106-illuminating-155-mm-snaryad,DM106 Illuminating — 155-мм снаряд,AMMUNITION,| Тип основного / целевого наполнения по GICHD 2025 | Осветительный состав на основе магния; точная марка не дана | ; | Масса основного / целевого наполнения по GICHD 2025 | ≈3 500 г осветительного состава — текст описания GICHD |,checked_v164
ordnance-v27-120-mm-boepripasy-leopard-2-m1-abrams,120-мм боеприпасы Leopard 2 / M1 Abrams,AMMUNITION,| Тип основного / целевого наполнения по GICHD 2025 | M830: Composition A3; для остальных изделий семейной карточки типы различаются | ; | Масса основного / целевого наполнения по GICHD 2025 | M830: 2 000 г — сообщение GICHD; отдельная масса не подтверждена использованной статьёй TM 43-0001-28 |,checked_v164
ordnance-v27-120-mm-boepripasy-challenger-2,120-мм боеприпасы Challenger 2,AMMUNITION,| Тип основного / целевого наполнения по GICHD 2025 | L31 HESH: состав RDX / wax; L34 Smoke: белый фосфор — разные изделия | ; | Масса основного / целевого наполнения по GICHD 2025 | L31 HESH: 4 100 г; L34 Smoke: ≈4 100 г WP — текст описания | ; | Масса дополнительного ВВ L34 по описанию GICHD | ≈110 г Tetryl; таблица округляет иначе |,checked_v164
ordnance-v27-og-7v,ОГ-7В,AMMUNITION,| Тип основного / целевого наполнения по GICHD 2025 | А-IX-1 | ; | Масса основного / целевого наполнения по GICHD 2025 | 210 г |,checked_v164
ordnance-v27-pg-7l,ПГ-7Л,AMMUNITION,| Тип основного / целевого наполнения по GICHD 2025 | OKFOL | ; | Масса основного / целевого наполнения по GICHD 2025 | 890 г |,checked_v164
ordnance-v27-pg-7m,ПГ-7М,AMMUNITION,| Тип основного / целевого наполнения по GICHD 2025 | А-IX-1 | ; | Масса основного / целевого наполнения по GICHD 2025 | 320 г |,checked_v164
ordnance-v27-pg-7v,ПГ-7В,AMMUNITION,| Тип основного / целевого наполнения по GICHD 2025 | А-IX-1 | ; | Масса основного / целевого наполнения по GICHD 2025 | 390 г |,checked_v164
ordnance-v27-pg-7vl,ПГ-7ВЛ,AMMUNITION,| Тип основного / целевого наполнения по GICHD 2025 | OKFOL | ; | Масса основного / целевого наполнения по GICHD 2025 | 1 030 г |,checked_v164
ordnance-v27-pg-7r,ПГ-7Р,AMMUNITION,| Тип основного / целевого наполнения по GICHD 2025 | OKFOL | ; | Масса основного / целевого наполнения по GICHD 2025 | 1 590 г |,checked_v164
ordnance-v27-tbg-7l,ТБГ-7Л,AMMUNITION,| Тип основного / целевого наполнения по GICHD 2025 | Тип основного наполнения в статье не установлен | ; | Масса основного / целевого наполнения по GICHD 2025 | В выбранной статье отдельно не приведена |,checked_v164
ordnance-v27-og-9v,ОГ-9В,AMMUNITION,"| Тип основного / целевого наполнения по GICHD 2025 | Производное TNT, обычно TD-50 по статье | ; | Масса основного / целевого наполнения по GICHD 2025 | 655–750 г — диапазон GICHD, конкретное исполнение не установлено |",checked_v164
ordnance-v27-pg-9v,ПГ-9В,AMMUNITION,| Тип основного / целевого наполнения по GICHD 2025 | А-IX-1 | ; | Масса основного / целевого наполнения по GICHD 2025 | 330 г |,checked_v164
ordnance-v27-og-15,ОГ-15,AMMUNITION,| Тип основного / целевого наполнения по GICHD 2025 | TD-50 | ; | Масса основного / целевого наполнения по GICHD 2025 | 660 г |,checked_v164
ordnance-v27-pg-15,ПГ-15,AMMUNITION,| Тип основного / целевого наполнения по GICHD 2025 | А-IX-1 | ; | Масса основного / целевого наполнения по GICHD 2025 | 320 г |,checked_v164
ordnance-v27-pg-18,ПГ-18,AMMUNITION,| Тип основного / целевого наполнения по GICHD 2025 | OKFOL | ; | Масса основного / целевого наполнения по GICHD 2025 | 400 г |,checked_v164
ordnance-v27-pg-22,ПГ-22,AMMUNITION,| Тип основного / целевого наполнения по GICHD 2025 | OKFOL | ; | Масса основного / целевого наполнения по GICHD 2025 | 450 г |,checked_v164
ordnance-v27-pg-26,ПГ-26,AMMUNITION,| Тип основного / целевого наполнения по GICHD 2025 | OKFOL | ; | Масса основного / целевого наполнения по GICHD 2025 | 570 г |,checked_v164
ordnance-v27-pg-27,ПГ-27,AMMUNITION,| Тип основного / целевого наполнения по GICHD 2025 | HMX | ; | Масса основного / целевого наполнения по GICHD 2025 | 1 790 г |,checked_v164
ordnance-v27-pg-29,ПГ-29,AMMUNITION,| Тип основного / целевого наполнения по GICHD 2025 | HMX | ; | Масса основного / целевого наполнения по GICHD 2025 | 2 330 г |,checked_v164
ordnance-v27-rpg-30,РПГ-30,AMMUNITION,| Тип основного / целевого наполнения по GICHD 2025 | OKFOL | ; | Масса основного / целевого наполнения по GICHD 2025 | 1 830 г |,checked_v164
ordnance-v27-rpo-a,РПО-А,AMMUNITION,| Тип основного / целевого наполнения по GICHD 2025 | Термобарическое наполнение; точная марка состава не дана | ; | Масса основного / целевого наполнения по GICHD 2025 | 2 100 г |,checked_v164
ordnance-v27-9m22-122-mm-raketa-grad,9М22 — 122-мм ракета «Град»,AMMUNITION,| Тип основного / целевого наполнения по GICHD 2025 | А-IX-2 | ; | Масса основного / целевого наполнения по GICHD 2025 | 6 400 г |,checked_v164
ordnance-v27-9m27-220-mm-rakety-uragan,9М27 — 220-мм ракеты «Ураган»,AMMUNITION,| Тип основного / целевого наполнения по GICHD 2025 | Зависит от конкретной боевой части / модификации | ; | Масса основного / целевого наполнения по GICHD 2025 | Масса чистого основного ВВ отдельно не установлена этой семейной строкой |,checked_v164
ordnance-v27-9m55-300-mm-rakety-smerch,9М55 — 300-мм ракеты «Смерч»,AMMUNITION,| Тип основного / целевого наполнения по GICHD 2025 | Зависит от конкретной боевой части / модификации | ; | Масса основного / целевого наполнения по GICHD 2025 | Масса чистого основного ВВ отдельно не установлена этой семейной строкой |,checked_v164
ordnance-v27-tg-73,TG-73,AMMUNITION,| Тип основного / целевого наполнения по GICHD 2025 | А-IX-1 | ; | Масса основного / целевого наполнения по GICHD 2025 | В выбранной статье отдельно не приведена |,checked_v164
ordnance-v27-bullspike-pg-22,Bullspike PG-22,AMMUNITION,| Тип основного / целевого наполнения по GICHD 2025 | OKFOL | ; | Масса основного / целевого наполнения по GICHD 2025 | 450 г |,checked_v164
ordnance-v27-rpg-75,RPG-75,AMMUNITION,| Тип основного / целевого наполнения по GICHD 2025 | А-IX-1 | ; | Масса основного / целевого наполнения по GICHD 2025 | 320 г |,checked_v164
ordnance-v27-rgw-90-hh,RGW 90 HH,AMMUNITION,| Тип основного / целевого наполнения по GICHD 2025 | Тип основного наполнения в статье не установлен | ; | Масса основного / целевого наполнения по GICHD 2025 | В выбранной статье отдельно не приведена |,checked_v164
ordnance-v27-panzerfaust-3,Panzerfaust 3,AMMUNITION,| Тип основного / целевого наполнения по GICHD 2025 | RDX либо HMX — варианты по источнику | ; | Масса основного / целевого наполнения по GICHD 2025 | В выбранной статье отдельно не приведена |,checked_v164
ordnance-v27-rpg-76-komar,RPG-76 Komar,AMMUNITION,| Тип основного / целевого наполнения по GICHD 2025 | А-IX-1 | ; | Масса основного / целевого наполнения по GICHD 2025 | 320 г |,checked_v164
ordnance-v27-m80-zolja-64-mm,M80 Zolja — 64-мм,AMMUNITION,| Тип основного / целевого наполнения по GICHD 2025 | Марка основного ВВ в таблице не указана | ; | Масса основного / целевого наполнения по GICHD 2025 | 300 г |,checked_v164
ordnance-v27-c90-cr-am-m3,C90-CR-AM (M3),AMMUNITION,| Тип основного / целевого наполнения по GICHD 2025 | Тип наполнения зависит от боевой части; единая марка не дана | ; | Масса основного / целевого наполнения по GICHD 2025 | В выбранной статье отдельно не приведена |,checked_v164
ordnance-v27-at4-heat-hesh,AT4 HEAT / HESH,AMMUNITION,"| Тип основного / целевого наполнения по GICHD 2025 | HMX либо TNT — разные исполнения HEAT / HESH по статье | ; | Масса основного / целевого наполнения по GICHD 2025 | 830 г — общая строка GICHD, принадлежность конкретному исполнению не разграничена |",checked_v164
ordnance-v27-m72-law,M72 LAW,AMMUNITION,| Тип основного / целевого наполнения по GICHD 2025 | OCTOL | ; | Масса основного / целевого наполнения по GICHD 2025 | 315 г |,checked_v164
ordnance-v27-3ubr6-30-165-mm,3УБР6 — 30×165 мм,AMMUNITION,| Тип основного / целевого наполнения по GICHD 2025 | Стальное кинетическое тело снаряда; отдельное основное ВВ не предусмотрено по описанию | ; | Масса основного / целевого наполнения по GICHD 2025 | Неприменимо к основному ВВ тела; 123 г в источнике относятся к метательному компоненту |,checked_v164
ordnance-v27-3uof8-30-165-mm,3УОФ8 — 30×165 мм,AMMUNITION,| Тип основного / целевого наполнения по GICHD 2025 | А-IX-2 | ; | Масса основного / целевого наполнения по GICHD 2025 | 49 г |,checked_v164
ordnance-v27-bushmaster-25-137-mm,Bushmaster — 25×137 мм,AMMUNITION,| Тип основного / целевого наполнения по GICHD 2025 | M792 HEI-T: состав на основе RDX; прочие 25×137-мм модели отличаются | ; | Масса основного / целевого наполнения по GICHD 2025 | ≈30 г — только M792 HEI-T по описанию GICHD |,checked_v164
ordnance-v27-gepard-35-228-mm,Gepard — 35×228 мм,AMMUNITION,"| Тип основного / целевого наполнения по GICHD 2025 | Состав на основе RDX / aluminium; варианты по статье | ; | Масса основного / целевого наполнения по GICHD 2025 | 85–98 г — диапазон источника, масса точной модификации не разграничена |",checked_v164
ordnance-v27-rarden-30-mm,RARDEN — 30 мм,AMMUNITION,"| Тип основного / целевого наполнения по GICHD 2025 | Torpex — только HE L13 в семейной статье RARDEN | ; | Масса основного / целевого наполнения по GICHD 2025 | 22 г — строка HE-наполнения GICHD, не для APSE L5 или APDS L14 |",checked_v164
ordnance-v27-3b30,3Б30,AMMUNITION,"| Тип основного / целевого наполнения по GICHD 2025 | OMA, состав на основе HMX | ; | Масса основного / целевого наполнения по GICHD 2025 | 46 г |",checked_v164
ordnance-v27-9n24,9Н24,AMMUNITION,| Тип основного / целевого наполнения по GICHD 2025 | А-IX-2 | ; | Масса основного / целевого наполнения по GICHD 2025 | 1 480 г |,checked_v164
ordnance-v27-ptab-1m,ПТАБ-1М,AMMUNITION,"| Тип основного / целевого наполнения по GICHD 2025 | K991, состав на основе RDX | ; | Масса основного / целевого наполнения по GICHD 2025 | 110 г |",checked_v164
ordnance-v27-spbe-spbe,СПБЭ / SPBE,AMMUNITION,| Тип основного / целевого наполнения по GICHD 2025 | Марка основного ВВ в таблице не указана | ; | Масса основного / целевого наполнения по GICHD 2025 | 4 500 г |,checked_v164
ordnance-v27-9n210,9Н210,AMMUNITION,| Тип основного / целевого наполнения по GICHD 2025 | А-IX-10 | ; | Масса основного / целевого наполнения по GICHD 2025 | 270 г |,checked_v164
ordnance-v27-9n235,9Н235,AMMUNITION,| Тип основного / целевого наполнения по GICHD 2025 | K-991 | ; | Масса основного / целевого наполнения по GICHD 2025 | 310 г |,checked_v164
ordnance-v27-3-o-10,3-О-10,AMMUNITION,| Тип основного / целевого наполнения по GICHD 2025 | А-IX-2 | ; | Масса основного / целевого наполнения по GICHD 2025 | 640 г |,checked_v164
ordnance-v27-3-o-16,3-О-16,AMMUNITION,| Тип основного / целевого наполнения по GICHD 2025 | А-IX-2 | ; | Масса основного / целевого наполнения по GICHD 2025 | 230 г |,checked_v164
ordnance-v27-subboepripas-h-101-soobschaemyi-variant,Суббоеприпас Х-101 — сообщаемый вариант,AMMUNITION,"| Тип основного / целевого наполнения по GICHD 2025 | Взрывчатое наполнение сообщаемого суббоеприпаса; точная марка не установлена | ; | Масса основного / целевого наполнения по GICHD 2025 | ≈400 г — оценка GICHD, не подтверждённая паспортная масса |",checked_v164
ordnance-v27-m74-subboepripas,M74 — суббоеприпас,AMMUNITION,| Тип основного / целевого наполнения по GICHD 2025 | Composition B | ; | Масса основного / целевого наполнения по GICHD 2025 | 130 г |,checked_v164
ordnance-v27-blu-97,BLU-97,AMMUNITION,| Тип основного / целевого наполнения по GICHD 2025 | Cyclotol либо PBXN-107 — отдельные варианты наполнения | ; | Масса основного / целевого наполнения по GICHD 2025 | Cyclotol: 290 г; PBXN-107: 280 г — альтернативы таблицы |,checked_v164
ordnance-v27-rbk-250-rbk-275,РБК-250 / РБК-275,AMMUNITION,| Масса ВВ единого наполнения по GICHD | Not applicable — поле неприменимо к носителю | ; | Суммарное ВВ полезного наполнения | Зависит от исполнения и содержимого; единое число не приведено |,checked_v160
ordnance-v27-rbk-500,РБК-500,AMMUNITION,| Масса ВВ единого наполнения по GICHD | Not applicable — поле неприменимо к носителю | ; | Суммарное ВВ полезного наполнения | Зависит от исполнения и содержимого; единое число не приведено |,checked_v160
ordnance-v27-fab-500-m-62,ФАБ-500 М-62,AMMUNITION,"| Тип ВВ табличного исполнения по GICHD | TNT | ; | Масса ВВ табличного исполнения по GICHD | 209 кг | ; | Другие варианты наполнения, упомянутые GICHD | Для некоторых поздних исполнений возможен TGAF; отдельная масса в статье не дана |",checked_v160
ordnance-v27-ofzab-500,ОФЗАБ-500,AMMUNITION,"| Тип ВВ по GICHD | EXPL — точное обозначение не установлено | ; | Масса взрывчатого наполнения по GICHD | 37,5 кг | ; | Тип зажигательного наполнения по GICHD | OM-100MI-3L | ; | Масса зажигательного наполнения по GICHD | 250 кг |",checked_v160
ordnance-v27-s-5ko-57-mm-raketa,С-5КО — 57-мм ракета,AMMUNITION,| Тип ВВ по GICHD — С-5КО | A-IX-1 | ; | Масса ВВ по GICHD — С-5КО | 330 г |,checked_v160
ordnance-v27-s-8ko-80-mm-raketa,С-8КО — 80-мм ракета,AMMUNITION,| Тип основного / целевого наполнения | A-IX-10 — марка по таблице GICHD | ; | Масса основного / целевого наполнения | Не подтверждена независимым паспортом |,checked_v168
ordnance-v27-s-24-240-mm-raketa,С-24 — 240-мм ракета,AMMUNITION,| Тип основного ВВ по GICHD | TNT | ; | Масса основного ВВ по GICHD | 29 кг | ; | Дополнительное ВВ по описанию GICHD | Tetryl | ; | Масса дополнительного ВВ по описанию GICHD | 150 г |,checked_v160
ordnance-v27-s-25-o,С-25-О,AMMUNITION,| Тип основного / целевого наполнения | TNT — марка по GICHD | ; | Масса основного / целевого наполнения | Не установлена: внутреннее расхождение источника |,checked_v168
ordnance-v27-umpb-d-30sn,УМПБ Д-30СН,AMMUNITION,"| Тип ВВ по GICHD | Неизвестен | ; | Масса ВВ по GICHD — reported | 100 кг; сообщаемое значение, независимо не подтверждённое |",checked_v160
ordnance-v27-umpk-modul-planirovaniya-i-korrektsii,УМПК — модуль планирования и коррекции,AMMUNITION,| Тип ВВ боеприпаса с УМПК | Зависит от базовой бомбы | ; | Масса ВВ боеприпаса с УМПК | Munition-dependent; общего числового значения нет |,checked_v160
ordnance-v27-h-31p-kh-31-arm,Х-31П / Kh-31 ARM,AMMUNITION,| Тип основного / целевого наполнения | Основное HE-наполнение; марка в GICHD названа неизвестной | ; | Масса основного / целевого наполнения | Для базовой Х-31П этим источником отдельно не установлена |,checked_v168
ordnance-v27-brimstone,Brimstone,AMMUNITION,"| Тип ВВ по GICHD | LX-14 | ; | Масса ВВ по GICHD | 6,5 кг |",checked_v160
ordnance-v27-gbu-39-sdb,GBU-39 SDB,AMMUNITION,"| Тип ВВ по GICHD | AFX-757 PBX | ; | Масса ВВ по GICHD | 16,5 кг |",checked_v160
ordnance-v27-mk-80-semeistvo-aviatsionnyh-bomb,Mk 80 — семейство авиационных бомб,AMMUNITION,"| Тип ВВ, варианты по GICHD | Tritonal или H-6 — разные исполнения | ; | Масса ВВ по GICHD — Mk 81 | 45 кг | ; | Масса ВВ по GICHD — Mk 82 | 87 кг | ; | Масса ВВ по GICHD — Mk 83 | 202 кг | ; | Масса ВВ по GICHD — Mk 84 | 429 кг |",checked_v160
ordnance-v27-jdam,JDAM,AMMUNITION,| Тип ВВ по GICHD — GBU-31 с Mk 84 | Tritonal | ; | Масса ВВ по GICHD — GBU-31 с Mk 84 | 430 кг | ; | Масса ВВ других вариантов JDAM | Зависит от базовой бомбы; в выбранной таблице не приведена |,checked_v160
ordnance-v27-agm-88-harm,AGM-88 HARM,AMMUNITION,| Тип основного / целевого наполнения | PBXN-107 — основное ВВ по GICHD | ; | Масса основного / целевого наполнения | Около 20 кг |,checked_v168
ordnance-v27-agm-154-jsow,AGM-154 JSOW,AMMUNITION,| Тип основного / целевого наполнения | A: кассетное; B: кассетное; C: моноблочная BROACH | ; | Масса основного / целевого наполнения | Зависит от исполнения; единая масса ВВ не установлена |,checked_v168
ordnance-v27-m-6-vzryvatel,М-6 — взрыватель,AMMUNITION,,checked_v170
ordnance-v27-m-12-vzryvatel,М-12 — взрыватель,AMMUNITION,,checked_v170
ordnance-v27-gpv-3,ГПВ-3,AMMUNITION,,checked_v170
ordnance-v27-t-7-vzryvatel,Т-7 — взрыватель,AMMUNITION,,checked_v170
ordnance-v27-mrv,МРВ,AMMUNITION,,checked_v170
ordnance-v27-tm-120-vzryvatel,ТМ-120 — взрыватель,AMMUNITION,,checked_v170
ordnance-v27-atk-mt,АТК МТ,AMMUNITION,,checked_v170
ordnance-v27-avu,АВУ,AMMUNITION,,checked_v175
ordnance-v27-a-670m,А-670М,AMMUNITION,,checked_v170
ordnance-v27-9e246m,9Э246М,AMMUNITION,,checked_v175
ordnance-v27-9e272,9Э272,AMMUNITION,,checked_v175
ordnance-v27-go-2,ГО-2,AMMUNITION,,checked_v170
ordnance-v27-dtm-75,ДТМ-75,AMMUNITION,,checked_v170
ordnance-v27-m-5m-vzryvatel,М-5М — взрыватель,AMMUNITION,,checked_v170
ordnance-v27-t90-vzryvatel,Т90 — взрыватель,AMMUNITION,,checked_v170
ordnance-v27-v-24a,В-24А,AMMUNITION,,checked_v170
ordnance-v27-rv-25,РВ-25,AMMUNITION,,checked_v170
ordnance-v27-vp-7m,ВП-7М,AMMUNITION,,checked_v170
ordnance-v27-vp-22,ВП-22,AMMUNITION,,checked_v170
ordnance-v27-v5-k,В5-К,AMMUNITION,,checked_v170
ordnance-v27-ralec-f3,RALEC F3,AMMUNITION,,checked_v170
ordnance-v27-kz-984,KZ 984,AMMUNITION,,checked_v170
ordnance-v27-m-49-minometnyi-vzryvatel,M/49 — миномётный взрыватель,AMMUNITION,| Масса взрывчатого наполнения | Неизвестна в таблице источника |,checked_v193
ordnance-v27-m557,M557,AMMUNITION,,checked_v170
ordnance-v27-ms-4,МС-4,AMMUNITION,| МС-4: основное ВВ по GICHD | TNT (тротил) | ; | МС-4: масса основного наполнения по GICHD | 120 г |,checked_v172
ordnance-v27-kz-6,КЗ-6,AMMUNITION,"| КЗ-6: основное ВВ по GICHD | ТГ-40 | ; | КЗ-6: масса основного наполнения по GICHD | 1,8 кг |",checked_v172
ordnance-v27-md-5m,МД-5М,AMMUNITION,,checked_v172
ordnance-v27-initsiator-nm,Инициатор НМ,AMMUNITION,,checked_v172
ordnance-v27-nvu-pm-vp-13,НВУ-ПМ / ВП-13,AMMUNITION,,checked_v172
ordnance-v27-sm-320,СМ-320,AMMUNITION,| Точная марка и масса основного пиротехнического наполнения | В листе не раскрыты |,checked_v172
ordnance-v27-sz-6,СЗ-6,AMMUNITION,| СЗ-6: основное ВВ по GICHD | TNT (тротил) | ; | СЗ-6: масса основного наполнения по тексту GICHD | Номинально 6 кг |,checked_v172
ordnance-v27-oz-1,ОЗ-1,AMMUNITION,"| ОЗ-1: основное ВВ по GICHD | А-IX-1 | ; | ОЗ-1: масса основного наполнения по общей таблице | 1,1 кг |",checked_v172
ordnance-v27-pmfc-1-kuba,PMFC-1 (Куба),AMMUNITION,"| Обозначение основного ВВ в строке CISR | TNT (тротил) | ; | Полная масса, размеры и масса основного ВВ | В собственной строке CISR не опубликованы |",checked_v186
ordnance-v27-pmfh-1-kuba,PMFH-1 (Куба),AMMUNITION,| Масса основного ВВ по описанию CISR | 75 г | ; | Обозначение основного ВВ | TNT (тротил) |,checked_v186
ordnance-v27-pmm-1-kuba,PMM-1 (Куба),AMMUNITION,| Масса основного ВВ по CISR | 200 г | ; | Обозначение основного ВВ | TNT (тротил) |,checked_v186
ordnance-v27-m57-app-m57-kuba,M57 (Куба),AMMUNITION,"| Полная масса, габариты и основное ВВ | В перечитанном кубинском разделе HRW не опубликованы |",checked_v186
ordnance-v30-app-m57-kndr,APP M57 (КНДР),AMMUNITION,| APP M-57 (КНДР): основное наполнение по JRC | TNT (тротил) | ; | APP M-57 (КНДР): масса основного наполнения по JRC | 200 г |,checked_v172
ordnance-v27-mm1-myanma,MM1 (Мьянма),AMMUNITION,"| Полная масса, наружные размеры и масса основного ВВ | В прочитанной собственной записи Monitor не опубликованы |",checked_v187
ordnance-v27-mm2-myanma,MM2 (Мьянма),AMMUNITION,"| Полная масса, наружные размеры и масса основного ВВ | В прочитанной собственной записи Monitor не опубликованы |",checked_v187
ordnance-v27-mm5-myanma,MM5 (Мьянма),AMMUNITION,"| Полная масса, наружные размеры и масса основного ВВ | В прочитанной собственной записи Monitor не опубликованы |",checked_v187
ordnance-v27-mm6-myanma,MM6 (Мьянма),AMMUNITION,"| Полная масса, наружные размеры и масса основного ВВ | В прочитанной собственной записи Monitor не опубликованы |",checked_v187
ordnance-v27-alcm-82-alcm-83-kndr,ALCM-82 / ALCM-83 (КНДР),AMMUNITION,| Основное ВВ каждого варианта | Индивидуальное числовое подтверждение для обоих индексов отсутствует |,checked_v186
ordnance-v27-atm-41-kndr,ATM-41 (КНДР),AMMUNITION,| Масса основного ВВ по CISR | 4 кг | ; | Обозначение основного ВВ | Amatol (аматол) |,checked_v186
ordnance-v27-atm-44-kndr,ATM-44 (КНДР),AMMUNITION,"| Масса основного ВВ по CISR | 6,7 кг | ; | Обозначения основного ВВ в этой записи | Trotyl / Ammonite 80 |",checked_v186
ordnance-v27-atm-46-kndr,ATM-46 (КНДР),AMMUNITION,"| Масса основного ВВ по CISR | 5,7 кг | ; | Обозначение основного ВВ в собственной строке | TNT (тротил) |",checked_v186
ordnance-v27-atm-46n-kndr,ATM-46N (КНДР),AMMUNITION,"| Масса основного ВВ по CISR | 5,7 кг | ; | Обозначение основного ВВ в поле Specs CISR | Amatol (аматол) | ; | Другое наполнение, упомянутое в описании CISR | TNT; отдельная масса такого исполнения не выделена |",checked_v186
ordnance-v27-atm-72-kndr,ATM-72 (КНДР),AMMUNITION,| Масса основного ВВ по CISR | 9 кг | ; | Обозначение основного ВВ | RDX/TNT |,checked_v186
ordnance-v27-atm-6-kndr,ATM-6 (Австрия),AMMUNITION,| Основное наполнение ATM-6 — предел подтверждения | Точная марка и отдельная масса основного наполнения этим листом не установлены |,checked_v169
ordnance-v27-atm-7-kndr,ATM-7 (Австрия),AMMUNITION,| Масса основного ВВ по CISR | 9 кг | ; | Обозначение основного ВВ | Composition B |,checked_v186
ordnance-v27-100-mm-at-mine-vetnam,100-mm AT Mine (Вьетнам),AMMUNITION,"| Масса основного ВВ по CISR | 1,5 кг | ; | Обозначение основного ВВ | TNT (тротил) |",checked_v186
ordnance-v27-150-mm-at-mine-vetnam,150-mm AT Mine (Вьетнам),AMMUNITION,| Масса основного ВВ по CISR | 4 кг | ; | Обозначение основного ВВ | TNT (тротил) |,checked_v186
ordnance-v27-200-mm-at-mine-vetnam,200-mm AT Mine (Вьетнам),AMMUNITION,| Обозначение основного ВВ в собственной строке | TNT (тротил) | ; | Полная масса и масса основного ВВ | Не выбраны: в CISR обе массы совпадают и требуют дополнительной проверки |,checked_v186
ordnance-v27-model-1948-ap-mine-vetnam,Model 1948 AP Mine (Вьетнам),AMMUNITION,| Ограничение проверки наполнения | Граммы и унции в собственной строке CISR не согласуются | ; | Отдельное достоверное значение массы основного ВВ | Без второго источника не выбрано |,checked_v186
ordnance-v27-min-grenade-shaped-vetnam,MIN grenade-shaped (Вьетнам),AMMUNITION,| Масса основного ВВ по CISR | 100 г | ; | Обозначение основного ВВ | TNT (тротил) |,checked_v186
ordnance-v27-ym-ii-iran,YM-II (Иран),AMMUNITION,| Основное наполнение YM-II — предел подтверждения | Точная марка и отдельная масса основного наполнения этим листом не установлены |,checked_v169
ordnance-v27-ym-iii-ym-3-iran,YM-III / YM-3 (Иран),AMMUNITION,| Основное наполнение YM-III — предел подтверждения | Точная марка и отдельная масса основного наполнения этим листом не установлены |,checked_v169
ordnance-v27-ym-4-iran,YM-4 (Иран),AMMUNITION,| Обозначение основного ВВ именно YM-IV | TNT (тротил) | ; | Масса основного ВВ именно YM-IV | В собственной колонке не опубликована |,checked_v187
ordnance-v27-km14-respublika-koreya,KM14 (Республика Корея),AMMUNITION,| Масса основного ВВ боевой версии | Не установлена этой страницей учебного изделия |,checked_v180
ordnance-v27-km16-respublika-koreya,KM16 (Республика Корея),AMMUNITION,| Масса основного ВВ боевой версии | Не установлена этой страницей учебного изделия |,checked_v180
ordnance-v27-km18a1-respublika-koreya,KM18A1 (Республика Корея),AMMUNITION,| Масса основного ВВ боевой KM18A1 | Не подтверждена страницами учебного изделия |,checked_v180
ordnance-v27-z-001m-armeniya,Z-001M (Армения),AMMUNITION,,checked_v192
ordnance-v27-pmn-e-armeniya,ПМН-Э (Армения),AMMUNITION,"| Полная масса, наружные размеры и масса основного ВВ | В прочитанной записи Monitor не опубликованы |",checked_v187
ordnance-v27-p3-jumping-pakistan,P3 Jumping (Пакистан),AMMUNITION,"| Полная масса, наружные размеры и масса основного ВВ P3 Jumping | В проверенной отчётной записи не опубликованы |",checked_v187
ordnance-v27-udm-3-oboznachenie-ne-podtverzhdeno,УДМ-3,AMMUNITION,,not_reviewed_in_v197
ordnance-v27-prm-2m-oboznachenie-ne-podtverzhdeno,ПРМ-2М,AMMUNITION,,not_reviewed_in_v197
ordnance-v27-krab-m-oboznachenie-ne-podtverzhdeno,КРАБ-М,AMMUNITION,,not_reviewed_in_v197
ordnance-v29-ga-0001,155 mm BAE artillery family,AMMUNITION,"| Тип основного / целевого наполнения | L15 / XL12E1: HE (таблица RDX/HMX/TNT); L21: TNT; L17: инертное наполнение | ; | Масса основного / целевого наполнения | L15: ≈11,3 кг; XL12E1: ≈9,3 кг; L21: ≈6,8 кг; основной HE L17 неприменим |",checked_v168
ordnance-v29-ga-0002,Assegai 155 мм HE,AMMUNITION,"| Тип основного / целевого наполнения | M2000 HE: TNT/HNS; M0121 IHE: PBX | ; | Масса основного / целевого наполнения | M2000 HE: 8,3 кг; M0121 IHE: 8,8 кг |",checked_v168
ordnance-v29-ga-0003,Assegai 155 мм illumination,AMMUNITION,"| Тип основного / целевого наполнения | M2003 Illum: осветительное пиротехническое наполнение; марка не названа | ; | Масса основного / целевого наполнения | 2,5 кг |",checked_v194
ordnance-v29-ga-0004,Assegai 155 мм IR illumination,AMMUNITION,"| Тип основного / целевого наполнения | M0236 IR Illum: инфракрасное осветительное пиротехническое наполнение; марка не названа | ; | Масса основного / целевого наполнения | 2,8 кг |",checked_v194
ordnance-v29-ga-0005,Assegai 155 мм PFF,AMMUNITION,"| Тип основного / целевого наполнения | M0603 IHE PFF: PBX | ; | Масса основного / целевого наполнения | 8,8 кг |",checked_v194
ordnance-v29-ga-0006,Assegai 155 мм smoke,AMMUNITION,"| Тип основного / целевого наполнения | M2002: дымовое целевое наполнение, марка не названа; M2004: красный фосфор | ; | Масса основного / целевого наполнения | M2002: 5,5 кг; M2004: 3,8 кг |",checked_v194
ordnance-v29-ga-0007,Assegai 155 мм V-LAP,AMMUNITION,"| Тип основного / целевого наполнения | M2005 HE VLAP: TNT/HNS; M0256 IHE PFF VLAP: PBX | ; | Масса основного / целевого наполнения | M2005: 4,3 кг; M0256: 3 кг |",checked_v168
ordnance-v29-ga-0008,M107A3,AMMUNITION,"| Тип основного / целевого наполнения | Основное HE-наполнение; точная марка в паспорте не названа | ; | Масса основного / целевого наполнения | 6,7 кг |",checked_v168
ordnance-v29-ga-0009,M150 smoke,AMMUNITION,| Тип основного / целевого наполнения | HC — целевое дымовое наполнение M150 | ; | Масса основного / целевого наполнения | Отдельно не опубликована в выбранной таблице |,checked_v168
ordnance-v29-ga-0010,M401,AMMUNITION,| Тип основного / целевого наполнения | TNT — основное ВВ M401 HE-ER-BB | ; | Масса основного / целевого наполнения | 12 кг |,checked_v168
ordnance-v29-ga-0011,M454,AMMUNITION,"| Тип основного / целевого наполнения | Основное ВВ M454 S-HE; точная марка не названа | ; | Масса основного / целевого наполнения | 2,7 кг |",checked_v168
ordnance-v29-ga-0012,M481,AMMUNITION,"| Тип основного / целевого наполнения | TNT — основное ВВ M481 HE-ER-BT | ; | Масса основного / целевого наполнения | 10,5 кг |",checked_v168
ordnance-v29-ga-0013,M482,AMMUNITION,"| Тип основного / целевого наполнения | TNT или неназванное advanced explosive — варианты M482 | ; | Масса основного / целевого наполнения | 8,5 кг |",checked_v168
ordnance-v29-ga-0015,M662 — модульный метательный заряд,AMMUNITION,,checked_v176
ordnance-v29-ga-0016,T82M — артиллерийский капсюль,AMMUNITION,,checked_v177
ordnance-v29-ga-0017,M910 — артиллерийский взрыватель,AMMUNITION,,checked_v177
ordnance-v29-ga-0018,M920 — артиллерийский взрыватель,AMMUNITION,,checked_v177
ordnance-v29-ga-0019,M950 — артиллерийский взрыватель,AMMUNITION,,checked_v177
ordnance-v29-ga-0020,155 мм HE,AMMUNITION,| Тип ВВ — боевое исполнение | TNT | ; | Масса ВВ — боевое исполнение | 9 кг |,checked_v158
ordnance-v29-ga-0021,155 мм HE-ER,AMMUNITION,| Тип взрывчатого наполнения | TNT или Composition B — разные исполнения | ; | Масса взрывчатого наполнения | 9 кг; строка TNT/Comp B в паспорте |,checked_v158
ordnance-v29-ga-0022,155 мм IM HE-ER,AMMUNITION,| Тип взрывчатого наполнения — NM269 | MCX-6100 IM | ; | Масса взрывчатого наполнения — NM269 | Более 10 кг (> 10 кг) |,checked_v158
ordnance-v29-ga-0023,155 мм TP-ER,AMMUNITION,"| Тип ВВ — исполнение с зарядом отметки | DPX 3, Type 2 (Optional) | ; | Масса ВВ заряда отметки | В выбранном паспорте не приведена | ; | Наполнение — инертное исполнение | Инертное; отдельный вариант по описанию Nammo |",checked_v158
ordnance-v29-ga-0024,OFdMKM BB,AMMUNITION,"| Тип основного / целевого наполнения | TNT — только EOFdMKM DV в выбранной таблице | ; | Масса основного / целевого наполнения | 10,00 кг — EOFdMKM DV |",checked_v168
ordnance-v29-ga-0025,OFdMKM HB,AMMUNITION,"| Тип основного / целевого наполнения | TNT — только EOFdMKM в выбранной таблице | ; | Масса основного / целевого наполнения | 10,00 кг — EOFdMKM |",checked_v168
ordnance-v29-ga-0026,155 mm ZVS family,AMMUNITION,"| MKM: основное наполнение в заводской таблице | TNT (тротил) | ; | MKM: масса основного наполнения | 10 кг | ; | MKM-DV: основное наполнение в заводской таблице | TNT (тротил) | ; | MKM-DV: масса основного наполнения | 10 кг | ; | M3: основное наполнение в заводской таблице | TNT (тротил) | ; | M3: масса основного наполнения | 8,1 кг | ; | M3-DV: основное наполнение в заводской таблице | TNT (тротил) | ; | M3-DV: масса основного наполнения | 8,1 кг |",checked_v170
ordnance-v29-ga-0027,105 мм M1,AMMUNITION,"| Тип ВВ снаряда M1 по TM 43-0001-28 | Composition B или TNT — разные исполнения | ; | Масса ВВ — Composition B, normal cavity | 5,08 lb (≈ 2,304 кг) | ; | Масса ВВ — Composition B, deep cavity | 4,60 lb (≈ 2,087 кг) | ; | Масса ВВ — TNT, normal cavity | 4,80 lb (≈ 2,177 кг) | ; | Масса ВВ — TNT, deep cavity | 4,25 lb (≈ 1,928 кг) |",checked_v158
ordnance-v29-ga-0028,105 мм M1130 PFF,AMMUNITION,| Тип основного / целевого наполнения | PBX-4 — основное малочувствительное ВВ; вольфрамовые элементы отдельно | ; | Масса основного / целевого наполнения | Отдельно не опубликована в выбранном разделе |,checked_v166
ordnance-v29-ga-0029,105 мм M913,AMMUNITION,"| Тип основного наполнения по TM 43-0001-28 | TNT | ; | Масса основного наполнения по TM 43-0001-28 | 5,8 lb (≈2630,8 г) |",checked_v162
ordnance-v29-ga-0030,105 мм M927,AMMUNITION,"| Тип основного ВВ | TNT | ; | Масса основного ВВ | 5,8 lb (≈ 2,63 кг) |",checked_v156
ordnance-v29-ga-0031,105 мм PGU-44/B,AMMUNITION,"| Тип основного / целевого наполнения | Composition B — по текстовому описанию PGU-44/B | ; | Масса основного / целевого наполнения | Описание: 4,6 lb (≈2,087 кг); общая строка Payload даёт другие значения |",checked_v166
ordnance-v29-ga-0032,105 мм PGU-45/B,AMMUNITION,"| Тип основного / целевого наполнения | Composition B — по текстовому описанию PGU-45/B | ; | Масса основного / целевого наполнения | Описание: 4,6 lb (≈2,087 кг); общая строка Payload даёт другие значения |",checked_v166
ordnance-v29-ga-0034,105 мм M314,AMMUNITION,"| Тип основного наполнения по TM 43-0001-28 | Осветительный состав (Illum); точная марка не дана | ; | Масса основного наполнения по TM 43-0001-28 | 1,74 lb (≈789,3 г) |",checked_v162
ordnance-v29-ga-0035,105 мм M314A2,AMMUNITION,"| Тип основного наполнения по TM 43-0001-28 | Осветительный состав (Illum); точная марка не дана | ; | Масса основного наполнения по TM 43-0001-28 | 1,74 lb (≈789,3 г) |",checked_v162
ordnance-v29-ga-0036,105 мм M314A3,AMMUNITION,"| Тип осветительного наполнения | Пиротехнический осветительный состав видимого света; марка не приведена | ; | Масса осветительного наполнения | 1,67 lb (≈ 0,758 кг) | ; | Масса ВВ вспомогательных зарядов | В выбранном разделе не приведена |",checked_v156
ordnance-v29-ga-0037,105 мм M327,AMMUNITION,"| Тип основного наполнения по TM 43-0001-28 | Composition A3 | ; | Масса основного наполнения по TM 43-0001-28 | 7,6 lb (≈3447,3 г) |",checked_v162
ordnance-v29-ga-0038,105 мм M413,AMMUNITION,"| Тип основного наполнения по TM 43-0001-28 | Composition B | ; | Масса основного наполнения по TM 43-0001-28 | 1,1 lb (≈499,0 г) | ; | ВВ одного внутреннего изделия по таблице | 28 г |",checked_v162
ordnance-v29-ga-0039,105 мм M444,AMMUNITION,"| Тип основного наполнения по TM 43-0001-28 | Composition A5 | ; | Масса основного наполнения по TM 43-0001-28 | 0,93 lb (≈421,8 г) | ; | ВВ одного внутреннего изделия по таблице | 23,55 г |",checked_v162
ordnance-v29-ga-0040,105 мм M546,AMMUNITION,"| Тип основного наполнения по TM 43-0001-28 | Металлическое наполнение; не основное ВВ | ; | Масса основного наполнения по TM 43-0001-28 | 9,145 lb (≈4148,1 г) | ; | Масса отдельного ВВ | На выбранных страницах не установлена |",checked_v162
ordnance-v29-ga-0041,105 мм M548,AMMUNITION,"| Тип основного наполнения по TM 43-0001-28 | Composition B | ; | Масса основного наполнения по TM 43-0001-28 | 5,2 lb (≈2358,7 г) |",checked_v162
ordnance-v29-ga-0042,105 мм M60 series,AMMUNITION,"| Тип основного наполнения по TM 43-0001-28 | Белый фосфор (WP) | ; | Масса основного наполнения по TM 43-0001-28 | 3,86 lb (≈1750,9 г) |",checked_v162
ordnance-v29-ga-0043,105 мм M662,AMMUNITION,"| Тип основного наполнения по TM 43-0001-28 | Composition B | ; | Масса основного наполнения по TM 43-0001-28 | 2,14 lb (≈970,7 г) |",checked_v162
ordnance-v29-ga-0044,105 мм M67,AMMUNITION,"| Тип основного наполнения по TM 43-0001-28 | Инертное учебное наполнение | ; | Масса основного наполнения по TM 43-0001-28 | 3,89 lb (≈1764,5 г) |",checked_v162
ordnance-v29-ga-0045,105 мм M760,AMMUNITION,"| Тип ВВ снаряда | TNT | ; | Масса ВВ снаряда | 4,6 lb (≈ 2,087 кг; в источнике округлено до 2,1 кг) |",checked_v158
ordnance-v29-ga-0046,105 мм M84 series,AMMUNITION,"| Тип основного наполнения по TM 43-0001-28 | Дымовой состав HC | ; | Масса основного наполнения по TM 43-0001-28 | 12,3 lb (≈5579,2 г) |",checked_v162
ordnance-v29-ga-0049,105 мм M1064 illuminating,AMMUNITION,"| Тип осветительного наполнения | ИК осветительный пиротехнический состав; марка в каталоге не указана | ; | Масса осветительного состава | 0,65 lb (≈ 295 г) | ; | Масса ВВ отдельно от осветительного состава | В выбранной таблице не указана |",checked_v155
ordnance-v29-ga-0050,155 мм M1066 illuminating,AMMUNITION,"| Тип осветительного наполнения | ИК осветительный пиротехнический состав; марка в каталоге не указана | ; | Масса осветительного состава | 2,25 lb (≈ 1,02 кг) | ; | Масса ВВ отдельно от осветительного состава | В выбранной таблице не указана |",checked_v155
ordnance-v29-ga-0051,155 мм M110A2 smoke,AMMUNITION,"| Тип дымового наполнения | Белый фосфор (WP) | ; | Масса дымового наполнения | 15,6 lb (≈ 7,08 кг) | ; | Масса ВВ отдельного вспомогательного заряда | В выбранном разделе не приведена |",checked_v156
ordnance-v29-ga-0052,155 мм M1121 smoke,AMMUNITION,| Тип основного / целевого наполнения | Белый фосфор — целевое дымовое наполнение (WP) | ; | Масса основного / целевого наполнения | Отдельно не опубликована в выбранном разделе |,checked_v166
ordnance-v29-ga-0053,155 мм M1122 training,AMMUNITION,"| Тип ВВ основного наполнения | IMX-101, Filler-E или TNT (варианты по каталогу 2025 года) | ; | Масса ВВ | В выбранном каталоге не указана |",checked_v155
ordnance-v29-ga-0054,155 мм M1123 illuminating,AMMUNITION,| Тип осветительного наполнения | Осветительный пиротехнический состав ИК; марка не указана | ; | Масса осветительного состава | В выбранном каталоге не указана | ; | Масса ВВ отдельно от осветительного состава | В выбранном каталоге не указана |,checked_v155
ordnance-v29-ga-0055,155 мм M1124 illuminating,AMMUNITION,| Тип осветительного наполнения | Осветительный пиротехнический состав видимого света; марка не указана | ; | Масса осветительного состава | В выбранном каталоге не указана | ; | Масса ВВ отдельно от осветительного состава | В выбранном каталоге не указана |,checked_v155
ordnance-v29-ga-0056,155 мм M485A2 illuminating,AMMUNITION,"| Тип основного наполнения по TM 43-0001-28 | Осветительный состав (Illum Compound); точная марка не дана | ; | Масса основного наполнения по TM 43-0001-28 | 94 oz (≈2664,9 г) |",checked_v162
ordnance-v29-ga-0057,105 мм M60A2 smoke,AMMUNITION,"| Тип основного наполнения по TM 43-0001-28 | Белый фосфор (WP) | ; | Масса основного наполнения по TM 43-0001-28 | 3,86 lb (≈1750,9 г) |",checked_v162
ordnance-v29-ga-0059,155 мм M825A1 smoke,AMMUNITION,"| Тип основного наполнения по TM 43-0001-28 | Белый фосфор (WP), в составе дымовой полезной нагрузки | ; | Масса основного наполнения по TM 43-0001-28 | 12,75 lb (≈5783,3 г) | ; | Тип дополнительного ВВ по таблице | Composition A5 | ; | Масса дополнительного ВВ по таблице | 21,2 г |",checked_v162
ordnance-v29-ga-0060,105 мм M84A1 smoke,AMMUNITION,"| Тип основного наполнения по TM 43-0001-28 | Дымовой состав HC | ; | Масса основного наполнения по TM 43-0001-28 | 12,3 lb (≈5579,2 г) |",checked_v162
ordnance-v29-ga-0064,155 мм M110,AMMUNITION,,checked_v170
ordnance-v29-ga-0065,155 мм M116,AMMUNITION,"| Тип основного наполнения по TM 43-0001-28 | Дым HC либо цветное дымовое исполнение — разные варианты | ; | Масса основного наполнения по TM 43-0001-28 | HC: 25,84 lb (≈11720,8 г); цветной дым: 17,19 lb (≈7797,3 г) |",checked_v162
ordnance-v29-ga-0066,155 мм M118,AMMUNITION,"| Тип основного наполнения по TM 43-0001-28 | Осветительный состав (Illuminum composition); точная марка не дана | ; | Масса основного наполнения по TM 43-0001-28 | 4,3 lb (≈1950,4 г) |",checked_v162
ordnance-v29-ga-0067,155 мм M121A1,AMMUNITION,,checked_v170
ordnance-v29-ga-0068,155 мм M449,AMMUNITION,"| Тип основного / целевого наполнения | Composition A5 — основное ВВ внутренних гранат | ; | Масса основного / целевого наполнения | 2,80 lb (≈1,270 кг) на весь снаряд по таблице |",checked_v166
ordnance-v29-ga-0070,155 мм M485,AMMUNITION,"| Тип основного наполнения по TM 43-0001-28 | Осветительный состав (Illum Compound); точная марка не дана | ; | Масса основного наполнения по TM 43-0001-28 | 94 oz (≈2664,9 г) |",checked_v162
ordnance-v29-ga-0071,155 мм M549,AMMUNITION,"| Тип основного наполнения по TM 43-0001-28 | Composition B | ; | Масса основного наполнения по TM 43-0001-28 | 16 lb (≈7257,5 г) |",checked_v162
ordnance-v29-ga-0072,155 мм M549A1,AMMUNITION,"| Тип основного ВВ — M549A1 | TNT | ; | Масса основного ВВ — M549A1 | 15 lb (≈ 6,80 кг) |",checked_v156
ordnance-v29-ga-0073,155 мм M692,AMMUNITION,"| Наполнение / материал по TM 43-0001-28 | Composition A5 — основное ВВ отдельного внутреннего изделия | ; | Масса отдельного наполнения по TM 43-0001-28 | 21,25 г на одно внутреннее изделие |",checked_v163
ordnance-v29-ga-0074,155 мм M712,AMMUNITION,"| Тип основного ВВ | Composition B | ; | Масса основного ВВ | 14,75 lb (≈ 6,69 кг) |",checked_v156
ordnance-v29-ga-0076,155 мм M718A1,AMMUNITION,"| Наполнение / материал по TM 43-0001-28 | PBX 0280 — основное ВВ отдельного внутреннего изделия | ; | Масса отдельного наполнения по TM 43-0001-28 | 1,26 lb (≈571,5 г) на одно внутреннее изделие |",checked_v163
ordnance-v29-ga-0077,155 мм M731,AMMUNITION,"| Наполнение / материал по TM 43-0001-28 | Composition A5 — основное ВВ отдельного внутреннего изделия | ; | Масса отдельного наполнения по TM 43-0001-28 | 21,25 г на одно внутреннее изделие |",checked_v163
ordnance-v29-ga-0078,155 мм M741,AMMUNITION,"| Наполнение / материал по TM 43-0001-28 | PBX 0280 — основное ВВ отдельного внутреннего изделия | ; | Масса отдельного наполнения по TM 43-0001-28 | 1,26 lb (≈571,5 г) на одно внутреннее изделие |",checked_v163
ordnance-v29-ga-0079,155 мм M741A1,AMMUNITION,"| Наполнение / материал по TM 43-0001-28 | PBX 0280 — основное ВВ отдельного внутреннего изделия | ; | Масса отдельного наполнения по TM 43-0001-28 | 1,26 lb (≈571,5 г) на одно внутреннее изделие |",checked_v163
ordnance-v29-ga-0081,155 мм M804,AMMUNITION,| Тип основного наполнения по TM 43-0001-28 | Дымовое наполнение отдельного контейнера; точная марка не дана | ; | Масса основного наполнения по TM 43-0001-28 | 190 г |,checked_v162
ordnance-v29-ga-0082,155 мм M804A1,AMMUNITION,| Тип основного наполнения по TM 43-0001-28 | Дымовое наполнение отдельного контейнера; точная марка не дана | ; | Масса основного наполнения по TM 43-0001-28 | 450 г | ; | Тип дополнительного ВВ по таблице — M804A1 | Composition A5 | ; | Масса дополнительного ВВ по таблице — M804A1 | 20 г |,checked_v162
ordnance-v29-ga-0083,155 мм M823,AMMUNITION,| Тип основного наполнения по TM 43-0001-28 | Инертный учебный снаряд M823 | ; | Масса основного наполнения по TM 43-0001-28 | Отдельная масса наполнения не приведена |,checked_v162
ordnance-v29-ga-0084,155 мм M825,AMMUNITION,"| Тип основного наполнения по TM 43-0001-28 | Белый фосфор (WP), в составе дымовой полезной нагрузки | ; | Масса основного наполнения по TM 43-0001-28 | 12,75 lb (≈5783,3 г) | ; | Тип дополнительного ВВ по таблице | Composition A5 | ; | Масса дополнительного ВВ по таблице | 21,2 г |",checked_v162
ordnance-v29-ga-0085,155 мм M825A1,AMMUNITION,"| Тип основного наполнения по TM 43-0001-28 | Белый фосфор (WP), в составе дымовой полезной нагрузки | ; | Масса основного наполнения по TM 43-0001-28 | 12,75 lb (≈5783,3 г) | ; | Тип дополнительного ВВ по таблице | Composition A5 | ; | Масса дополнительного ВВ по таблице | 21,2 г |",checked_v162
ordnance-v29-ga-0086,105 мм MKE howitzer family,AMMUNITION,"| Тип основного / целевого наполнения | M1 HE и MOD 288 HE-ER: TNT | ; | Масса основного / целевого наполнения | M1 HE: ≈1,98 кг; MOD 288: ≈2,2 кг |",checked_v168
ordnance-v29-ga-0087,155 мм MKE howitzer family,AMMUNITION,"| Тип основного / целевого наполнения | M101 и M107: TNT; MOD 272 TP: Sorel cement; MOD 274 HEER: TNT | ; | Масса основного / целевого наполнения | M101 и M107: ≈6,6 кг каждый; MOD 272: ≈6,6 кг инертного наполнителя; MOD 274: ≈10,5 кг | ; | MOD 276 Training: целевой наполнитель, PDF 15 | Песок и древесная стружка: ≈10,5 кг | ; | MOD 277 Practice / MOD 281 TP-ER: целевой наполнитель, PDF 15 | Sorel cement: ≈10,5 / ≈10 кг соответственно |",checked_v168
ordnance-v29-ga-0088,175 мм MKE gun family,AMMUNITION,,checked_v181
ordnance-v29-ga-0089,122 мм боеприпас совместного производства — индекс не опубликован,AMMUNITION,,checked_v192
ordnance-v29-ga-0090,105 mm ER G3,AMMUNITION,"| Тип основного / целевого наполнения | HE BB: осколочно-фугасное наполнение, точная марка на текущей странице не дана; SMK BB: дымовое | ; | Масса основного / целевого наполнения | SMK BB: 2,3 кг; отдельная масса HE BB в текущей таблице не опубликована |",checked_v165
ordnance-v29-ga-0091,155 KATANA,AMMUNITION,| Тип основного / целевого наполнения по отдельной странице KATANA | Основное наполнение боевой части; марка на отдельной странице не дана | ; | Масса наполнения по отдельной странице KATANA | На отдельной странице не опубликована; данные общей таблицы приведены ниже | ; | KATANA из общей таблицы — наполнение | 6 кг Composition B |,checked_v165
ordnance-v29-ga-0092,155 LU220,AMMUNITION,| Тип основного / целевого наполнения | Малочувствительное ВВ XF 13 333 — описание отдельной страницы LU220 | ; | Масса основного / целевого наполнения | 11 кг | ; | LU220 HE из общей таблицы — наполнение | 11 кг Composition B |,checked_v165
ordnance-v29-ga-0093,155 mm BONUS,AMMUNITION,| Тип основного / целевого наполнения | Два отдельных боевых элемента; единая марка их ВВ на странице не дана | ; | Масса основного / целевого наполнения | Отдельно не опубликована в выбранной статье |,checked_v165
ordnance-v29-ga-0094,GH S&F-1-01,AMMUNITION,,checked_v191
ordnance-v29-ga-0095,GH S&F-13,AMMUNITION,,checked_v191
ordnance-v29-ga-0096,GH S&F-7,AMMUNITION,,checked_v191
ordnance-v29-ga-0097,GH S&F-CS,AMMUNITION,,checked_v191
ordnance-v29-ga-0098,GH S&F-CS-7,AMMUNITION,,checked_v191
ordnance-v29-ga-0099,40×46 mm Rheinmetall LV family,AMMUNITION,"| Тип основного / целевого наполнения | Разные: учебное маркирующее, HE, дымовое, осветительное и другие варианты | ; | Масса основного / целевого наполнения | Единая масса основного наполнения семейства неприменима |",checked_v166
ordnance-v29-ga-0100,Rheinmetall combat/practice hand-grenade families,AMMUNITION,| Тип основного / целевого наполнения | Разные боевые и учебные исполнения | ; | Масса основного / целевого наполнения | Единая масса наполнения семейства неприменима |,checked_v167
ordnance-v29-ga-0101,HGF165-3.5,AMMUNITION,| Тип ВВ — варианты | Composition B или PBXN-110 | ; | Масса ВВ — вариант PBXN-110 | 165 г | ; | Масса ВВ — вариант Composition B | Отдельное значение для этого варианта в выбранной строке не приведено |,checked_v156
ordnance-v29-ga-0102,HGO225-3.5,AMMUNITION,| Тип ВВ — варианты | Composition B или PBXN-11 | ; | Масса ВВ — вариант Composition B | 225 г | ; | Масса ВВ — вариант PBXN-11 | 260 г |,checked_v156
ordnance-v29-ga-0103,HGO50-3.5,AMMUNITION,| Тип ВВ — варианты | Composition B или PBXN-11 | ; | Масса ВВ — вариант Composition B | 50 г | ; | Масса ВВ — вариант PBXN-11 | 42 г |,checked_v156
ordnance-v29-ga-0105,Nammo training hand grenade,AMMUNITION,| Наполнение по Nammo 2024 | Инертное заполнение корпуса; отдельно упомянут пиротехнический сигнальный компонент | ; | Масса отдельного наполнения по Nammo 2024 | На выбранной странице отдельно не приведена |,checked_v163
ordnance-v29-ga-0106,SOHG,AMMUNITION,"| Тип ВВ — варианты | Composition B или PBXN-11 | ; | Масса ВВ — Composition B, один модуль | 115 г | ; | Масса ВВ — PBXN-11, один модуль | 130 г |",checked_v156
ordnance-v29-ga-0107,TTC Smoke,AMMUNITION,| Наполнение по Nammo 2024 | Дымовое наполнение; точная марка состава не дана | ; | Масса отдельного наполнения по Nammo 2024 | На выбранной странице отдельно не приведена |,checked_v163
ordnance-v29-ga-0108,GNPO,AMMUNITION,| Тип основного / целевого наполнения | Основное боевое ВВ; точная марка в таблице не названа | ; | Масса основного / целевого наполнения | Отдельно не опубликована в выбранной таблице |,checked_v167
ordnance-v29-ga-0109,NGD-93,AMMUNITION,| Тип основного / целевого наполнения | Дымовое целевое наполнение | ; | Масса основного / целевого наполнения | Отдельно не опубликована в выбранной таблице |,checked_v167
ordnance-v29-ga-0110,NGOS-93,AMMUNITION,| Тип основного / целевого наполнения | Осветительное пиротехническое целевое наполнение | ; | Масса основного / целевого наполнения | Отдельно не опубликована в выбранной таблице |,checked_v167
ordnance-v29-ga-0111,NGZ-93,AMMUNITION,| Тип основного / целевого наполнения | Зажигательное целевое наполнение | ; | Масса основного / целевого наполнения | Отдельно не опубликована в выбранной таблице |,checked_v167
ordnance-v29-ga-0112,RGO-88,AMMUNITION,| Тип ВВ | RDX (гексоген) | ; | Масса ВВ | 60 г |,checked_v156
ordnance-v29-ga-0113,RGZ-89,AMMUNITION,| Тип ВВ | RDX (гексоген) | ; | Масса ВВ | 106 г |,checked_v156
ordnance-v29-ga-0114,M1006,AMMUNITION,| Тип основного наполнения по TM 43-0001-28 | None — отдельное наполнение снаряда не предусмотрено | ; | Масса основного наполнения по TM 43-0001-28 | Неприменимо к строке Filler; не суммарная масса энергетических компонентов |,checked_v162
ordnance-v29-ga-0115,M1029,AMMUNITION,"| Тип основного наполнения по TM 43-0001-28 | Резиновые элементы; не ВВ | ; | Масса основного наполнения по TM 43-0001-28 | Масса одного элемента: 0,08 oz (≈2,3 г) |",checked_v162
ordnance-v29-ga-0116,M381,AMMUNITION,| Тип основного наполнения по TM 43-0001-28 | Composition B | ; | Масса основного наполнения по TM 43-0001-28 | 32 г |,checked_v162
ordnance-v29-ga-0117,M382,AMMUNITION,"| Тип основного наполнения по TM 43-0001-28 | Жёлтый краситель, inert | ; | Масса основного наполнения по TM 43-0001-28 | 4,54 г |",checked_v162
ordnance-v29-ga-0118,M383,AMMUNITION,"| Тип основного наполнения по TM 43-0001-28 | Composition A5 | ; | Масса основного наполнения по TM 43-0001-28 | 54,5 г |",checked_v162
ordnance-v29-ga-0119,M384,AMMUNITION,"| Тип основного наполнения по TM 43-0001-28 | Composition A5 | ; | Масса основного наполнения по TM 43-0001-28 | 54,5 г |",checked_v162
ordnance-v29-ga-0120,M385,AMMUNITION,| Тип основного наполнения по TM 43-0001-28 | Цельный инертный алюминиевый снаряд | ; | Масса основного наполнения по TM 43-0001-28 | Масса отдельного наполнения не дана |,checked_v162
ordnance-v29-ga-0121,M385A1,AMMUNITION,| Тип основного наполнения по TM 43-0001-28 | Цельный инертный алюминиевый снаряд | ; | Масса основного наполнения по TM 43-0001-28 | Масса отдельного наполнения не дана |,checked_v162
ordnance-v29-ga-0122,M386,AMMUNITION,| Тип основного наполнения по TM 43-0001-28 | Composition B | ; | Масса основного наполнения по TM 43-0001-28 | 32 г |,checked_v162
ordnance-v29-ga-0123,M397,AMMUNITION,| Тип основного наполнения по TM 43-0001-28 | OCTOL | ; | Масса основного наполнения по TM 43-0001-28 | 32 г |,checked_v162
ordnance-v29-ga-0124,M397A1,AMMUNITION,| Тип основного наполнения по TM 43-0001-28 | OCTOL | ; | Масса основного наполнения по TM 43-0001-28 | 32 г |,checked_v162
ordnance-v29-ga-0125,M406,AMMUNITION,| Тип основного наполнения по TM 43-0001-28 | Composition B | ; | Масса основного наполнения по TM 43-0001-28 | 32 г |,checked_v162
ordnance-v29-ga-0126,M407A1,AMMUNITION,| Тип основного наполнения по TM 43-0001-28 | Жёлтый краситель | ; | Масса основного наполнения по TM 43-0001-28 | На выбранных страницах не приведена | ; | Тип дополнительного ВВ по описанию | RDX | ; | Масса дополнительного ВВ | На выбранных страницах не приведена |,checked_v162
ordnance-v29-ga-0127,M430,AMMUNITION,| Тип основного наполнения по TM 43-0001-28 | Composition A5 | ; | Масса основного наполнения по TM 43-0001-28 | 38 г |,checked_v162
ordnance-v29-ga-0128,M430A1,AMMUNITION,| Тип основного наполнения по TM 43-0001-28 | Composition A5 | ; | Масса основного наполнения по TM 43-0001-28 | 32 г |,checked_v162
ordnance-v29-ga-0129,M433,AMMUNITION,| Тип основного наполнения по TM 43-0001-28 | Composition A5 | ; | Масса основного наполнения по TM 43-0001-28 | 45 г |,checked_v162
ordnance-v29-ga-0130,M441,AMMUNITION,| Тип основного наполнения по TM 43-0001-28 | Composition B | ; | Масса основного наполнения по TM 43-0001-28 | 32 г |,checked_v162
ordnance-v29-ga-0131,M576,AMMUNITION,| Тип основного наполнения по TM 43-0001-28 | Металлическое наполнение; не основное ВВ | ; | Масса основного наполнения по TM 43-0001-28 | 24 г |,checked_v162
ordnance-v29-ga-0132,M583A1,AMMUNITION,| Тип основного наполнения по TM 43-0001-28 | Осветительный состав (Illum comp); точная марка не дана | ; | Масса основного наполнения по TM 43-0001-28 | 93 г |,checked_v162
ordnance-v29-ga-0133,M585,AMMUNITION,| Тип основного наполнения по TM 43-0001-28 | Осветительный состав (Illum); точная марка не дана | ; | Масса основного наполнения по TM 43-0001-28 | 85 г |,checked_v162
ordnance-v29-ga-0134,M661,AMMUNITION,| Тип основного наполнения по TM 43-0001-28 | Осветительный состав (Illum comp); точная марка не дана | ; | Масса основного наполнения по TM 43-0001-28 | 86 г |,checked_v162
ordnance-v29-ga-0135,M662,AMMUNITION,| Тип основного наполнения по TM 43-0001-28 | Осветительный состав (Illum comp); точная марка не дана | ; | Масса основного наполнения по TM 43-0001-28 | 85 г |,checked_v162
ordnance-v29-ga-0136,M676,AMMUNITION,| Тип основного наполнения по TM 43-0001-28 | Жёлтое дымовое наполнение; точная марка не дана | ; | Масса основного наполнения по TM 43-0001-28 | 59 г |,checked_v162
ordnance-v29-ga-0137,M677,AMMUNITION,| Тип основного / целевого наполнения | Cyclotol — основное ВВ M677 | ; | Масса основного / целевого наполнения | 45 г |,checked_v167
ordnance-v29-ga-0138,M680,AMMUNITION,| Тип основного / целевого наполнения | Белое дымовое пиротехническое наполнение; марка не названа | ; | Масса основного / целевого наполнения | 59 г |,checked_v167
ordnance-v29-ga-0139,M682,AMMUNITION,| Тип основного наполнения по TM 43-0001-28 | Красное дымовое наполнение; точная марка не дана | ; | Масса основного наполнения по TM 43-0001-28 | 80 г |,checked_v162
ordnance-v29-ga-0140,M684,AMMUNITION,| Тип основного наполнения по TM 43-0001-28 | Composition A5 | ; | Масса основного наполнения по TM 43-0001-28 | 53 г |,checked_v162
ordnance-v29-ga-0141,M713,AMMUNITION,"| Тип основного наполнения по TM 43-0001-28 | Дымовое наполнение, красное; точная марка не дана | ; | Масса основного наполнения по TM 43-0001-28 | 75 г |",checked_v162
ordnance-v29-ga-0142,M715,AMMUNITION,"| Тип основного наполнения по TM 43-0001-28 | Дымовое наполнение, зелёное; точная марка не дана | ; | Масса основного наполнения по TM 43-0001-28 | 75 г |",checked_v162
ordnance-v29-ga-0143,M716,AMMUNITION,"| Тип основного наполнения по TM 43-0001-28 | Дымовое наполнение, жёлтое; точная марка не дана | ; | Масса основного наполнения по TM 43-0001-28 | 75 г |",checked_v162
ordnance-v29-ga-0144,M781,AMMUNITION,| Тип основного наполнения по TM 43-0001-28 | Оранжевый краситель | ; | Масса основного наполнения по TM 43-0001-28 | На выбранных страницах не приведена |,checked_v162
ordnance-v29-ga-0145,M918,AMMUNITION,| Тип основного наполнения по TM 43-0001-28 | Пиротехнический состав (Flash charge composition); точная марка не дана | ; | Масса основного наполнения по TM 43-0001-28 | 1 г |,checked_v162
ordnance-v29-ga-0146,M922,AMMUNITION,| Тип основного наполнения по TM 43-0001-28 | Полностью инертный учебный макет | ; | Масса основного наполнения по TM 43-0001-28 | Отдельное энергетическое наполнение не предусмотрено |,checked_v162
ordnance-v29-ga-0147,M922A1,AMMUNITION,| Тип основного наполнения по TM 43-0001-28 | Полностью инертный учебный макет | ; | Масса основного наполнения по TM 43-0001-28 | Отдельное энергетическое наполнение не предусмотрено |,checked_v162
ordnance-v29-ga-0148,M100 entry,AMMUNITION,| Тип основного / целевого наполнения | PBXN-109 | ; | Масса основного / целевого наполнения | 120 г |,checked_v165
ordnance-v29-ga-0149,M19A1 WP,AMMUNITION,"| Тип основного / целевого наполнения | Белый фосфор (WP) | ; | Масса основного / целевого наполнения | 8,5 oz (≈241,0 г) |",checked_v165
ordnance-v29-ga-0150,M22,AMMUNITION,"| Тип основного / целевого наполнения | Цветной дымовой состав; точная марка не дана | ; | Масса основного / целевого наполнения | 0,4 lb (≈0,181 кг) |",checked_v165
ordnance-v29-ga-0151,M22A2,AMMUNITION,"| Тип основного / целевого наполнения | Цветной дымовой состав; точная марка не дана | ; | Масса основного / целевого наполнения | 0,4 lb (≈0,181 кг) |",checked_v165
ordnance-v29-ga-0152,M23,AMMUNITION,"| Тип основного / целевого наполнения | Цветной дымовой состав; точная марка не дана | ; | Масса основного / целевого наполнения | 0,4 lb (≈0,181 кг) |",checked_v165
ordnance-v29-ga-0153,M23A1,AMMUNITION,"| Тип основного / целевого наполнения | Цветной дымовой состав; точная марка не дана | ; | Масса основного / целевого наполнения | 0,4 lb (≈0,181 кг) |",checked_v165
ordnance-v29-ga-0154,M31 HEAT,AMMUNITION,"| Тип основного / целевого наполнения | Composition B | ; | Масса основного / целевого наполнения | 9,92 oz (≈281,2 г) |",checked_v165
ordnance-v29-ga-0155,AN-M14,AMMUNITION,"| Тип основного / целевого наполнения | Зажигательное целевое наполнение; обозначения термит / TH3 в статье | ; | Масса основного / целевого наполнения | 26,5 oz (≈751,3 г) |",checked_v165
ordnance-v29-ga-0156,AN-M8,AMMUNITION,"| Тип основного / целевого наполнения | Дымовое HC (type C) | ; | Масса основного / целевого наполнения | 19 oz (≈538,6 г) |",checked_v165
ordnance-v29-ga-0157,M15 WP,AMMUNITION,"| Тип основного / целевого наполнения | Белый фосфор (WP) | ; | Масса основного / целевого наполнения | 15 oz (≈425,2 г) |",checked_v165
ordnance-v29-ga-0158,M18,AMMUNITION,"| Тип основного / целевого наполнения | Цветной дымовой состав; точная марка не дана | ; | Масса основного / целевого наполнения | 11,5 oz (≈326,0 г) |",checked_v165
ordnance-v29-ga-0159,M34,AMMUNITION,"| Тип основного / целевого наполнения | Белый фосфор (WP) | ; | Масса основного / целевого наполнения | 15 oz (≈425,2 г) |",checked_v165
ordnance-v29-ga-0160,M48,AMMUNITION,| Тип основного / целевого наполнения | Красный дымовой состав RS | ; | Масса основного / целевого наполнения | ≈165 г |,checked_v165
ordnance-v29-ga-0161,ABC-M25A1,AMMUNITION,| Тип основного / целевого наполнения | Раздражающее целевое наполнение; не основной осколочно-фугасный заряд | ; | Масса основного / целевого наполнения | В этом дополнении приведены внешние параметры |,checked_v166
ordnance-v29-ga-0162,ABC-M25A2,AMMUNITION,| Тип основного / целевого наполнения | Раздражающее целевое наполнение; несколько исполнений источника | ; | Масса основного / целевого наполнения | В этом дополнении приведены внешние параметры |,checked_v166
ordnance-v29-ga-0163,M111,AMMUNITION,"| Паспорт массы, размеров и основного ВВ M111 | Числовая масса изделия, размеры, марка и масса ВВ в сообщении не опубликованы |",checked_v181
ordnance-v29-ga-0164,M47,AMMUNITION,| Тип основного / целевого наполнения | Раздражающее пиротехническое целевое наполнение | ; | Масса основного / целевого наполнения | В этом дополнении приведены внешние параметры |,checked_v166
ordnance-v29-ga-0165,M58,AMMUNITION,| Тип основного / целевого наполнения | Раздражающее пиротехническое целевое наполнение | ; | Масса основного / целевого наполнения | В этом дополнении приведены внешние параметры |,checked_v166
ordnance-v29-ga-0166,M7,AMMUNITION,| Тип основного / целевого наполнения | Раздражающее пиротехническое целевое наполнение | ; | Масса основного / целевого наполнения | В этом дополнении приведены внешние параметры |,checked_v166
ordnance-v29-ga-0167,M7A1,AMMUNITION,| Тип основного / целевого наполнения | Раздражающее пиротехническое целевое наполнение | ; | Масса основного / целевого наполнения | В этом дополнении приведены внешние параметры |,checked_v166
ordnance-v29-ga-0168,M7A3,AMMUNITION,| Тип основного / целевого наполнения | Раздражающее целевое наполнение | ; | Масса основного / целевого наполнения | В этом дополнении приведены внешние параметры |,checked_v166
ordnance-v29-ga-0169,M84,AMMUNITION,"| Тип основного / целевого наполнения | Пиротехнический светозвуковой состав; точная марка не дана | ; | Масса основного / целевого наполнения | 3,5 г |",checked_v165
ordnance-v29-ga-0170,Mk 1 illuminating,AMMUNITION,"| Тип основного / целевого наполнения | Осветительный пиротехнический состав; точная марка не дана | ; | Масса основного / целевого наполнения | 3,5 oz (≈99,2 г) |",checked_v165
ordnance-v29-ga-0171,Mk 3A2,AMMUNITION,"| Тип ВВ основного наполнения | TNT (flaked) | ; | Масса ВВ основного наполнения | 8 oz (≈ 226,8 г) |",checked_v159
ordnance-v29-ga-0172,M26,AMMUNITION,"| Тип ВВ основного наполнения | Composition B | ; | Масса ВВ основного наполнения — M26 | 5,8 oz (≈ 164,4 г) |",checked_v158
ordnance-v29-ga-0173,M26A1,AMMUNITION,"| Тип ВВ основного наполнения | Composition B | ; | Масса ВВ основного наполнения — M26A1 | 5,5 oz (≈ 155,9 г) | ; | Дополнительное ВВ, отдельно перечисленное в Filler | Tetryl pellets | ; | Масса дополнительного ВВ по строке Filler | 0,3 oz (≈ 8,5 г) |",checked_v158
ordnance-v29-ga-0174,M26A2,AMMUNITION,"| Тип ВВ основного наполнения | Composition B | ; | Масса ВВ основного наполнения — M26A2 | 5,5 oz (≈ 155,9 г) | ; | Дополнительное ВВ, отдельно перечисленное в Filler | Tetryl pellets | ; | Масса дополнительного ВВ по строке Filler | 0,3 oz (≈ 8,5 г) |",checked_v158
ordnance-v29-ga-0175,M33,AMMUNITION,"| Тип ВВ основного наполнения | Composition B | ; | Масса ВВ основного наполнения — M33 | 6,5 oz (≈ 184,3 г) |",checked_v158
ordnance-v29-ga-0176,M33A1,AMMUNITION,"| Тип ВВ основного наполнения | Composition B | ; | Масса ВВ основного наполнения | 6,5 oz (≈ 184,3 г) |",checked_v159
ordnance-v29-ga-0177,M57,AMMUNITION,"| Тип ВВ основного наполнения | Composition B | ; | Масса ВВ основного наполнения — M57 | 5,5 oz (≈ 155,9 г) | ; | Дополнительное ВВ, отдельно перечисленное в Filler | Tetryl pellets | ; | Масса дополнительного ВВ по строке Filler | 0,3 oz (≈ 8,5 г) |",checked_v158
ordnance-v29-ga-0178,M59,AMMUNITION,"| Тип ВВ основного наполнения | Composition B | ; | Масса ВВ основного наполнения — M59 (M33A1) | 6,5 oz (≈ 184,3 г) |",checked_v158
ordnance-v29-ga-0179,M61,AMMUNITION,"| Тип ВВ основного наполнения | Composition B | ; | Масса ВВ основного наполнения — M61 | 5,5 oz (≈ 155,9 г) | ; | Дополнительное ВВ, отдельно перечисленное в Filler | Tetryl pellets | ; | Масса дополнительного ВВ по строке Filler | 0,3 oz (≈ 8,5 г) |",checked_v158
ordnance-v29-ga-0181,M68,AMMUNITION,"| Тип ВВ основного наполнения | Composition B | ; | Масса ВВ основного наполнения | 6,5 oz (≈ 184,3 г) |",checked_v159
ordnance-v29-ga-0182,Mk 2,AMMUNITION,"| Тип основного / целевого наполнения | TNT | ; | Масса основного / целевого наполнения | 2 oz (≈56,7 г) |",checked_v165
ordnance-v29-ga-0186,L97A1 practice,AMMUNITION,| Тип основного / целевого наполнения | Имитатор дымового целевого наполнения: коричная кислота (cinnamic acid) | ; | Масса основного / целевого наполнения | Отдельно не опубликована в выбранной статье |,checked_v165
ordnance-v29-ga-0187,M101 practice,AMMUNITION,| Тип основного / целевого наполнения | Основное боевое наполнение отсутствует в учебном M101 | ; | Масса основного / целевого наполнения | None — обозначение строки Filler and weight |,checked_v165
ordnance-v29-ga-0188,M29 practice,AMMUNITION,| Тип основного / целевого наполнения | Основной боевой заряд отсутствует в учебном M29 | ; | Масса основного / целевого наполнения | None — обозначение строки Charge |,checked_v165
ordnance-v29-ga-0189,M30 practice,AMMUNITION,"| Тип основного / целевого наполнения | Чёрный порох — учебное сигнальное наполнение | ; | Масса основного / целевого наполнения | 21 grains (≈1,36 г) |",checked_v165
ordnance-v29-ga-0190,M62 practice,AMMUNITION,"| Тип основного / целевого наполнения | Чёрный порох — учебное сигнальное наполнение | ; | Масса основного / целевого наполнения | 21 grains (≈1,36 г) |",checked_v165
ordnance-v29-ga-0191,M69 practice,AMMUNITION,| Тип основного / целевого наполнения | Основное наполнение отсутствует по строке Filler | ; | Масса основного / целевого наполнения | None — значение поля основного наполнения |,checked_v165
ordnance-v29-ga-0192,M83 practice,AMMUNITION,"| Тип основного / целевого наполнения | Дымовое наполнение на основе терефталевой кислоты (TA) | ; | Масса основного / целевого наполнения | 11 oz (≈311,8 г) |",checked_v165
ordnance-v29-ga-0193,Mk 1A1 practice,AMMUNITION,| Тип основного / целевого наполнения | Основное боевое наполнение отсутствует | ; | Масса основного / целевого наполнения | None — обозначение строки Filler |,checked_v165
ordnance-v29-ga-0194,HE 120,AMMUNITION,"| Основное наполнение по Kintex | TD-50; обозначение сохранено без расшифровки состава | ; | Масса основного наполнения TD-50 по Kintex | 1,36 кг |",checked_v191
ordnance-v29-ga-0195,PRACT 120,AMMUNITION,,checked_v170
ordnance-v29-ga-0196,120 mm BAE mortar family,AMMUNITION,"| Полная масса, наружные размеры и масса основного ВВ 120-мм модели | При текущей сверке не установлены |",checked_v188
ordnance-v29-ga-0197,81 mm BAE mortar family,AMMUNITION,| Тип основного / целевого наполнения | L41: состав на основе RDX / TNT; L54 / L58: осветительное; RO 04-04: дымовое на основе красного фосфора | ; | Масса основного / целевого наполнения | Масса чистого основного наполнения каждого варианта отдельно не установлена указанными полями NEC / net energetic content |,checked_v196
ordnance-v29-ga-0198,120 мм Nammo HE,AMMUNITION,"| Тип взрывчатого наполнения | TNT | ; | Масса взрывчатого наполнения | 2,0 кг |",checked_v158
ordnance-v29-ga-0199,120 мм Nammo illuminating,AMMUNITION,| Тип наполнения по назначению | Осветительное | ; | Химический состав осветительного наполнения | В выбранном паспорте не указан | ; | Масса осветительного наполнения | В выбранном паспорте не приведена |,checked_v159
ordnance-v29-ga-0200,120 мм Nammo IR-smoke,AMMUNITION,| Тип дымообразующего наполнения — Payload | Красный фосфор (Red phosphorus) | ; | Масса дымообразующего наполнения | В выбранном паспорте не приведена |,checked_v159
ordnance-v29-ga-0201,120 мм Nammo practice,AMMUNITION,| Наполнение по Nammo 2024 | Учебно-практическое изделие с пиротехнической сигнатурой; точная марка состава не дана | ; | Масса отдельного наполнения по Nammo 2024 | На выбранной странице отдельно не приведена |,checked_v163
ordnance-v29-ga-0202,60 мм Nammo practice,AMMUNITION,| Наполнение по Nammo 2024 | Учебно-практическое изделие с пиротехнической сигнатурой; точная марка состава не дана | ; | Масса отдельного наполнения по Nammo 2024 | На выбранной странице отдельно не приведена |,checked_v163
ordnance-v29-ga-0203,81 мм Nammo HE,AMMUNITION,"| Тип взрывчатого наполнения | TNT | ; | Масса взрывчатого наполнения | 0,7 кг |",checked_v158
ordnance-v29-ga-0204,81 мм Nammo illuminating,AMMUNITION,| Тип наполнения по назначению | Осветительное | ; | Химический состав осветительного наполнения | В выбранном паспорте не указан | ; | Масса осветительного наполнения | В выбранном паспорте не приведена |,checked_v159
ordnance-v29-ga-0205,81 мм Nammo IR-smoke,AMMUNITION,| Тип дымообразующего наполнения — Payload | Красный фосфор (Red phosphorus) | ; | Масса дымообразующего наполнения | В выбранном паспорте не приведена |,checked_v159
ordnance-v29-ga-0206,81 мм Nammo practice,AMMUNITION,| Наполнение по Nammo 2024 | Учебно-практическое изделие с пиротехнической сигнатурой; точная марка состава не дана | ; | Масса отдельного наполнения по Nammo 2024 | На выбранной странице отдельно не приведена |,checked_v163
ordnance-v29-ga-0207,RAK 120 мм illumination,AMMUNITION,| Тип основного / целевого наполнения | Осветительное целевое наполнение; марка не указана | ; | Масса основного / целевого наполнения | Отдельно не опубликована в выбранной таблице |,checked_v167
ordnance-v29-ga-0208,RAK 120 мм smoke,AMMUNITION,| Тип основного / целевого наполнения | Дымовое целевое наполнение; марка не указана | ; | Масса основного / целевого наполнения | Отдельно не опубликована в выбранной таблице |,checked_v167
ordnance-v29-ga-0209,RAK-HE-1 120 мм,AMMUNITION,| Тип основного / целевого наполнения | TNT — только безымянное 120-мм HE в семейной таблице | ; | Масса основного / целевого наполнения | Отдельно не опубликована в выбранной таблице |,checked_v167
ordnance-v29-ga-0210,120 мм M929,AMMUNITION,"| Тип основного / целевого наполнения | Белый фосфор в целевых войлочных элементах (WP felt wedges) | ; | Масса основного / целевого наполнения | 2 400 г (5,28 lb) |",checked_v165
ordnance-v29-ga-0211,120 мм M930,AMMUNITION,"| Тип основного / целевого наполнения | Осветительное целевое наполнение; марка не дана | ; | Масса основного / целевого наполнения | 1 200 г (2,65 lb в исходной таблице) |",checked_v166
ordnance-v29-ga-0212,120 мм M931,AMMUNITION,| Тип основного / целевого наполнения | Основное боевое наполнение отсутствует; полое тело | ; | Масса основного / целевого наполнения | None (hollow body) |,checked_v166
ordnance-v29-ga-0213,120 мм M933,AMMUNITION,"| Тип ВВ основного наполнения | Composition B | ; | Масса ВВ основного наполнения | 6,59 lb (2,99 кг — метрическое значение источника) |",checked_v158
ordnance-v29-ga-0214,120 мм M934A1,AMMUNITION,"| Тип основного / целевого наполнения | Composition B | ; | Масса основного / целевого наполнения | 2,99 кг (6,59 lb) |",checked_v165
ordnance-v29-ga-0215,120 мм M983,AMMUNITION,"| Тип основного / целевого наполнения | Инфракрасное осветительное целевое наполнение; марка не дана | ; | Масса основного / целевого наполнения | 1 200 г (2,65 lb в исходной таблице) |",checked_v166
ordnance-v29-ga-0216,120 мм M57,AMMUNITION,"| Тип основного / целевого наполнения | TNT — основное ВВ M57 | ; | Масса основного / целевого наполнения | 2 100 г (4,63 lb в таблице) |",checked_v167
ordnance-v29-ga-0217,120 мм M68,AMMUNITION,"| Тип основного / целевого наполнения | Белый фосфор — целевое дымовое наполнение M68 | ; | Масса основного / целевого наполнения | 2 030 г (4,47 lb в таблице) |",checked_v167
ordnance-v29-ga-0218,120 мм M91,AMMUNITION,"| Тип основного / целевого наполнения | Осветительное целевое наполнение M91; марка не дана | ; | Масса основного / целевого наполнения | 1 200 г (2,65 lb в таблице) |",checked_v167
ordnance-v29-ga-0221,120 мм M934,AMMUNITION,"| Тип ВВ основного наполнения | Composition B | ; | Масса ВВ основного наполнения | 6,59 lb (2,99 кг — метрическое значение источника) |",checked_v158
ordnance-v29-ga-0223,120 мм XM930,AMMUNITION,"| Поздний M930: масса основного осветительного наполнения | 2,65 lb; в источнике 1200 г. Не масса ВВ осколочно-фугасной мины |",checked_v175
ordnance-v29-ga-0224,4.2-inch M2,AMMUNITION,,checked_v170
ordnance-v29-ga-0225,4.2-inch M2A1,AMMUNITION,,checked_v170
ordnance-v29-ga-0226,4.2-inch M3,AMMUNITION,"| Тип ВВ основного наполнения | TNT | ; | Масса ВВ основного наполнения | 7,80 lb (≈ 3,538 кг) | ; | Тип ВВ дополнительного наполнения — Supplementary charge | TNT | ; | Масса ВВ дополнительного наполнения — Supplementary charge | 0,365 lb (≈ 165,6 г) |",checked_v159
ordnance-v29-ga-0227,4.2-inch M328,AMMUNITION,"| Тип дымового наполнения | Белый фосфор (WP) | ; | Масса дымового наполнения — M328 | 7,5 lb (≈3401,9 г) | ; | Масса дополнительного ВВ | В выбранной таблице не приведена |",checked_v161
ordnance-v29-ga-0228,4.2-inch M328A1,AMMUNITION,"| Тип дымового наполнения | Белый фосфор (WP) | ; | Масса дымового наполнения — M328A1 | 8,4 lb (≈3810,2 г) | ; | Масса дополнительного ВВ | В выбранной таблице не приведена |",checked_v161
ordnance-v29-ga-0229,4.2-inch M329,AMMUNITION,"| Тип ВВ основного наполнения | TNT | ; | Масса ВВ основного наполнения | 7,08 lb (≈ 3,211 кг) | ; | Тип ВВ дополнительного наполнения — Supplementary charge | TNT | ; | Масса ВВ дополнительного наполнения — Supplementary charge | 0,365 lb (≈ 165,6 г) |",checked_v159
ordnance-v29-ga-0230,4.2-inch M329A1,AMMUNITION,"| Тип ВВ основного наполнения | TNT | ; | Масса ВВ основного наполнения | 7,08 lb (3,21 кг — метрическое значение источника) | ; | Тип ВВ дополнительного наполнения — Supplementary charge | TNT | ; | Масса ВВ дополнительного наполнения — Supplementary charge | 0,365 lb (≈ 165,6 г) |",checked_v159
ordnance-v29-ga-0231,4.2-inch M329A2,AMMUNITION,"| Тип ВВ основного наполнения | Composition B | ; | Масса ВВ основного наполнения | 5,75 lb (2,61 кг — метрическое значение источника) | ; | Тип ВВ дополнительного наполнения по описанию | TNT | ; | Масса ВВ дополнительного наполнения | В выбранной таблице не приведена |",checked_v159
ordnance-v29-ga-0232,4.2-inch M329B1,AMMUNITION,"| Тип ВВ основного наполнения | TNT | ; | Масса ВВ основного наполнения | 7,08 lb (≈ 3,211 кг) | ; | Тип ВВ дополнительного наполнения — Supplementary charge | TNT | ; | Масса ВВ дополнительного наполнения — Supplementary charge | 0,365 lb (≈ 165,6 г) |",checked_v159
ordnance-v29-ga-0233,4.2-inch M335,AMMUNITION,"| Тип осветительного наполнения | Illuminant / Illuminating; точное обозначение состава не приведено | ; | Масса осветительного наполнения | 3,31 lb (≈1501,4 г) | ; | Тип дополнительного пиротехнического наполнения | Чёрный порох (BP) | ; | Масса дополнительного пиротехнического наполнения | 0,18 lb (≈81,6 г) |",checked_v161
ordnance-v29-ga-0234,4.2-inch M335A1,AMMUNITION,"| Тип осветительного наполнения | Illuminant / Illuminating; точное обозначение состава не приведено | ; | Масса осветительного наполнения | 3,31 lb (≈1501,4 г) | ; | Тип дополнительного пиротехнического наполнения | Чёрный порох (BP) | ; | Масса дополнительного пиротехнического наполнения | 0,18 lb (≈81,6 г) |",checked_v161
ordnance-v29-ga-0235,4.2-inch M335A2,AMMUNITION,"| Тип осветительного наполнения | Illuminant / Illuminating; точное обозначение состава не приведено | ; | Масса осветительного наполнения | 3,31 lb (≈1501,4 г) | ; | Тип дополнительного пиротехнического наполнения | Чёрный порох (BP) | ; | Масса дополнительного пиротехнического наполнения | 0,18 lb (≈81,6 г) |",checked_v161
ordnance-v29-ga-0236,4.2-inch M3A1,AMMUNITION,"| Тип ВВ основного наполнения | TNT | ; | Масса ВВ основного наполнения | 7,80 lb (≈ 3,538 кг) | ; | Тип ВВ дополнительного наполнения — Supplementary charge | TNT | ; | Масса ВВ дополнительного наполнения — Supplementary charge | 0,365 lb (≈ 165,6 г) |",checked_v159
ordnance-v29-ga-0237,4.2-inch M630,AMMUNITION,,checked_v170
ordnance-v29-ga-0238,60 мм M1061,AMMUNITION,| Тип основного / целевого наполнения | PBXN-110 — основное ВВ M1061 | ; | Масса основного / целевого наполнения | 254 г |,checked_v196
ordnance-v29-ga-0239,60 мм M720A1,AMMUNITION,"| Тип ВВ основного наполнения | PAX-21 | ; | Масса ВВ основного наполнения | 0,79 lb (≈ 358,3 г) |",checked_v158
ordnance-v29-ga-0240,60 мм M721,AMMUNITION,| Тип основного / целевого наполнения | Осветительное целевое наполнение; марка не дана | ; | Масса основного / целевого наполнения | Отдельно не опубликована в выбранной статье |,checked_v165
ordnance-v29-ga-0241,60 мм M722A1,AMMUNITION,| Тип основного / целевого наполнения | Белый фосфор — целевое дымовое наполнение | ; | Масса основного / целевого наполнения | Отдельно не опубликована в выбранном разделе |,checked_v166
ordnance-v29-ga-0242,60 мм M767,AMMUNITION,| Тип основного / целевого наполнения | Инфракрасное осветительное наполнение; марка не дана | ; | Масса основного / целевого наполнения | Отдельно не опубликована в выбранной статье |,checked_v165
ordnance-v29-ga-0243,60 мм M768,AMMUNITION,"| Тип основного / целевого наполнения | PAX-21 | ; | Масса основного / целевого наполнения | 0,79 lb (≈0,358 кг) |",checked_v165
ordnance-v29-ga-0244,60 мм M769,AMMUNITION,| Тип основного / целевого наполнения | Основное боевое наполнение отсутствует; полое тело | ; | Масса основного / целевого наполнения | None (hollow body) |,checked_v166
ordnance-v29-ga-0245,60 мм M888,AMMUNITION,"| Тип основного / целевого наполнения | Composition B | ; | Масса основного / целевого наполнения | 0,79 lb (≈0,358 кг) |",checked_v165
ordnance-v29-ga-0246,60 мм M302,AMMUNITION,"| Тип дымового наполнения | Белый фосфор (WP) | ; | Масса дымового наполнения | 0,75 lb (≈340,2 г) | ; | Тип дополнительного ВВ | Tetryl | ; | Масса дополнительного ВВ | 0,38 oz (≈10,77 г) |",checked_v161
ordnance-v29-ga-0247,60 мм M302A1,AMMUNITION,"| Тип дымового наполнения | Белый фосфор (WP) | ; | Масса дымового наполнения | 0,75 lb (≈340,2 г) | ; | Тип дополнительного ВВ | Tetryl | ; | Масса дополнительного ВВ | 0,38 oz (≈10,77 г) |",checked_v161
ordnance-v29-ga-0248,60 мм M302A2,AMMUNITION,"| Тип дымового наполнения | Белый фосфор (WP) | ; | Масса дымового наполнения | 0,75 lb (≈340,2 г) | ; | Тип дополнительного ВВ | Tetryl | ; | Масса дополнительного ВВ | 0,38 oz (≈10,77 г) |",checked_v161
ordnance-v29-ga-0249,60 мм M49A2,AMMUNITION,"| Тип ВВ основного наполнения — M49A2 | TNT | ; | Масса ВВ основного наполнения — M49A2 | 0,34 lb (≈ 154,2 г) |",checked_v159
ordnance-v29-ga-0250,60 мм M49A3,AMMUNITION,"| Тип ВВ основного наполнения — M49A3 | Composition B | ; | Масса ВВ основного наполнения — M49A3 | 0,42 lb (≈ 190,5 г) |",checked_v159
ordnance-v29-ga-0251,60 мм M49A4,AMMUNITION,"| Тип ВВ основного наполнения | Composition B | ; | Масса ВВ основного наполнения | 0,42 lb (≈ 190,5 г) |",checked_v159
ordnance-v29-ga-0252,60 мм M49A5,AMMUNITION,"| Тип ВВ основного наполнения | Composition B | ; | Масса ВВ основного наполнения | 0,79 lb (≈ 358,3 г) |",checked_v159
ordnance-v29-ga-0253,60 мм M50A3,AMMUNITION,"| Тип основного наполнения | Инертное; в описании — гипсовый наполнитель | ; | Масса инертного наполнения | 0,29 lb (≈131,5 г) | ; | Тип дополнительного пиротехнического наполнения | Чёрный порох (black powder) | ; | Масса дополнительного пиротехнического наполнения по таблице | 0,55 lb (≈249,5 г) |",checked_v161
ordnance-v29-ga-0254,60 мм M69,AMMUNITION,| Основное наполнение корпуса | Инертное учебное изделие | ; | Масса отдельного наполнения | На выбранной странице не указана |,checked_v161
ordnance-v29-ga-0255,60 мм M720,AMMUNITION,"| Тип ВВ основного наполнения | Composition B | ; | Масса ВВ основного наполнения | 0,42 lb (≈ 190,5 г) |",checked_v158
ordnance-v29-ga-0257,60 мм M722,AMMUNITION,| Тип дымового наполнения | Белый фосфор (WP) | ; | Масса дымового наполнения | В таблице 4-13 не приведена | ; | Масса дополнительного ВВ | На выбранных страницах не приведена |,checked_v161
ordnance-v29-ga-0259,60 мм M83A1,AMMUNITION,"| Тип осветительного наполнения | Illuminant; точное обозначение состава не приведено | ; | Масса осветительного наполнения по совместной таблице | 0,49 lb (≈222,3 г) |",checked_v161
ordnance-v29-ga-0260,60 мм M83A2,AMMUNITION,"| Тип осветительного наполнения | Illuminant; точное обозначение состава не приведено | ; | Масса осветительного наполнения по совместной таблице | 0,49 lb (≈222,3 г) |",checked_v161
ordnance-v29-ga-0261,60 мм M83A3,AMMUNITION,"| Тип осветительного наполнения | Illuminant; точное обозначение состава не приведено | ; | Масса осветительного наполнения по совместной таблице | 0,49 lb (≈222,3 г) |",checked_v161
ordnance-v29-ga-0263,81 мм M816,AMMUNITION,"| Тип основного / целевого наполнения | Инфракрасное осветительное наполнение; точная марка не дана | ; | Масса основного / целевого наполнения | 2,99 кг — строка Filler and weight |",checked_v165
ordnance-v29-ga-0264,81 мм M819,AMMUNITION,"| Тип основного / целевого наполнения | Дымовое наполнение на основе красного фосфора | ; | Масса основного / целевого наполнения | 1,2 кг (2,6 lb в таблице) |",checked_v165
ordnance-v29-ga-0265,81 мм M821A2,AMMUNITION,"| M821A2 / M889A2: основное ВВ по портфелю 2012–2013 | Composition B | ; | M821A2 / M889A2: масса основного ВВ по портфелю 2012–2013 | Около 2 lb (≈0,907 кг) |",checked_v171
ordnance-v29-ga-0266,81 мм M821A4,AMMUNITION,| Тип основного / целевого наполнения | IMX-104 — основное ВВ M821A4 | ; | Масса основного / целевого наполнения | Отдельно не опубликована в выбранной таблице |,checked_v167
ordnance-v29-ga-0267,81 мм M853A1,AMMUNITION,"| Тип основного / целевого наполнения | Осветительное целевое наполнение; точная марка не дана | ; | Масса основного / целевого наполнения | 0,6 кг (1,4 lb в таблице) |",checked_v165
ordnance-v29-ga-0268,81 мм M879,AMMUNITION,"| Наполнение / материал по TM 43-0001-28 | Hydrocal — инертное заполнение тела снаряда | ; | Масса отдельного наполнения по TM 43-0001-28 | 2,05 lb (≈929,9 г) |",checked_v163
ordnance-v29-ga-0269,81 мм M889A1,AMMUNITION,"| Тип ВВ основного наполнения | Composition B | ; | Масса ВВ основного наполнения | 2,05 lb (≈ 929,9 г) |",checked_v158
ordnance-v29-ga-0270,81 мм M889A2,AMMUNITION,"| Тип основного / целевого наполнения | Composition B — отдельно CA43 M889A2 | ; | Масса основного / целевого наполнения | Около 2 lb (≈0,907 кг), общая строка серии |",checked_v167
ordnance-v29-ga-0271,81 мм M301A1,AMMUNITION,"| Тип осветительного наполнения | Illuminating; точное обозначение состава не приведено | ; | Масса осветительного наполнения по совместной таблице | 1,37 lb (≈621,4 г) |",checked_v161
ordnance-v29-ga-0272,81 мм M301A2,AMMUNITION,"| Тип осветительного наполнения | Illuminating; точное обозначение состава не приведено | ; | Масса осветительного наполнения по совместной таблице | 1,37 lb (≈621,4 г) |",checked_v161
ordnance-v29-ga-0273,81 мм M301A3,AMMUNITION,"| Тип осветительного наполнения | Illuminating; точное обозначение состава не приведено | ; | Масса осветительного наполнения | 1,37 lb (≈621,4 г) |",checked_v161
ordnance-v29-ga-0274,81 мм M362,AMMUNITION,"| Тип ВВ основного наполнения | Composition B | ; | Масса ВВ основного наполнения | 2,10 lb (≈ 952,5 г) |",checked_v159
ordnance-v29-ga-0275,81 мм M362A1,AMMUNITION,"| Тип ВВ основного наполнения | Composition B | ; | Масса ВВ основного наполнения | 2,10 lb (≈ 952,5 г) |",checked_v159
ordnance-v29-ga-0276,81 мм M370,AMMUNITION,"| Тип основного / целевого наполнения | Белый фосфор — целевое дымовое наполнение | ; | Масса основного / целевого наполнения | 1,6 lb (≈0,726 кг) |",checked_v166
ordnance-v29-ga-0277,81 мм M374,AMMUNITION,"| Тип ВВ основного наполнения | Composition B | ; | Масса ВВ основного наполнения | 2,10 lb (≈ 952,5 г) |",checked_v159
ordnance-v29-ga-0278,81 мм M374A2,AMMUNITION,"| Тип ВВ основного наполнения | Composition B | ; | Масса ВВ основного наполнения | 2,10 lb (≈ 952,5 г) |",checked_v159
ordnance-v29-ga-0279,81 мм M374A3,AMMUNITION,"| Тип ВВ основного наполнения | Composition B | ; | Масса ВВ основного наполнения | 2,10 lb (≈ 952,5 г) |",checked_v159
ordnance-v29-ga-0280,81 мм M375,AMMUNITION,"| Тип дымового наполнения | Белый фосфор (WP) | ; | Масса дымового наполнения | 1,6 lb (≈725,7 г) | ; | Масса дополнительного ВВ | На выбранных страницах не приведена |",checked_v161
ordnance-v29-ga-0281,81 мм M375A1,AMMUNITION,"| Тип дымового наполнения | Белый фосфор (WP) | ; | Масса дымового наполнения | 1,6 lb (≈725,7 г) | ; | Масса дополнительного ВВ | На выбранных страницах не приведена |",checked_v161
ordnance-v29-ga-0282,81 мм M375A2,AMMUNITION,"| Тип дымового наполнения | Белый фосфор (WP) | ; | Масса дымового наполнения | 1,6 lb (≈725,7 г) | ; | Масса дополнительного ВВ | На выбранных страницах не приведена |",checked_v161
ordnance-v29-ga-0283,81 мм M375A3,AMMUNITION,"| Тип дымового наполнения | Белый фосфор (WP) | ; | Масса дымового наполнения | 1,6 lb (≈725,7 г) | ; | Масса дополнительного ВВ | На выбранных страницах не приведена |",checked_v161
ordnance-v29-ga-0284,81 мм M43A1,AMMUNITION,"| Тип ВВ основного наполнения | Composition B | ; | Масса ВВ основного наполнения | 1,29 lb (≈ 585,1 г) |",checked_v159
ordnance-v29-ga-0285,81 мм M43A1B1,AMMUNITION,"| Тип ВВ основного наполнения | Composition B | ; | Масса ВВ основного наполнения | 1,29 lb (≈ 585,1 г) |",checked_v159
ordnance-v29-ga-0286,81 мм M445,AMMUNITION,"| Тип основного / целевого наполнения | Инертный стальной балласт учебного M445 | ; | Масса основного / целевого наполнения | 2,19 lb (≈0,993 кг) — масса балласта |",checked_v165
ordnance-v29-ga-0287,81 мм M57,AMMUNITION,"| Тип дымового наполнения — исполнение WP | Белый фосфор (WP) | ; | Масса дымового наполнения — исполнение WP | 4,06 lb (≈1841,6 г) | ; | Тип дополнительного ВВ — исполнение WP | Tetryl | ; | Масса дополнительного ВВ — исполнение WP | 0,08 lb (≈36,3 г) |",checked_v161
ordnance-v29-ga-0288,81 мм M57A1,AMMUNITION,"| Тип дымового наполнения — исполнение WP | Белый фосфор (WP) | ; | Масса дымового наполнения — исполнение WP | 4,06 lb (≈1841,6 г) | ; | Тип дополнительного ВВ — исполнение WP | Tetryl | ; | Масса дополнительного ВВ — исполнение WP | 0,08 lb (≈36,3 г) |",checked_v161
ordnance-v29-ga-0289,81 мм M68,AMMUNITION,| Основное наполнение корпуса | Inert — инертное | ; | Масса отдельного инертного наполнения | В строке Filler and weight не дана |,checked_v161
ordnance-v29-ga-0292,81 мм M821,AMMUNITION,"| Тип ВВ основного наполнения | RDX/TNT | ; | Масса ВВ основного наполнения | 1,6 lb (≈ 725,7 г) |",checked_v158
ordnance-v29-ga-0293,81 мм M821E1,AMMUNITION,| Отдельная масса и марка основного наполнения E1 | На странице ARDEC не опубликованы |,checked_v175
ordnance-v29-ga-0296,81 мм M880,AMMUNITION,| Тип основного / целевого наполнения | Полое тело; основное боевое ВВ отсутствует по источнику | ; | Масса основного / целевого наполнения | None (hollow body) |,checked_v165
ordnance-v29-ga-0297,81 мм M889,AMMUNITION,"| Тип ВВ основного наполнения | RDX/TNT | ; | Масса ВВ основного наполнения | 1,6 lb (≈ 725,7 г) |",checked_v158
ordnance-v29-ga-0298,81 мм M889E1,AMMUNITION,| Отдельная масса и марка основного наполнения E1 | На странице ARDEC не опубликованы |,checked_v175
ordnance-v29-ga-0299,120 мм MKE mortar family,AMMUNITION,"| Тип основного / целевого наполнения | MOD 209 и MOD 308: TNT; MOD 250: HC; MOD 236 A1: осветительное наполнение; MOD 228: Sorel cement; MOD 227: песок и стружка | ; | Масса основного / целевого наполнения | MOD 209: ≈4,24 кг; MOD 308: ≈2,85 кг; остальные отдельно не указаны |",checked_v168
ordnance-v29-ga-0300,60 мм MKE mortar family,AMMUNITION,| Тип основного / целевого наполнения | M49 A2: TNT; MOD 260: Composition B; MOD 257: Sorel cement; MOD 256: песок и древесная стружка | ; | Масса основного / целевого наполнения | M49 A2: ≈170 г; MOD 260: ≈145 г; инертный наполнитель MOD 257: ≈170 г; MOD 256: не дана |,checked_v168
ordnance-v29-ga-0301,81 мм MKE mortar family,AMMUNITION,| Тип основного / целевого наполнения | MOD 214: TNT; MOD 238: Sorel cement; MOD 239: песок и древесная стружка; M301 A2: осветительное наполнение | ; | Масса основного / целевого наполнения | MOD 214: ≈800 г; для остальных в этой таблице отдельно не дана |,checked_v168
ordnance-v29-ga-0302,120 мм мина совместного производства — индекс не опубликован,AMMUNITION,"| Полная масса, наружные размеры и масса основного ВВ | В прочитанной публикации не опубликованы |",checked_v188
ordnance-v29-ga-0303,120 mm mortar family KNDS,AMMUNITION,"| Тип основного / целевого наполнения | Composition B — только пример M530A2 | ; | Масса основного / целевого наполнения | 2,5 кг |",checked_v196
ordnance-v29-ga-0304,MAPAM 60 мм,AMMUNITION,"| Тип основного / целевого наполнения | PBXN-110 или Composition B; альтернативы по листку GD-OTS Canada, 2-2015 | ; | Масса основного / целевого наполнения | 317 г по листку GD-OTS Canada, 2-2015 |",checked_v196
ordnance-v29-ga-0305,MAPAM 81 мм,AMMUNITION,| Тип основного / целевого наполнения | Осколочно-фугасное малочувствительное наполнение; точная марка не названа | ; | Масса основного / целевого наполнения | Отдельно не опубликована в выбранной статье |,checked_v165
ordnance-v29-ga-0306,THOR 120 мм,AMMUNITION,"| Тип основного / целевого наполнения | PBXN-110 IM — по пресс-релизу Saab от 12.09.2017 | ; | Масса основного / целевого наполнения | 3,4 кг PBXN-110 — по пресс-релизу Saab от 12.09.2017 |",checked_v197
ordnance-v29-ga-0371,M18A1,AMMUNITION,"| Тип основного / целевого наполнения | Composition C4; таблица печатает Comp 4 | ; | Масса основного / целевого наполнения | Не подтверждена однозначно: таблица даёт 682 г и 1,6 lb |",checked_v165
ordnance-v29-ga-0377,M86,AMMUNITION,| Тип основного / целевого наполнения | Composition A5 | ; | Масса основного / целевого наполнения | Точная масса не установлена: исходная таблица содержит 21 gr в колонке AV |,checked_v165
ordnance-v29-ga-0384,M56 mine dispensing subsystem,AMMUNITION,"| Тип основного / целевого наполнения | H6 — основное ВВ внутренних противотанковых мин | ; | Масса основного / целевого наполнения | По одному внутреннему изделию: 3,0 lb (≈1,361 кг) — таблица продолжения |",checked_v195
ordnance-v29-ga-0385,M87 Volcano,AMMUNITION,"| Тип основного / целевого наполнения | RDX / Estane — основное ВВ AT; Composition B4 — основное ВВ AP | ; | Масса основного / целевого наполнения | Одно AT: 0,59 кг; одно AP: 0,40 кг |",checked_v165
ordnance-v29-ga-0386,M88 Volcano,AMMUNITION,| Тип основного / целевого наполнения | Инертное основное наполнение шести учебных макетов | ; | Масса основного / целевого наполнения | Основное боевое ВВ макетов отсутствует |,checked_v165
ordnance-v29-ga-0387,Spider XM10,AMMUNITION,"| Масса изделия, внешние размеры, масса ВВ | В открытой строке не опубликованы |",checked_v181
ordnance-v29-ga-0388,Spider XM332,AMMUNITION,"| Масса изделия, внешние размеры, масса ВВ | В открытой строке не опубликованы |",checked_v181
ordnance-v29-ga-0389,Spider XM8,AMMUNITION,"| Масса изделия, внешние размеры, масса ВВ | В открытой строке не опубликованы |",checked_v181
ordnance-v29-ga-0390,Spider XM9,AMMUNITION,"| Масса изделия, внешние размеры, масса ВВ | В открытой строке не опубликованы |",checked_v181
ordnance-v29-ga-0391,Spider XM96,AMMUNITION,"| Масса изделия, внешние размеры, масса ВВ | В открытой строке не опубликованы |",checked_v181
ordnance-v29-ga-0392,XM204 Wide Area Top Attack Munition,AMMUNITION,"| Масса изделия, внешние размеры, масса ВВ | В открытой строке не опубликованы |",checked_v181
ordnance-v29-ga-0393,XM94 SLAM,AMMUNITION,"| XM94: длина, ширина, высота и отдельное основное ВВ | На этой странице не опубликованы |",checked_v176
ordnance-v29-ga-0394,M10 practice,AMMUNITION,| Тип основного / целевого наполнения | Инертное основное наполнение / балласт; учебные дополнительные компоненты отдельно | ; | Масса основного / целевого наполнения | Основное боевое ВВ отсутствует в описанном учебном исполнении |,checked_v165
ordnance-v29-ga-0395,M12 practice series,AMMUNITION,| Тип основного / целевого наполнения | Инертное основное наполнение / балласт; учебные дополнительные компоненты отдельно | ; | Масса основного / целевого наполнения | Основное боевое ВВ отсутствует в описанном учебном исполнении |,checked_v165
ordnance-v29-ga-0396,M16A1 inert,AMMUNITION,"| Тип основного / целевого наполнения | Инертное учебное исполнение, взрывчатые компоненты отсутствуют по описанию | ; | Масса основного / целевого наполнения | Основное боевое ВВ отсутствует в описанном учебном исполнении |",checked_v195
ordnance-v29-ga-0397,M20 practice,AMMUNITION,| Тип основного / целевого наполнения | Инертный основной балласт; учебное сигнальное наполнение отдельно | ; | Масса основного / целевого наполнения | Основное боевое ВВ отсутствует в описанном учебном исполнении |,checked_v165
ordnance-v29-ga-0398,M35 practice,AMMUNITION,| Тип основного / целевого наполнения | Инертное основное наполнение; дополнительный учебный патрон отдельно | ; | Масса основного / целевого наполнения | Основное боевое ВВ отсутствует в описанном учебном исполнении |,checked_v165
ordnance-v29-ga-0399,M68 practice,AMMUNITION,| Тип основного / целевого наполнения | Инертный учебный аналог M18; основное боевое ВВ отсутствует | ; | Масса основного / целевого наполнения | Основное боевое ВВ отсутствует в описанном учебном исполнении |,checked_v165
ordnance-v29-ga-0400,M69 practice,AMMUNITION,| Тип основного / целевого наполнения | Инертная боевая часть учебной ракеты; энергетические компоненты двигателя отдельно | ; | Масса основного / целевого наполнения | Основное боевое ВВ отсутствует в описанном учебном исполнении |,checked_v195
ordnance-v29-ga-0401,M79 practice,AMMUNITION,| Тип основного / целевого наполнения | Инертное учебное исполнение по строке explosive weight per mine | ; | Масса основного / целевого наполнения | Основное боевое ВВ отсутствует в описанном учебном исполнении |,checked_v165
ordnance-v29-ga-0402,M8 practice,AMMUNITION,| Тип основного / целевого наполнения | Инертное основное наполнение учебного корпуса; сигнальное оснащение отдельно | ; | Масса основного / целевого наполнения | Основное боевое ВВ отсутствует в описанном учебном исполнении |,checked_v165
ordnance-v29-ga-0403,M80 practice,AMMUNITION,| Тип основного / целевого наполнения | Полностью инертные мина и учебный взрыватель по описанию | ; | Масса основного / целевого наполнения | Основное боевое ВВ отсутствует в описанном учебном исполнении |,checked_v165
ordnance-v29-ga-0404,M81 practice,AMMUNITION,"| Тип основного / целевого наполнения | Инертное учебное исполнение, взрывчатые компоненты отсутствуют по описанию | ; | Масса основного / целевого наполнения | Основное боевое ВВ отсутствует в описанном учебном исполнении |",checked_v195
ordnance-v29-ga-0405,M8A1 practice,AMMUNITION,| Тип основного / целевого наполнения | Инертное основное наполнение учебного корпуса; сигнальное оснащение отдельно | ; | Масса основного / целевого наполнения | Основное боевое ВВ отсутствует в описанном учебном исполнении |,checked_v165
ordnance-v29-ga-0406,120 мм IM Canister,AMMUNITION,| Наполнение по Nammo 2024 | Металлическая полезная нагрузка (вольфрам); не основное ВВ | ; | Масса отдельного наполнения по Nammo 2024 | На выбранной странице отдельно не приведена |,checked_v163
ordnance-v29-ga-0407,120 мм IM HE-T,AMMUNITION,| Наполнение по Nammo 2024 | Взрывчатое наполнение по описанию изделия; точная марка состава не указана | ; | Масса отдельного наполнения по Nammo 2024 | На выбранной странице отдельно не приведена |,checked_v163
ordnance-v29-ga-0408,120 мм IM TP-T,AMMUNITION,| Наполнение по Nammo 2024 | Инертный учебный снаряд (по описанию); энергетические компоненты полной сборки отдельно | ; | Масса отдельного наполнения по Nammo 2024 | На выбранной странице отдельно не приведена |,checked_v163
ordnance-v29-ga-0409,120 мм KE-TP,AMMUNITION,| Наполнение по Nammo 2024 | Кинетический снаряд; отдельное основное ВВ на странице не указано | ; | Масса отдельного наполнения по Nammo 2024 | На выбранной странице отдельно не приведена |,checked_v163
ordnance-v29-ga-0410,20×102 MP LD M70,AMMUNITION,| Наполнение по Nammo 2024 | Взрывчатое наполнение по описанию изделия; точная марка состава не указана | ; | Масса отдельного наполнения по Nammo 2024 | На выбранной странице отдельно не приведена |,checked_v163
ordnance-v29-ga-0411,20×102 MP LD M70A1,AMMUNITION,| Наполнение по Nammo 2024 | Взрывчатое наполнение по описанию изделия; точная марка состава не указана | ; | Масса отдельного наполнения по Nammo 2024 | На выбранной странице отдельно не приведена |,checked_v163
ordnance-v29-ga-0412,20×102 MP M70A2,AMMUNITION,| Наполнение по Nammo 2024 | Взрывчатое наполнение по описанию изделия; точная марка состава не указана | ; | Масса отдельного наполнения по Nammo 2024 | На выбранной странице отдельно не приведена |,checked_v163
ordnance-v29-ga-0413,20×102 TP LD M12,AMMUNITION,| Наполнение по Nammo 2024 | Учебное исполнение; точная марка отдельного наполнения на странице не указана | ; | Масса отдельного наполнения по Nammo 2024 | На выбранной странице отдельно не приведена |,checked_v163
ordnance-v29-ga-0414,20×102 TP-RRR LD,AMMUNITION,| Наполнение по Nammo 2024 | Учебное исполнение; точная марка отдельного наполнения на странице не указана | ; | Масса отдельного наполнения по Nammo 2024 | На выбранной странице отдельно не приведена |,checked_v163
ordnance-v29-ga-0415,20×102 TP-T LD M13,AMMUNITION,| Наполнение по Nammo 2024 | Учебное исполнение; точная марка отдельного наполнения на странице не указана | ; | Масса отдельного наполнения по Nammo 2024 | На выбранной странице отдельно не приведена |,checked_v163
ordnance-v29-ga-0416,20×128 API-T,AMMUNITION,| Наполнение по Nammo 2024 | Взрывчатое и/или зажигательное наполнение по классу изделия; точная марка не указана | ; | Масса отдельного наполнения по Nammo 2024 | На выбранной странице отдельно не приведена |,checked_v163
ordnance-v29-ga-0417,20×128 HEI/SD,AMMUNITION,| Наполнение по Nammo 2024 | Взрывчатое и/или зажигательное наполнение по классу изделия; точная марка не указана | ; | Масса отдельного наполнения по Nammo 2024 | На выбранной странице отдельно не приведена |,checked_v163
ordnance-v29-ga-0418,20×128 TP,AMMUNITION,| Наполнение по Nammo 2024 | Учебное исполнение; точная марка отдельного наполнения на странице не указана | ; | Масса отдельного наполнения по Nammo 2024 | На выбранной странице отдельно не приведена |,checked_v163
ordnance-v29-ga-0419,20×139 MP-T SD,AMMUNITION,| Наполнение по Nammo 2024 | Взрывчатое наполнение по описанию изделия; точная марка состава не указана | ; | Масса отдельного наполнения по Nammo 2024 | На выбранной странице отдельно не приведена |,checked_v163
ordnance-v29-ga-0420,25×137 APEX,AMMUNITION,| Наполнение по Nammo 2024 | Взрывчатое наполнение по описанию изделия; точная марка состава не указана | ; | Масса отдельного наполнения по Nammo 2024 | На выбранной странице отдельно не приведена |,checked_v163
ordnance-v29-ga-0421,25×137 HEI,AMMUNITION,| Наполнение по Nammo 2024 | Взрывчатое и/или зажигательное наполнение по классу изделия; точная марка не указана | ; | Масса отдельного наполнения по Nammo 2024 | На выбранной странице отдельно не приведена |,checked_v163
ordnance-v29-ga-0422,25×137 HEI-T,AMMUNITION,| Наполнение по Nammo 2024 | Взрывчатое и/или зажигательное наполнение по классу изделия; точная марка не указана | ; | Масса отдельного наполнения по Nammo 2024 | На выбранной странице отдельно не приведена |,checked_v163
ordnance-v29-ga-0423,25×137 HEI/SD,AMMUNITION,| Наполнение по Nammo 2024 | Взрывчатое и/или зажигательное наполнение по классу изделия; точная марка не указана | ; | Масса отдельного наполнения по Nammo 2024 | На выбранной странице отдельно не приведена |,checked_v163
ordnance-v29-ga-0424,25×137 MP-T SD,AMMUNITION,| Наполнение по Nammo 2024 | Взрывчатое наполнение по описанию изделия; точная марка состава не указана | ; | Масса отдельного наполнения по Nammo 2024 | На выбранной странице отдельно не приведена |,checked_v163
ordnance-v29-ga-0425,25×137 SAPHEI-T,AMMUNITION,| Наполнение по Nammo 2024 | Взрывчатое и/или зажигательное наполнение по классу изделия; точная марка не указана | ; | Масса отдельного наполнения по Nammo 2024 | На выбранной странице отдельно не приведена |,checked_v163
ordnance-v29-ga-0426,25×137 SAPHEI/SD,AMMUNITION,| Наполнение по Nammo 2024 | Взрывчатое и/или зажигательное наполнение по классу изделия; точная марка не указана | ; | Масса отдельного наполнения по Nammo 2024 | На выбранной странице отдельно не приведена |,checked_v163
ordnance-v29-ga-0427,25×137 TP,AMMUNITION,| Наполнение по Nammo 2024 | Учебное исполнение; точная марка отдельного наполнения на странице не указана | ; | Масса отдельного наполнения по Nammo 2024 | На выбранной странице отдельно не приведена |,checked_v163
ordnance-v29-ga-0428,25×137 TP-RRR,AMMUNITION,| Наполнение по Nammo 2024 | Учебное исполнение; точная марка отдельного наполнения на странице не указана | ; | Масса отдельного наполнения по Nammo 2024 | На выбранной странице отдельно не приведена |,checked_v163
ordnance-v29-ga-0429,25×137 TP-T,AMMUNITION,| Наполнение по Nammo 2024 | Учебное исполнение; точная марка отдельного наполнения на странице не указана | ; | Масса отдельного наполнения по Nammo 2024 | На выбранной странице отдельно не приведена |,checked_v163
ordnance-v29-ga-0430,25×137 TP-T RRR,AMMUNITION,| Наполнение по Nammo 2024 | Учебное исполнение; точная марка отдельного наполнения на странице не указана | ; | Масса отдельного наполнения по Nammo 2024 | На выбранной странице отдельно не приведена |,checked_v163
ordnance-v29-ga-0431,27×145 MP,AMMUNITION,| Наполнение по Nammo 2024 | Взрывчатое наполнение по описанию изделия; точная марка состава не указана | ; | Масса отдельного наполнения по Nammo 2024 | На выбранной странице отдельно не приведена |,checked_v163
ordnance-v29-ga-0432,27×145 TP-RRR,AMMUNITION,| Наполнение по Nammo 2024 | Учебное исполнение; точная марка отдельного наполнения на странице не указана | ; | Масса отдельного наполнения по Nammo 2024 | На выбранной странице отдельно не приведена |,checked_v163
ordnance-v29-ga-0433,30×113 TP,AMMUNITION,| Наполнение по Nammo 2024 | Учебное исполнение; точная марка отдельного наполнения на странице не указана | ; | Масса отдельного наполнения по Nammo 2024 | На выбранной странице отдельно не приведена |,checked_v163
ordnance-v29-ga-0434,30×113 TP-T,AMMUNITION,| Наполнение по Nammo 2024 | Учебное исполнение; точная марка отдельного наполнения на странице не указана | ; | Масса отдельного наполнения по Nammo 2024 | На выбранной странице отдельно не приведена |,checked_v163
ordnance-v29-ga-0435,30×173 APDS-T,AMMUNITION,| Наполнение по Nammo 2024 | Кинетический снаряд; отдельное основное ВВ на странице не указано | ; | Масса отдельного наполнения по Nammo 2024 | На выбранной странице отдельно не приведена |,checked_v163
ordnance-v29-ga-0436,30×173 APFSDS-T,AMMUNITION,| Наполнение по Nammo 2024 | Кинетический снаряд; отдельное основное ВВ на странице не указано | ; | Масса отдельного наполнения по Nammo 2024 | На выбранной странице отдельно не приведена |,checked_v163
ordnance-v29-ga-0437,30×173 HEI,AMMUNITION,| Наполнение по Nammo 2024 | Взрывчатое и/или зажигательное наполнение по классу изделия; точная марка не указана | ; | Масса отдельного наполнения по Nammo 2024 | На выбранной странице отдельно не приведена |,checked_v163
ordnance-v29-ga-0438,30×173 HEI-T,AMMUNITION,| Наполнение по Nammo 2024 | Взрывчатое и/или зажигательное наполнение по классу изделия; точная марка не указана | ; | Масса отдельного наполнения по Nammo 2024 | На выбранной странице отдельно не приведена |,checked_v163
ordnance-v29-ga-0439,30×173 HEI/SD,AMMUNITION,| Наполнение по Nammo 2024 | Взрывчатое и/или зажигательное наполнение по классу изделия; точная марка не указана | ; | Масса отдельного наполнения по Nammo 2024 | На выбранной странице отдельно не приведена |,checked_v163
ordnance-v29-ga-0440,30×173 MP-T/SD,AMMUNITION,| Наполнение по Nammo 2024 | Взрывчатое наполнение по описанию изделия; точная марка состава не указана | ; | Масса отдельного наполнения по Nammo 2024 | На выбранной странице отдельно не приведена |,checked_v163
ordnance-v29-ga-0441,30×173 PSRTA-T,AMMUNITION,| Наполнение по Nammo 2024 | Учебное исполнение; точная марка отдельного наполнения на странице не указана | ; | Масса отдельного наполнения по Nammo 2024 | На выбранной странице отдельно не приведена |,checked_v163
ordnance-v29-ga-0442,30×173 SAPHEI/SD,AMMUNITION,| Наполнение по Nammo 2024 | Взрывчатое и/или зажигательное наполнение по классу изделия; точная марка не указана | ; | Масса отдельного наполнения по Nammo 2024 | На выбранной странице отдельно не приведена |,checked_v163
ordnance-v29-ga-0443,30×173 TP-T,AMMUNITION,| Наполнение по Nammo 2024 | Учебное исполнение; точная марка отдельного наполнения на странице не указана | ; | Масса отдельного наполнения по Nammo 2024 | На выбранной странице отдельно не приведена |,checked_v163
ordnance-v29-ga-0444,30×173 TPDS-T,AMMUNITION,| Наполнение по Nammo 2024 | Кинетический снаряд; отдельное основное ВВ на странице не указано | ; | Масса отдельного наполнения по Nammo 2024 | На выбранной странице отдельно не приведена |,checked_v163
ordnance-v29-ga-0445,35×228 HEI/SD,AMMUNITION,| Наполнение по Nammo 2024 | Взрывчатое и/или зажигательное наполнение по классу изделия; точная марка не указана | ; | Масса отдельного наполнения по Nammo 2024 | На выбранной странице отдельно не приведена |,checked_v163
ordnance-v29-ga-0446,35×228 SAPHEI/SD,AMMUNITION,| Наполнение по Nammo 2024 | Взрывчатое и/или зажигательное наполнение по классу изделия; точная марка не указана | ; | Масса отдельного наполнения по Nammo 2024 | На выбранной странице отдельно не приведена |,checked_v163
ordnance-v29-ga-0447,35×228 TP,AMMUNITION,| Наполнение по Nammo 2024 | Учебное исполнение; точная марка отдельного наполнения на странице не указана | ; | Масса отдельного наполнения по Nammo 2024 | На выбранной странице отдельно не приведена |,checked_v163
ordnance-v29-ga-0448,35×228 TP-T,AMMUNITION,| Наполнение по Nammo 2024 | Учебное исполнение; точная марка отдельного наполнения на странице не указана | ; | Масса отдельного наполнения по Nammo 2024 | На выбранной странице отдельно не приведена |,checked_v163
ordnance-v29-ga-0449,40 L/70 HE-T,AMMUNITION,| Наполнение по Nammo 2024 | Взрывчатое наполнение по описанию изделия; точная марка состава не указана | ; | Масса отдельного наполнения по Nammo 2024 | На выбранной странице отдельно не приведена |,checked_v163
ordnance-v29-ga-0450,40 L/70 TP-T,AMMUNITION,| Наполнение по Nammo 2024 | Учебное исполнение; точная марка отдельного наполнения на странице не указана | ; | Масса отдельного наполнения по Nammo 2024 | На выбранной странице отдельно не приведена |,checked_v163
ordnance-v29-ga-0451,40×53 HE,AMMUNITION,| Наполнение по Nammo 2024 | Взрывчатое наполнение по описанию изделия; точная марка состава не указана | ; | Масса отдельного наполнения по Nammo 2024 | На выбранной странице отдельно не приведена |,checked_v163
ordnance-v29-ga-0452,40×53 HE-SD,AMMUNITION,| Наполнение по Nammo 2024 | Взрывчатое наполнение по описанию изделия; точная марка состава не указана | ; | Масса отдельного наполнения по Nammo 2024 | На выбранной странице отдельно не приведена |,checked_v163
ordnance-v29-ga-0453,40×53 HEDP,AMMUNITION,| Наполнение по Nammo 2024 | Взрывчатое наполнение по описанию изделия; точная марка состава не указана | ; | Масса отдельного наполнения по Nammo 2024 | На выбранной странице отдельно не приведена |,checked_v163
ordnance-v29-ga-0454,40×53 HEDP-AB,AMMUNITION,| Наполнение по Nammo 2024 | Взрывчатое наполнение по описанию изделия; точная марка состава не указана | ; | Масса отдельного наполнения по Nammo 2024 | На выбранной странице отдельно не приведена |,checked_v163
ordnance-v29-ga-0455,40×53 HEDP-RF,AMMUNITION,| Наполнение по Nammo 2024 | Взрывчатое наполнение по описанию изделия; точная марка состава не указана | ; | Масса отдельного наполнения по Nammo 2024 | На выбранной странице отдельно не приведена |,checked_v163
ordnance-v29-ga-0456,40×53 HEDP-SD,AMMUNITION,| Наполнение по Nammo 2024 | Взрывчатое наполнение по описанию изделия; точная марка состава не указана | ; | Масса отдельного наполнения по Nammo 2024 | На выбранной странице отдельно не приведена |,checked_v163
ordnance-v29-ga-0457,40×53 TP,AMMUNITION,| Наполнение по Nammo 2024 | Учебное исполнение; точная марка отдельного наполнения на странице не указана | ; | Масса отдельного наполнения по Nammo 2024 | На выбранной странице отдельно не приведена |,checked_v163
ordnance-v29-ga-0458,40×53 TP-T,AMMUNITION,| Наполнение по Nammo 2024 | Учебное исполнение; точная марка отдельного наполнения на странице не указана | ; | Масса отдельного наполнения по Nammo 2024 | На выбранной странице отдельно не приведена |,checked_v163
ordnance-v29-ga-0459,40×53 TPM-T,AMMUNITION,"| Наполнение по Nammo 2024 | Учебное маркерное наполнение; оранжевая сигнатура, точная марка состава не дана | ; | Масса отдельного наполнения по Nammo 2024 | На выбранной странице отдельно не приведена |",checked_v163
ordnance-v29-ga-0460,57 L/70 HE,AMMUNITION,| Наполнение по Nammo 2024 | Взрывчатое наполнение по описанию изделия; точная марка состава не указана | ; | Масса отдельного наполнения по Nammo 2024 | На выбранной странице отдельно не приведена |,checked_v163
ordnance-v29-ga-0461,57 L/70 TP,AMMUNITION,| Наполнение по Nammo 2024 | Учебное исполнение; точная марка отдельного наполнения на странице не указана | ; | Масса отдельного наполнения по Nammo 2024 | На выбранной странице отдельно не приведена |,checked_v163
ordnance-v29-ga-0462,105 мм DM128,AMMUNITION,| Наполнение / материал по TM 43-0001-28 | Стальной учебный сердечник | ; | Масса отдельного наполнения по TM 43-0001-28 | Отдельная масса основного ВВ или материала на выбранных страницах не дана |,checked_v163
ordnance-v29-ga-0463,105 мм M392,AMMUNITION,| Наполнение / материал по TM 43-0001-28 | Карбид-вольфрамовый сердечник | ; | Масса отдельного наполнения по TM 43-0001-28 | Отдельная масса основного ВВ или материала на выбранных страницах не дана |,checked_v163
ordnance-v29-ga-0464,105 мм M392A2,AMMUNITION,| Наполнение / материал по TM 43-0001-28 | Карбид-вольфрамовый сердечник | ; | Масса отдельного наполнения по TM 43-0001-28 | Отдельная масса основного ВВ или материала на выбранных страницах не дана |,checked_v163
ordnance-v29-ga-0465,105 мм M393,AMMUNITION,"| Боевой M393A2: масса основного ВВ | 6,6 lb (≈2,994 кг) | ; | Боевой M393A2: марка основного ВВ | Composition A3 по описанию; в таблице сокращено Comp A | ; | Боевой M393A1: масса основного ВВ | 6,3 lb (≈2,858 кг); в таблице Comp A | ; | Учебный TP-T M393A1: основное наполнение | Инертное E (inert); боевое ВВ ему не назначено |",checked_v176
ordnance-v29-ga-0466,105 мм M393A1,AMMUNITION,"| Наполнение / материал по TM 43-0001-28 | HEP-T: Composition A3 по описанию; TP-T: E (inert), отдельное учебное исполнение | ; | Масса отдельного наполнения по TM 43-0001-28 | HEP-T: 6,3 lb (≈2857,6 г); масса инертного наполнения TP-T не указана |",checked_v163
ordnance-v29-ga-0467,105 мм M393A2,AMMUNITION,"| Наполнение / материал по TM 43-0001-28 | Composition A3 по описанию; в таблице сокращено до Comp A | ; | Масса отдельного наполнения по TM 43-0001-28 | 6,6 lb (≈2993,7 г) |",checked_v163
ordnance-v29-ga-0468,105 мм M416,AMMUNITION,"| Тип основного наполнения по TM 43-0001-28 | Белый фосфор (WP) | ; | Масса основного наполнения по TM 43-0001-28 | 6 lb (≈2721,6 г) |",checked_v162
ordnance-v29-ga-0469,105 мм M456,AMMUNITION,"| Тип основного наполнения по TM 43-0001-28 | Composition B | ; | Масса основного наполнения по TM 43-0001-28 | 2,14 lb (≈970,7 г) |",checked_v162
ordnance-v29-ga-0470,105 мм M456A1,AMMUNITION,"| Тип основного наполнения по TM 43-0001-28 | Composition B | ; | Масса основного наполнения по TM 43-0001-28 | 2,14 lb (≈970,7 г) |",checked_v162
ordnance-v29-ga-0471,105 мм M456A2,AMMUNITION,"| Тип основного наполнения по TM 43-0001-28 | Composition B | ; | Масса основного наполнения по TM 43-0001-28 | 2,14 lb (≈970,7 г) |",checked_v162
ordnance-v29-ga-0472,105 мм M457,AMMUNITION,| Тип основного наполнения по TM 43-0001-28 | Полностью инертный учебный макет M457 | ; | Масса основного наполнения по TM 43-0001-28 | Отдельное энергетическое наполнение не предусмотрено |,checked_v162
ordnance-v29-ga-0473,105 мм M467,AMMUNITION,| Наполнение / материал по TM 43-0001-28 | Стальной учебный снаряд | ; | Масса отдельного наполнения по TM 43-0001-28 | Отдельная масса основного ВВ или материала на выбранных страницах не дана |,checked_v163
ordnance-v29-ga-0474,105 мм M490,AMMUNITION,| Тип основного наполнения по TM 43-0001-28 | Отдельный тип наполнения в статье не указан | ; | Масса основного наполнения по TM 43-0001-28 | На выбранных страницах не приведена |,checked_v162
ordnance-v29-ga-0475,105 мм M490A1,AMMUNITION,| Тип основного наполнения по TM 43-0001-28 | Отдельный тип наполнения в статье не указан | ; | Масса основного наполнения по TM 43-0001-28 | На выбранных страницах не приведена |,checked_v162
ordnance-v29-ga-0476,105 мм M494,AMMUNITION,"| Наполнение / материал по TM 43-0001-28 | Металлические элементы; не основное ВВ | ; | Масса отдельного наполнения по TM 43-0001-28 | 9,2 lb (≈4173,0 г) |",checked_v163
ordnance-v29-ga-0477,105 мм M724,AMMUNITION,| Наполнение / материал по TM 43-0001-28 | Стальной учебный снаряд | ; | Масса отдельного наполнения по TM 43-0001-28 | Отдельная масса основного ВВ или материала на выбранных страницах не дана |,checked_v163
ordnance-v29-ga-0478,105 мм M724A1,AMMUNITION,| Наполнение / материал по TM 43-0001-28 | Стальной учебный снаряд | ; | Масса отдельного наполнения по TM 43-0001-28 | Отдельная масса основного ВВ или материала на выбранных страницах не дана |,checked_v163
ordnance-v29-ga-0479,105 мм M728,AMMUNITION,| Наполнение / материал по TM 43-0001-28 | Вольфрамовый металлический сердечник | ; | Масса отдельного наполнения по TM 43-0001-28 | Отдельная масса основного ВВ или материала на выбранных страницах не дана |,checked_v163
ordnance-v29-ga-0480,105 мм M735,AMMUNITION,| Наполнение / материал по TM 43-0001-28 | Вольфрамовый сердечник | ; | Масса отдельного наполнения по TM 43-0001-28 | Отдельная масса основного ВВ или материала на выбранных страницах не дана |,checked_v163
ordnance-v29-ga-0481,105 мм M774,AMMUNITION,| Наполнение / материал по TM 43-0001-28 | Сердечник из обеднённого урана | ; | Масса отдельного наполнения по TM 43-0001-28 | Отдельная масса основного ВВ или материала на выбранных страницах не дана |,checked_v163
ordnance-v29-ga-0482,105 мм M833,AMMUNITION,| Наполнение / материал по TM 43-0001-28 | Сердечник из обеднённого урана | ; | Масса отдельного наполнения по TM 43-0001-28 | Отдельная масса основного ВВ или материала на выбранных страницах не дана |,checked_v163
ordnance-v29-ga-0483,105 мм M900,AMMUNITION,| Наполнение / материал по TM 43-0001-28 | Сердечник из обеднённого урана | ; | Масса отдельного наполнения по TM 43-0001-28 | Отдельная масса основного ВВ или материала на выбранных страницах не дана |,checked_v163
ordnance-v29-ga-0484,120 мм M829,AMMUNITION,| Наполнение / материал по TM 43-0001-28 | Сердечник из обеднённого урана | ; | Масса отдельного наполнения по TM 43-0001-28 | Отдельная масса основного ВВ или материала на выбранных страницах не дана |,checked_v163
ordnance-v29-ga-0485,120 мм M829A1,AMMUNITION,| Наполнение / материал по TM 43-0001-28 | Сердечник из обеднённого урана | ; | Масса отдельного наполнения по TM 43-0001-28 | Отдельная масса основного ВВ или материала на выбранных страницах не дана |,checked_v163
ordnance-v29-ga-0486,120 мм M829A2,AMMUNITION,| Наполнение / материал по TM 43-0001-28 | Сердечник из обеднённого урана; снаряд описан как inert | ; | Масса отдельного наполнения по TM 43-0001-28 | Отдельная масса основного ВВ или материала на выбранных страницах не дана |,checked_v163
ordnance-v29-ga-0487,120 мм M829A3,AMMUNITION,| Наполнение / материал по TM 43-0001-28 | Сердечник из обеднённого урана | ; | Масса отдельного наполнения по TM 43-0001-28 | Отдельная масса основного ВВ или материала на выбранных страницах не дана |,checked_v163
ordnance-v29-ga-0488,120 мм M830,AMMUNITION,"| Тип основного наполнения по TM 43-0001-28 | Composition A3, Type II | ; | Масса основного наполнения по TM 43-0001-28 | На выбранных страницах не приведена |",checked_v162
ordnance-v29-ga-0489,120 мм M830A1,AMMUNITION,"| Тип основного наполнения по TM 43-0001-28 | Composition A3, Type II | ; | Масса основного наполнения по TM 43-0001-28 | На выбранных страницах не приведена |",checked_v162
ordnance-v29-ga-0490,120 мм M831,AMMUNITION,| Тип основного наполнения по TM 43-0001-28 | Снаряд без основного взрывчатого наполнения | ; | Масса основного наполнения по TM 43-0001-28 | Отдельная масса инертного материала не дана |,checked_v162
ordnance-v29-ga-0491,120 мм M831A1,AMMUNITION,| Тип основного наполнения по TM 43-0001-28 | Снаряд без основного взрывчатого наполнения | ; | Масса основного наполнения по TM 43-0001-28 | Отдельная масса инертного материала не дана |,checked_v162
ordnance-v29-ga-0492,120 мм M908,AMMUNITION,"| Наполнение / материал по TM 43-0001-28 | Composition A3, Type II | ; | Масса отдельного наполнения по TM 43-0001-28 | Масса самого ВВ на выбранных страницах не приведена |",checked_v163
ordnance-v29-ga-0493,40 мм M1001,AMMUNITION,| Наполнение / материал по TM 43-0001-28 | Стальные элементы; не основное ВВ | ; | Масса отдельного наполнения по TM 43-0001-28 | Отдельная масса основного ВВ или материала на выбранных страницах не дана |,checked_v163
ordnance-v29-ga-0494,40 мм M811,AMMUNITION,| Тип основного наполнения по TM 43-0001-28 | OCTOL | ; | Масса основного наполнения по TM 43-0001-28 | 165 г |,checked_v162
ordnance-v29-ga-0495,40 мм M813,AMMUNITION,| Тип основного наполнения по TM 43-0001-28 | Инертный материал | ; | Масса основного наполнения по TM 43-0001-28 | На выбранных страницах не приведена |,checked_v162
ordnance-v29-ga-0496,40 мм M822,AMMUNITION,| Тип основного наполнения по TM 43-0001-28 | OCTOL | ; | Масса основного наполнения по TM 43-0001-28 | 120 г |,checked_v162
ordnance-v29-ga-0497,40 мм M91,AMMUNITION,| Тип основного наполнения по TM 43-0001-28 | Инертный материал | ; | Масса основного наполнения по TM 43-0001-28 | На выбранных страницах не приведена |,checked_v162
ordnance-v29-ga-0498,40 мм Mk 11,AMMUNITION,"| Тип основного наполнения по TM 43-0001-28 | TNT либо Tetryl — разные варианты | ; | Масса основного наполнения по TM 43-0001-28 | 0,14 lb (≈63,5 г) |",checked_v162
ordnance-v29-ga-0499,40 мм Mk 2 HE-T,AMMUNITION,"| Тип основного наполнения по TM 43-0001-28 | TNT либо Tetryl — разные варианты | ; | Масса основного наполнения по TM 43-0001-28 | 0,14 lb (≈63,5 г) |",checked_v162
ordnance-v29-ga-0500,76 мм M319,AMMUNITION,| Наполнение / материал по TM 43-0001-28 | Карбид-вольфрамовый сердечник | ; | Масса отдельного наполнения по TM 43-0001-28 | Отдельная масса основного ВВ или материала на выбранных страницах не дана |,checked_v163
ordnance-v29-ga-0501,76 мм M331A1,AMMUNITION,| Наполнение / материал по TM 43-0001-28 | Карбид-вольфрамовый сердечник | ; | Масса отдельного наполнения по TM 43-0001-28 | Отдельная масса основного ВВ или материала на выбранных страницах не дана |,checked_v163
ordnance-v29-ga-0502,76 мм M331A2,AMMUNITION,| Наполнение / материал по TM 43-0001-28 | Карбид-вольфрамовый сердечник | ; | Масса отдельного наполнения по TM 43-0001-28 | Отдельная масса основного ВВ или материала на выбранных страницах не дана |,checked_v163
ordnance-v29-ga-0503,76 мм M339,AMMUNITION,| Тип основного наполнения по TM 43-0001-28 | Кинетический снаряд со стальным/карбид-вольфрамовым телом; отдельное основное ВВ не указано | ; | Масса основного наполнения по TM 43-0001-28 | На выбранных страницах не приведена |,checked_v162
ordnance-v29-ga-0504,76 мм M340,AMMUNITION,| Тип основного наполнения по TM 43-0001-28 | Отдельный тип основного наполнения в статье не указан | ; | Масса основного наполнения по TM 43-0001-28 | На выбранных страницах не приведена |,checked_v162
ordnance-v29-ga-0505,76 мм M340A1,AMMUNITION,| Тип основного наполнения по TM 43-0001-28 | Отдельный тип основного наполнения в статье не указан | ; | Масса основного наполнения по TM 43-0001-28 | На выбранных страницах не приведена |,checked_v162
ordnance-v29-ga-0506,76 мм M352,AMMUNITION,"| Тип основного наполнения по TM 43-0001-28 | Composition B | ; | Масса основного наполнения по TM 43-0001-28 | 1,46 lb (≈662,2 г) |",checked_v162
ordnance-v29-ga-0507,76 мм M355A2,AMMUNITION,"| Тип основного наполнения по TM 43-0001-28 | Чёрный порох (BP) — наполнение холостого выстрела | ; | Масса основного наполнения по TM 43-0001-28 | 1 lb (≈453,6 г) |",checked_v162
ordnance-v29-ga-0508,76 мм M361,AMMUNITION,"| Тип основного наполнения по TM 43-0001-28 | Белый фосфор (WP) | ; | Масса основного наполнения по TM 43-0001-28 | 1,38 lb (≈626,0 г) | ; | Тип дополнительного ВВ по таблице | Tetrytol | ; | Масса дополнительного ВВ по таблице | 1,2 oz (≈34,0 г) |",checked_v162
ordnance-v29-ga-0509,76 мм M361A1,AMMUNITION,"| Тип основного наполнения по TM 43-0001-28 | Белый фосфор (WP) | ; | Масса основного наполнения по TM 43-0001-28 | 1,38 lb (≈626,0 г) | ; | Тип дополнительного ВВ по таблице | Tetrytol | ; | Масса дополнительного ВВ по таблице | 1,2 oz (≈34,0 г) |",checked_v162
ordnance-v29-ga-0510,76 мм M363,AMMUNITION,"| Наполнение / материал по TM 43-0001-28 | Стальные элементы; не основное ВВ | ; | Масса отдельного наполнения по TM 43-0001-28 | 9 lb (≈4082,3 г) |",checked_v163
ordnance-v29-ga-0511,76 мм M496,AMMUNITION,"| Тип основного наполнения по TM 43-0001-28 | Composition B | ; | Масса основного наполнения по TM 43-0001-28 | 1,1 lb (≈499,0 г) |",checked_v162
ordnance-v29-ga-0512,90 мм M313,AMMUNITION,"| Тип основного наполнения по TM 43-0001-28 | Белый фосфор (WP) | ; | Масса основного наполнения по TM 43-0001-28 | 1,97 lb (≈893,6 г) | ; | Тип дополнительного ВВ по таблице | Tetrytol | ; | Масса дополнительного ВВ по таблице | 2,33 oz (≈66,1 г) |",checked_v162
ordnance-v29-ga-0513,90 мм M313C,AMMUNITION,"| Тип основного наполнения по TM 43-0001-28 | Белый фосфор (WP) | ; | Масса основного наполнения по TM 43-0001-28 | 1,97 lb (≈893,6 г) | ; | Тип дополнительного ВВ по таблице | Tetrytol | ; | Масса дополнительного ВВ по таблице | 2,33 oz (≈66,1 г) |",checked_v162
ordnance-v29-ga-0514,90 мм M318,AMMUNITION,| Тип основного наполнения по TM 43-0001-28 | Кинетический стальной снаряд; отдельное основное ВВ не указано | ; | Масса основного наполнения по TM 43-0001-28 | На выбранных страницах не приведена |,checked_v162
ordnance-v29-ga-0515,90 мм M318A1,AMMUNITION,| Тип основного наполнения по TM 43-0001-28 | Кинетический стальной снаряд; отдельное основное ВВ не указано | ; | Масса основного наполнения по TM 43-0001-28 | На выбранных страницах не приведена |,checked_v162
ordnance-v29-ga-0516,90 мм M332A1,AMMUNITION,| Наполнение / материал по TM 43-0001-28 | Карбид-вольфрамовый сердечник | ; | Масса отдельного наполнения по TM 43-0001-28 | Отдельная масса основного ВВ или материала на выбранных страницах не дана |,checked_v163
ordnance-v29-ga-0517,90 мм M336,AMMUNITION,"| Тип основного наполнения по TM 43-0001-28 | Металлическое наполнение; не основное ВВ | ; | Масса основного наполнения по TM 43-0001-28 | 14,9 lb (≈6758,5 г) |",checked_v162
ordnance-v29-ga-0518,90 мм M348,AMMUNITION,"| Тип основного наполнения по TM 43-0001-28 | Composition B | ; | Масса основного наполнения по TM 43-0001-28 | 1,56 lb (≈707,6 г) |",checked_v162
ordnance-v29-ga-0519,90 мм M348A1,AMMUNITION,"| Тип основного наполнения по TM 43-0001-28 | Composition B | ; | Масса основного наполнения по TM 43-0001-28 | 1,56 lb (≈707,6 г) |",checked_v162
ordnance-v29-ga-0520,90 мм M353,AMMUNITION,| Тип основного наполнения по TM 43-0001-28 | Отдельный тип основного наполнения в статье не указан | ; | Масса основного наполнения по TM 43-0001-28 | На выбранных страницах не приведена |,checked_v162
ordnance-v29-ga-0521,90 мм M353A1,AMMUNITION,| Тип основного наполнения по TM 43-0001-28 | Отдельный тип основного наполнения в статье не указан | ; | Масса основного наполнения по TM 43-0001-28 | На выбранных страницах не приведена |,checked_v162
ordnance-v29-ga-0522,90 мм M353A2,AMMUNITION,| Тип основного наполнения по TM 43-0001-28 | Отдельный тип основного наполнения в статье не указан | ; | Масса основного наполнения по TM 43-0001-28 | На выбранных страницах не приведена |,checked_v162
ordnance-v29-ga-0523,90 мм M377,AMMUNITION,"| Тип основного наполнения по TM 43-0001-28 | Металлическое наполнение; не основное ВВ | ; | Масса основного наполнения по TM 43-0001-28 | 6,8 lb (≈3084,4 г) |",checked_v162
ordnance-v29-ga-0524,90 мм M394,AMMUNITION,"| Тип основного наполнения по TM 43-0001-28 | Пиротехническое наполнение холостого выстрела; точная марка не дана | ; | Масса основного наполнения по TM 43-0001-28 | 1,75 lb (≈793,8 г) |",checked_v162
ordnance-v29-ga-0525,90 мм M431,AMMUNITION,"| Тип основного наполнения по TM 43-0001-28 | Composition B | ; | Масса основного наполнения по TM 43-0001-28 | 1,2 lb (≈544,3 г) |",checked_v162
ordnance-v29-ga-0526,90 мм M431A1,AMMUNITION,"| Тип основного наполнения по TM 43-0001-28 | Composition B | ; | Масса основного наполнения по TM 43-0001-28 | 1,2 lb (≈544,3 г) |",checked_v162
ordnance-v29-ga-0527,90 мм M431A2,AMMUNITION,"| Тип основного наполнения по TM 43-0001-28 | Composition B | ; | Масса основного наполнения по TM 43-0001-28 | 1,2 lb (≈544,3 г) |",checked_v162
ordnance-v29-ga-0528,90 мм M580,AMMUNITION,"| Наполнение / материал по TM 43-0001-28 | Металлические элементы; не основное ВВ | ; | Масса отдельного наполнения по TM 43-0001-28 | 4,5 lb (≈2041,2 г) |",checked_v163
ordnance-v29-ga-0529,90 мм M71,AMMUNITION,"| Тип основного наполнения по TM 43-0001-28 | Composition B | ; | Масса основного наполнения по TM 43-0001-28 | 2,15 lb (≈975,2 г) |",checked_v162
ordnance-v29-ga-0530,90 мм M71A1,AMMUNITION,"| Тип основного наполнения по TM 43-0001-28 | Composition B | ; | Масса основного наполнения по TM 43-0001-28 | 2,15 lb (≈975,2 г) |",checked_v162
ordnance-v29-ga-0531,90 мм M77,AMMUNITION,| Наполнение / материал по TM 43-0001-28 | Стальной кинетический снаряд | ; | Масса отдельного наполнения по TM 43-0001-28 | Отдельная масса основного ВВ или материала на выбранных страницах не дана |,checked_v163
ordnance-v29-ga-0532,90 мм M82,AMMUNITION,"| Тип основного наполнения по TM 43-0001-28 | Explosive D | ; | Масса основного наполнения по TM 43-0001-28 | 0,31 lb (≈140,6 г) |",checked_v162
ordnance-v29-ga-0533,105 мм tank MKE family,AMMUNITION,"| Тип основного / целевого наполнения | MOD 233 HE: TNT; MOD 234 TP: Sorel cement | ; | Масса основного / целевого наполнения | MOD 233: ≈1,99 кг; отдельная масса наполнителя MOD 234 не дана |",checked_v168
ordnance-v29-ga-0534,120 мм tank MKE family,AMMUNITION,| Тип основного / целевого наполнения | MOD 300 HE-T: TNT; MOD 310 HEAT-MP-T: RDX; MOD 301 TP-T: Sorel cement; MOD 290 APFSDS-T: кинетический снаряд | ; | Масса основного / целевого наполнения | MOD 300: 4 240 г; MOD 310: 1 760 г; инертный наполнитель MOD 301: 4 200 г; для MOD 290 основной фугасный заряд неприменим |,checked_v168
ordnance-v29-ga-0535,25 мм MKE family,AMMUNITION,| Тип основного / целевого наполнения | M792 HEI-T: AXM-001; M793 TP-T и M791 APDS-T — иные исполнения | ; | Масса основного / целевого наполнения | Отдельно не опубликована в выбранной таблице |,checked_v168
ordnance-v29-ga-0536,35 мм MKE family,AMMUNITION,| Тип основного / целевого наполнения | MSD 020 HE-I: Hexal; учебные ULD 034 и WK MAD 356 — отдельные исполнения | ; | Масса основного / целевого наполнения | MSD 020: 112 г |,checked_v168
ordnance-v29-ga-0537,105 mm TK family,AMMUNITION,"| Наполнение снаряда | В этой таблице отдельно не указано | ; | Наполнение снаряда (Projectile filling) | 2,0 кг | ; | Наполнение снаряда (Projectile filling) | 1,1 кг | ; | Наполнение снаряда (Projectile filling) | 2,6 кг | ; | Наполнение снаряда (Projectile filling) | 3,0 кг | ; | Наполнение снаряда | В этой таблице отдельно не указано | ; | Наполнение снаряда | В этой таблице отдельно не указано | ; | Наполнение снаряда | В этой таблице отдельно не указано | ; | Наполнение снаряда | В этой таблице отдельно не указано |",checked_v167
ordnance-v29-ga-0538,120 mm SHARD,AMMUNITION,| Тип основного / целевого наполнения | Кинетический вольфрамовый сердечник; основное ВВ тела неприменимо | ; | Масса основного / целевого наполнения | Основное взрывчатое наполнение сердечника неприменимо |,checked_v165
ordnance-v29-ga-0539,127 mm L54 naval family,AMMUNITION,"| Наполнение снаряда (Projectile filling) | 3,7 кг | ; | Наполнение снаряда (Projectile filling) | 3,8 кг | ; | Наполнение снаряда (Projectile filling) | 3,7 кг | ; | Наполнение снаряда (Projectile filling) | 4,2 кг | ; | Наполнение снаряда | В этой таблице отдельно не указано | ; | Наполнение снаряда | В этой таблице отдельно не указано |",checked_v167
ordnance-v29-ga-0540,20×102 mm KNDS family,AMMUNITION,| Наполнение снаряда | В этой таблице отдельно не указано | ; | Наполнение снаряда (Projectile filling) | 9 г | ; | Наполнение снаряда | В этой таблице отдельно не указано |,checked_v167
ordnance-v29-ga-0541,20×139 mm KNDS family,AMMUNITION,| Наполнение снаряда (Projectile filling) | 9 г | ; | Наполнение снаряда (Projectile filling) | 6 г | ; | Наполнение снаряда | В этой таблице отдельно не указано | ; | Наполнение снаряда | В этой таблице отдельно не указано |,checked_v167
ordnance-v29-ga-0542,25×137 mm KNDS family,AMMUNITION,| Наполнение снаряда | В этой таблице отдельно не указано | ; | Наполнение снаряда (Projectile filling) | 27 г | ; | Наполнение снаряда | В этой таблице отдельно не указано | ; | Наполнение снаряда | В этой таблице отдельно не указано |,checked_v167
ordnance-v29-ga-0543,30×113 mm B KNDS family,AMMUNITION,| Наполнение снаряда (Projectile filling) | 16 г | ; | Наполнение снаряда (Projectile filling) | 25 г | ; | Наполнение снаряда (Projectile filling) | 25 г | ; | Наполнение снаряда | В этой таблице отдельно не указано |,checked_v165
ordnance-v29-ga-0544,30×150 mm KNDS family,AMMUNITION,| Наполнение снаряда (Projectile filling) | 30 г | ; | Наполнение снаряда | В этой таблице отдельно не указано |,checked_v167
ordnance-v29-ga-0545,30×173 mm KNDS family,AMMUNITION,| Наполнение снаряда | В этой таблице отдельно не указано | ; | Наполнение снаряда (Projectile filling) | 36 г | ; | Наполнение снаряда (Projectile filling) | Состав на основе RDX; отдельная масса не указана | ; | Наполнение снаряда | В этой таблице отдельно не указано | ; | Наполнение снаряда | В этой таблице отдельно не указано |,checked_v165
ordnance-v29-ga-0546,40 mm CTA family,AMMUNITION,| Наполнение снаряда | В этой таблице отдельно не указано | ; | Наполнение снаряда | В этой таблице отдельно не указано | ; | Наполнение снаряда | В этой таблице отдельно не указано |,checked_v167
ordnance-v29-ga-0547,76 mm L62 naval family,AMMUNITION,| Наполнение снаряда (Projectile filling) | 560 г | ; | Наполнение снаряда (Projectile filling) | 560 г | ; | Наполнение снаряда (Projectile filling) | 730 г | ; | Наполнение снаряда (Projectile filling) | 760 г | ; | Наполнение снаряда (Projectile filling) | 530 г | ; | Наполнение снаряда | В этой таблице отдельно не указано | ; | Наполнение снаряда | В этой таблице отдельно не указано |,checked_v165
ordnance-v29-ga-0548,90 mm MK8 family,AMMUNITION,"| Наполнение снаряда | В этой таблице отдельно не указано | ; | Наполнение снаряда (Projectile filling) | 1,9 кг | ; | Наполнение снаряда (Projectile filling) | 1,3 кг | ; | Наполнение снаряда | В этой таблице отдельно не указано | ; | Наполнение снаряда | В этой таблице отдельно не указано |",checked_v165
ordnance-v29-ga-0549,Что такое СВУ,AMMUNITION,"| Размеры, масса изделия и масса ВВ для категории | Единого числового значения нет |",checked_v181
ordnance-v29-ga-0550,Command-initiated IED (инициируемое командой),AMMUNITION,"| Размеры, масса изделия и масса ВВ для категории | Единого числового значения нет |",checked_v181
ordnance-v29-ga-0551,Time-initiated IED (инициируемое по времени),AMMUNITION,"| Размеры, масса изделия и масса ВВ для категории | Единого числового значения нет |",checked_v181
ordnance-v29-ga-0552,Victim-operated IED (инициируемое воздействием жертвы),AMMUNITION,"| Размеры, масса изделия и масса ВВ для категории | Единого числового значения нет |",checked_v181
ref-v211-m147,M147 — подрывное устройство,AMMUNITION,,not_reviewed_v211
ref-v211-m112,M112 — заряд,AMMUNITION,,not_reviewed_v211
ref-v211-m5-m5a1,M5 / M5A1 — семейство зарядов,AMMUNITION,,not_reviewed_v211
ref-v211-primasheet,Primasheet — листовой взрывчатый материал,AMMUNITION,,not_reviewed_v211
ref-v211-hexomax,Hexomax — пластичное взрывчатое вещество,AMMUNITION,,not_reviewed_v211
ref-v211-kemix-b,Kemix B — взрывчатое вещество,AMMUNITION,,not_reviewed_v211
